IMG_20161227_172439.jpg 0.07871969283994251 0.9821374882034015 0.009414715834413894 0.17064737721528384 -584.4382878925356 -53.466871448782285 -368.2353665037093
IMG_20161227_172448.jpg 0.11519360927639195 0.557272464624895 0.15823625434693567 0.8069319180470089 384.47169301135176 -225.46007673510482 -534.3234490969121
IMG_20161227_172456.jpg 0.025307087673707637 0.8239017513905067 0.012515135719470338 0.5660289981503203 -97.43396640618528 -37.647669466227086 -692.8372429365041
IMG_20161227_172504.jpg -0.010752055181574212 -0.06394039310522524 0.12871218515983293 0.9895601006660999 658.8117174612242 66.19203737681181 236.33933751233172
IMG_20161227_172513.jpg 0.09183049630251156 0.9949530499840842 -0.002419630278880684 0.040369959939505456 -675.4158742741481 -31.155448338932196 -213.90109659421879
IMG_20161227_172517.jpg 0.1213457111833005 0.8898577453872598 -0.06003495121712868 -0.4356882095995696 -550.4867747894871 120.59262214076246 429.9043568921033
IMG_20161227_172529.jpg 0.09034699978252764 0.49331924161505697 0.17109208824351874 0.8480572167154239 490.58014799178756 -189.92624992513205 -483.68893251099036
IMG_20161227_172558.jpg 0.11522914304133568 0.9888267709494166 -0.00436095759578072 0.0944713908892889 -669.6136100892865 -54.067995148696774 -318.119397515253
IMG_20161227_172604.jpg 0.13073036637116484 0.7071233875606389 -0.12060487691322828 -0.6843541113619273 -216.11918930116562 246.4161743977928 666.7850853038743
IMG_20161227_172616.jpg 0.14336020198231048 0.8034980060513396 -0.08941119876908338 -0.5708278587225649 -423.83772979680253 197.39701493658677 587.8910534066493
IMG_20161227_172620.jpg 0.1313094307470681 0.980257405221003 -0.025365627016372162 -0.14563597725951521 -750.8921115190366 14.509642025084366 23.577431847731166
IMG_20161227_172626.jpg 0.06515864284062267 0.7156934486151397 0.06683351779424224 0.6921492034032719 169.46996980650974 -136.33149412222457 -721.0703716271058
IMG_20161227_172633.jpg 0.009947884239598078 -0.016443963360538907 0.16156214129342428 0.9866753823668838 723.037625208241 49.993584079088805 208.16543651782797
IMG_20161227_172651.jpg 0.04658583447123281 0.41498154417826705 0.11150097861888916 0.9017691554855212 618.3470599424448 -101.92865687334422 -432.41234674505773
IMG_20161227_172658.jpg -0.08511523747001686 -0.6902487885102834 0.08908773616551682 0.7130044751440281 -156.17008247758957 181.72914432526554 721.6140038664571
IMG_20161227_172703.jpg -0.05957828412389441 -0.3995447203444012 0.13477582619862694 0.9047927504010208 365.0403298134517 193.97658593304527 638.512820224185
IMG_20161227_172723.jpg 0.08685405563273062 0.526527192300219 0.11366105986170096 0.8380373811827905 473.1175550757223 -183.71502268381226 -579.763982061542
IMG_20161227_172730.jpg -0.07893736180442354 -0.413395366794022 0.204887901607784 0.8836821325563582 362.12917267074766 281.2164739770624 621.0069535990446
IMG_20161227_172739.jpg 0.0650745596651045 0.7956251948139522 -0.05954189613781492 -0.5993334745081125 -367.5258971545334 124.49507011753037 668.2208675340788
IMG_20161227_172754.jpg -0.035028822990446996 -0.11733605671793415 0.17185688390265527 0.9774816841297125 697.8716400385102 131.88713725880328 304.8510041021436
IMG_20161227_172811.jpg 0.0022226599936437177 0.26146034360448533 0.039730709167153135 0.9643936018316654 727.8768777946809 -9.995178970430745 -262.15919351649194
IMG_20161227_172831.jpg 0.12360569973636966 0.7931736874171069 0.06277486523043142 0.5930062806388584 -101.36521661725021 -206.29960793381375 -741.1178403675315
IMG_20161227_172836.jpg 0.18705847682086074 0.9499936126160335 0.028142150026908678 0.24845378167792126 -609.6361150932242 -157.46290839948824 -453.6723397005538
IMG_20161227_172901.jpg 0.17056629692493488 0.8622121613229959 -0.08675060270098431 -0.4690113646288964 -506.6670106486873 210.32699509757254 544.3782560555563
IMG_20161227_172905.jpg 0.1640155269952276 0.984867520957644 0.008260458017241594 0.055377232691496525 -749.1573415290156 -64.87542582865636 -180.6347435371297
IMG_20161227_173025.jpg -0.134792178277983 -0.631403138791537 0.13754749483310866 0.7511603235424561 120.51237419119713 283.57915323624985 708.8337425469689
IMG_20161227_173032.jpg 0.07171320426985964 0.4914805873893506 0.11760814911504494 0.8599257943651314 397.7091566218845 -191.89222137076703 -635.2425531471589
IMG_20161227_173116.jpg 0.0626468847640322 0.835859999249674 -0.05162062073580619 -0.5429076726281801 -328.86279751801953 107.00394369525007 658.4129199865547
IMG_20161227_173123.jpg -0.033818082667318984 -0.27233950434960624 0.16090719045117363 0.9480487369942681 611.9388700010571 115.41228496667279 401.2956782666112
IMG_20161227_173132.jpg 0.1058260495610362 0.9933622531276932 -0.012966829206376129 -0.04317571812616632 -736.2367328749569 12.61960906964471 29.849462318403084
IMG_20161227_173137.jpg 0.13492743375292493 0.828199094736571 0.07694631358032554 0.5384794442917709 -270.1347313948188 -211.34795878178502 -652.262303227772
IMG_20161227_173141.jpg 0.10018113582571186 0.8565505132815614 -0.06782963496721608 -0.5016812721658831 -387.72618018572086 149.95060344460566 607.4005895113849
IMG_20161227_173158.jpg 0.11411336266167506 0.9932355729148344 -0.008847689858710909 -0.01956924992814675 -731.4692711469712 -0.8499348990538285 -22.065506102433282
IMG_20161227_173202.jpg 0.08465459806872447 0.9489254635944896 0.01742366075277145 0.30343117772203154 -565.9003168376121 -75.02820443257569 -460.23616759526516
IMG_20161227_173206.jpg 0.07670971721542867 0.5072101827603631 0.10825257368718481 0.8515484895641758 390.9985619012017 -175.43031338027714 -593.6508240593528
IMG_20161227_173209.jpg -0.003617813765620457 0.030634405215089772 0.1487098408969275 0.988399629634231 731.9889307390621 8.36736799933763 5.28558998778585
IMG_20161227_173326.jpg 0.027153131347789964 0.05553452662731009 0.15726214737016367 0.9856202315368814 788.3618278354497 -71.35795812835674 -99.50720542051711
IMG_20161227_190424.jpg 0.2023276912635179 0.9041759801216609 -0.07338071153028504 -0.3689777411908721 -529.2720214948658 226.46700092077816 528.981655793902
IMG_20161227_190941.jpg 0.21323056735498655 0.5992350924572193 0.22494489707977128 0.738139432892614 274.54021509270774 -386.6546443168363 -511.729612217465
IMG_20161227_190948.jpg 0.08132268137886149 0.9952818883810209 -0.01567446761977378 0.05054597134191131 -664.656576313004 -8.109549115833637 -216.4066590041265
IMG_20161227_190953.jpg 0.045413906019785885 0.8117883802095714 0.01767330450123024 0.5819148195438516 -80.53549289830474 -63.164136334296366 -692.5973762811527
IMG_20161227_191024.jpg 0.2009188584940596 0.7469109193283808 0.13382790544690792 0.6195528892783654 -15.918223663564012 -333.6179366006214 -631.719086343461
IMG_20161227_191029.jpg 0.050192006718725354 0.5482376348013788 0.059941895048892566 0.8326603313878266 391.9484812071384 -100.71986322051252 -589.1244438461666
IMG_20161227_191046.jpg 0.19800116136365148 0.8276271923126679 0.11379655642216306 0.5127173825703137 -215.49933858692287 -304.5867211548165 -617.5085153506602
IMG_20161227_191052.jpg 0.33275945920331673 0.9428489808649057 -0.008282927790096463 -0.01543809249709631 -715.4817455727631 -55.604788823714244 -72.65896207484978
IMG_20161227_191109.jpg 0.006938863800507183 0.17631326141903525 0.07217937935264612 0.9816596269650738 712.9885601101389 -16.634911950042724 -146.87238197574237
IMG_20161227_191118.jpg 0.04957303659992011 0.5732531354107082 0.05135338883858402 0.8162635519480508 345.63921968799076 -102.41621598059803 -638.7518873010787
IMG_20161227_191129.jpg 0.3319304996289274 0.9380985772082122 -0.031802425197156356 -0.09371130458806896 -731.2877517266269 21.51903249659269 35.37354645722962
IMG_20161227_191143.jpg 0.29816503472329403 0.9434586815392597 -0.003156385625673226 0.14482184064028822 -675.949697327172 -119.96110425065658 -279.65441592983086
IMG_20161227_191152.jpg 0.015474460586083615 0.30909134197268306 0.06263838644355406 0.9488411436751909 653.7372614577175 -42.88446175416046 -347.58347073882607
IMG_20161227_191156.jpg 0.0019630971015184434 0.0211413539989173 0.08170654474031129 0.9964302433926131 738.2649021692112 7.052211166179074 69.74988913658323
IMG_20161227_191215.jpg 0.24435980077451955 0.9067657268061198 -0.08505171049321919 -0.3329120169014387 -642.5365905400904 192.07375783662687 351.0898737742341
IMG_20161227_191228.jpg 0.17273319961622158 0.9405123922110008 -0.0435070465599738 -0.2893213071094351 -687.2042913097586 101.39467938175756 318.0425667499558
IMG_20161227_191239.jpg 0.1350362148306795 0.9574483131550374 0.014221645210846496 0.25466780936795497 -608.1110647335756 -104.34586378984189 -458.56867560944295
IMG_20161227_191254.jpg 0.09677579967396917 0.8985506376704986 -0.03008286379269885 -0.42700845125762393 -560.5324597053118 83.18730782402571 508.243091986062
IMG_20161227_191326.jpg 0.083018144542344 0.5600607831364597 0.06475251648291636 0.8217341531653962 345.47181467869854 -157.90279126152245 -641.005903815401
IMG_20161227_191341.jpg -0.041130392625330886 -0.34650578011626276 0.1097174111270239 0.9307008782869449 508.2157932399682 120.36896124495661 522.0627088560781
IMG_20161227_191347.jpg -0.0032334344474959464 -0.03574103733245161 0.11128981688940899 0.9931398188617732 727.8126890344897 21.930739619756174 123.53478286360118
IMG_20161227_191355.jpg 0.041951956481244765 0.3284798233755205 0.07107753571129587 0.9408979875096936 614.4740441387078 -89.26356852682164 -392.4525069470374
IMG_20161227_191402.jpg 0.2070047839524312 0.9777173670635846 -0.00733304019969775 0.034117386835586155 -724.5663258895884 -32.780980495270256 -113.20350928141953
IMG_20161227_191414.jpg 0.11723527540513509 0.9919903575114041 -0.008243530290580092 -0.04629325019294499 -728.9305393839514 -1.0739256009078015 -1.9342295456464518
IMG_20161227_191422.jpg 0.039251812683232905 0.2633047999044519 0.10221218370131352 0.9584792887962503 655.6320441407313 -85.82973470024454 -299.9570328321496
IMG_20161227_191533.jpg 0.0338872372524827 0.38586115430358786 0.04597602836484825 0.9207871793018692 481.759434839975 -63.72891068312125 -422.10595916476854
IMG_20161227_191546.jpg 0.056104009559893385 0.9078922945059168 0.013395765675546236 0.41521617881538697 -392.2935855195165 -52.72896026055186 -506.7265372245154
IMG_20161227_191555.jpg 0.09853975161205472 0.5760722524038714 0.11240128793129443 0.8036147259937125 233.4437344624494 -186.97535019053635 -570.3099151737999
IMG_20161227_191611.jpg 0.05092698310630294 0.4927544331321866 0.0706406108250029 0.8657998701331262 340.9696784675783 -105.65195480399055 -538.4252826139121
IMG_20161227_191631.jpg 0.00696541633319553 0.0708462432047253 0.05763519659597777 0.9957964033437884 646.4971579134851 -20.431995277130653 -93.78443226320873
IMG_20161227_191640.jpg 0.10862503724709899 0.6757838058111642 0.1008160455316745 0.7220477643825242 35.55981141344087 -198.53555910070122 -626.565546826613
IMG_20161227_191658.jpg 0.04643824809578568 0.5409359156666039 0.05438644244646915 0.8380178632545635 252.81181853380807 -94.54850478180778 -587.0364197797052
IMG_20161227_191704.jpg 0.07538508093209195 0.9020167355561608 0.026698374099972007 0.42422882406772583 -422.33738246427856 -76.61299826315823 -482.5410138469696
IMG_20161227_191720.jpg 0.05907354116939682 0.6061977651493887 0.0615270680800627 0.7907268846795746 142.39532816834162 -114.75037871148355 -617.4085841196896
IMG_20161227_191723.jpg 0.10605642046393195 0.8053043477196486 0.07091882527921768 0.5789710385185288 -228.44776701287935 -156.25538911945662 -581.3695866132789
IMG_20161227_191752.jpg 0.03056383101279843 0.17508410445791478 0.23991153707549798 0.9543866422881575 620.0846052830206 -103.2186886442333 -215.44382837057452
IMG_20161227_191759.jpg 0.09987088553293448 0.8074699755219588 0.07038130951768122 0.5771174197024471 -223.6085792637153 -158.28522562485637 -609.1694820312341
IMG_20161227_191808.jpg 0.06509282631225648 0.5065752619496461 0.09983495647036823 0.8539188541131348 316.03592348711976 -150.2984519837166 -576.9101775941643
IMG_20161227_191819.jpg -0.051230663581802 -0.43123412101614245 0.11003023288042334 0.8940390930114206 428.8651795320343 119.27556880300295 514.6834509424228
IMG_20161227_191825.jpg 0.12993273999138233 0.9053417947351787 -0.059191756031006675 -0.39996256550080195 -453.3071013900299 138.7388009700615 489.6132503176352
IMG_20161227_191835.jpg 0.23422579002106375 0.6691343919701717 0.2187802570336921 0.6704719560906245 -12.273153771700805 -423.40313142456097 -543.3091158841949
IMG_20161227_191843.jpg 0.13976762145818827 0.8987536478185816 0.04508122542300923 0.41312779577156655 -462.82527932814355 -140.81453638501995 -497.04564764005255
IMG_20161227_191905.jpg -0.02705868616620744 -0.4452789125255959 0.06405784553006724 0.8926875769209676 425.8247911649308 65.9318574691293 552.29038342598
IMG_20161227_191920.jpg 0.15164346672413304 0.9140521838530778 0.045049629788714574 0.373474758249075 -515.0985767022756 -140.69098639497176 -457.6493005257757
IMG_20161227_191954.jpg 0.03299242619007112 0.4328197375028969 0.08524016802565335 0.8968348166730451 417.5463602983989 -105.3104561667496 -563.6846655950213
IMG_20161227_192015.jpg 0.3037267517610778 0.9442521823251894 0.010792478716888657 0.12657566449332902 -701.803213518401 -51.635120837141756 -129.386363791092
IMG_20161227_192026.jpg 0.08628388860525854 0.9031182956622557 -0.033702865975604526 -0.41928099340691294 -432.61598871788266 93.5638166527758 567.6528230286597
IMG_20161227_192030.jpg 0.0645539911021152 0.7288115394207672 -0.048927751848819305 -0.6799063151191785 -8.894021571745295 107.93138334956811 711.1705194725992
IMG_20161227_192112.jpg 0.12867530101469604 0.6735210680107705 0.11662309423701814 0.7184783168231256 -10.057728641013705 -264.2722622496985 -706.717654607109
IMG_20161227_192139.jpg 0.2802546989406656 0.939885150234938 -0.07543687598750153 -0.1799513429535086 -698.2217078313074 204.69678333002173 269.9567368618102
IMG_20161227_192148.jpg 0.08101690699948658 0.5091243282821557 0.14035030718109534 0.8452990419997244 326.7833841669117 -232.03695235832583 -668.7046873652272
IMG_20161227_192153.jpg -0.045120358613243004 -0.3561287099647402 0.127001332590048 0.9246659703362152 606.3342838295844 118.87744293569037 474.68041171363313
IMG_20161227_192201.jpg 0.23610459040647447 0.9009449705141013 -0.10834112080880232 -0.3475844991311158 -543.2409816032052 287.78814355801626 479.12224363509057
IMG_20161227_192213.jpg 0.2295204597033933 0.8964950629793553 -0.09452163876138597 -0.36699130839441907 -527.3706374050608 271.5655806397012 510.5561411092355
IMG_20161227_192220.jpg 0.09985376031686154 0.6147751762426424 0.11751099170467731 0.7734803656557768 134.5504349376914 -243.94453295511744 -732.3510530456599
IMG_20161227_192300.jpg 0.19475547567261886 0.8242339126546311 -0.14138822649200256 -0.5125603684786953 -263.9483124102427 323.8951437047235 612.5162303879355
IMG_20161227_192304.jpg 0.29997606685874006 0.953716499314529 -0.019250734938225687 0.008282961519816116 -738.7817841281632 53.11286856157735 35.755469448312056
IMG_20161227_192316.jpg 0.021823246709403124 -0.20098786286227158 0.11845175296492587 0.9721608956878756 738.4528848537627 -12.918458834529169 291.66932808016026
IMG_20161227_192330.jpg 0.111301169012768 0.5781238598210744 0.12172902581000285 0.7991038084988218 157.902870255581 -238.9087150717063 -656.9664102235078
IMG_20161227_192344.jpg 0.1141543597762508 0.9386779821039929 -0.038159562525379435 -0.3231041253916784 -514.061585796344 108.47885238421746 478.03436958542005
IMG_20161227_192354.jpg 0.2261054114584298 0.9127550751871604 0.042377516673302355 0.3375776380477544 -592.6498785028807 -143.275004851681 -373.7674226765553
IMG_20140520_182846.jpg 0.003469990937358406 0.03488509916090702 0.132567202828253 0.990553847982896 736.058022327149 33.160282999319676 117.25911901656644
IMG_20140520_211432.jpg 0.0011414115386323377 -0.05544068691061181 0.09512562732166369 0.9939195855003758 695.9919894165342 43.41395857165996 277.06046266882436
IMG_20140521_135037.jpg 0.07661929546309253 0.8186755919558011 0.059848889087001235 0.5659663145219944 -244.17769307217583 -130.77261888116644 -616.1884179630988
IMG_20140521_135047.jpg 0.11257274674978447 0.8909218976360928 -0.05269998965295942 -0.43681604834562854 -406.404287674347 123.94586395150434 520.1146385677916
IMG_20140521_134943.jpg -0.040338479431691214 -0.6471691716817356 0.05497678847647774 0.7592907368266312 123.46050968798122 85.42218380289744 687.383733121832
IMG_20140521_135321.jpg 0.05989740825199208 0.5495216199598242 0.07638762759902046 0.829821197627066 233.3233378034349 -125.09641641251739 -588.1491895950704
IMG_20140521_135225.jpg 0.06541366511137348 0.4936852611594911 0.10224138943744747 0.8611286858632002 344.0451836488743 -139.11049861318622 -526.2097663608283
IMG_20140520_211801.jpg 0.01628012300688417 0.2715944225067855 0.09334394960262332 0.9577360462730166 728.5424462529362 -32.75973383197045 -244.8564930758031
2011-12-17_14-28-15_257.jpg 0.06061527588483272 0.8441045542314762 0.027651346954356188 0.5320232070753079 -285.08147541480594 -75.29601509228944 -565.2532803259745
IMG_20140520_182958.jpg 0.0032431277728442115 0.1580662013360359 0.029549056629030263 0.9869809579570317 756.5736051961289 -1.2034697293551617 -43.920274171328195
IMG_20140521_135040.jpg 0.046723250701882865 0.43940275409226953 0.08811849740584887 0.8927358444438716 406.12398251135767 -115.87095178177633 -527.3575483802618
IMG_20140521_134826.jpg 0.03087417225356571 0.6345694799967156 0.05266321814584828 0.7704511314800426 96.86897985448903 -90.75416115061269 -702.5190578067014
IMG_20140520_183007.jpg 0.01129226176185908 0.3800571932287235 0.032642282999324555 0.924317854452676 657.72793053868 -24.101445898205796 -376.1655371479217
IMG_20140520_182943.jpg -0.013251629529674137 -0.182680918979964 0.08661348059289828 0.9792600171226372 613.8329172969331 73.26324875776233 438.7080935351303
IMG_20140520_211910.jpg 0.008595182995863471 0.36819781632785675 0.011378458423583517 0.929638113227168 650.5668164015509 -18.488006559983017 -423.2536388999616
IMG_20140521_135650.jpg 0.09361639678095553 0.990412303890112 -0.008925929507205083 0.10119173058735317 -754.473243044963 1.130951296131245 -100.8968734526077
2011-10-13_15-24-05_816.jpg 0.11497265265142088 0.27903176927827533 0.1651934932079458 0.9389534976118291 629.4635564474281 -220.44047722846173 -318.41241419935807
2011-12-17_14-29-11_706.jpg 0.09682918009984973 0.8185547589597642 0.031042339676760324 0.5653570461335967 -299.97249486849256 -109.61356937847637 -607.7207655994866
IMG_20140521_134821.jpg 0.20079854458794466 0.8517795788581679 0.08624443506058202 0.4761442963563115 -414.633878829304 -237.14973989762322 -531.820379193101
IMG_20140520_211723.jpg -0.05446928612269935 -0.6812435392436517 0.050902179974035455 0.7282508531968628 -135.26808030922413 108.92959483519736 739.8977687942252
2011-12-17_15-01-35_152.jpg -0.08238642895173995 -0.6625416513277702 0.10691019265253582 0.7367640377267669 48.10032113893445 188.64285901379475 709.0728635557028
IMG_20140520_182904.jpg 0.02374390519641937 0.48309485123144286 0.05424526383155086 0.8735634167200105 540.050403828412 -56.52701471991392 -521.6683889051686
IMG_20140520_182849.jpg -0.034824709259996985 -0.3271921325193069 0.07974680418141682 0.9409426099743149 461.0212050048355 106.89757212068791 576.6785707468042
IMG_20140521_134925.jpg 0.11377573173600194 0.9843198755255383 -0.012579516470130872 -0.1342058913710715 -678.2196869607097 37.4816818081738 209.61833764968964
2011-12-17_14-50-43_241.jpg 0.24175373652756266 0.9550358439018493 -0.04900007589305995 -0.16450124710809605 -673.3069797139112 143.3771594767671 259.70853136507657
IMG_20140521_134908.jpg 0.38655465711391696 0.8920492193844097 0.06956161051941363 0.22357296258973905 -642.5631217784288 -189.57335883284037 -215.72763851403323
IMG_20140521_135013.jpg 0.2638016872382141 0.6289355691829572 0.27138120439762337 0.679117781777562 41.414798250092666 -486.9255122077358 -485.29756140941527
2011-12-29_15-31-46_760.jpg 0.03637429342108331 0.3392125501671614 0.09031933890732037 0.9356570812036595 693.8288578061268 -72.413418269185 -341.3431415104906
IMG_20130302_145312.jpg 0.01414278672259091 0.7362091660911239 0.006678099067881737 0.6765733133519017 103.73908752156841 -22.44260908378071 -711.1415909639891
IMG_20140520_183040.jpg 0.12256640067623337 0.9472451436828392 -0.05195791287521338 -0.29155529575742717 -714.0081234435233 81.66632668177537 230.78497032420503
2011-12-17_14-53-09_639.jpg 0.0965643502652379 0.850321573847097 -0.06213123747203557 -0.5135837386816702 -323.65366162174377 157.03200189621654 697.6536411107949
2011-12-17_14-53-55_436.jpg 0.1027997390206588 0.9702695650281189 -0.03569767376311472 -0.21618247136465868 -708.703453312622 87.26031300108944 352.94780814982573
IMG_20140521_134950.jpg 0.23988213902115543 0.8714843601720625 0.09807689439687253 0.41635620823952035 -451.827190725758 -261.42152567262707 -464.34023140352247
2011-12-17_14-50-59_577.jpg 0.14097683218776436 0.9809588611814123 -0.010094721031392404 0.1332041368098882 -727.8183411743677 -3.6658823598571186 -136.277523498356
2011-10-13_15-26-30_438.jpg 0.03311610265611213 0.295722884155124 0.013398931297317231 0.9546055563278142 541.4373353754296 -49.6159486805288 -339.5510060922719
IMG_20140520_182925.jpg 0.05458176941724913 0.7355346522955323 -0.04878369371896725 -0.6735204205864195 -246.6898725084598 103.139590747286 706.548371641997
2011-12-17_15-02-30_957.jpg 0.004586979305528238 0.013016400585484188 0.0817534072820153 0.9965570296447815 729.1976628940777 -4.28499128037491 37.328892312815064
2011-12-17_14-55-12_175.jpg 0.21177160360531894 0.9393112836991374 0.014291662724603386 0.26952337300960727 -686.0339563471762 -108.09372165698458 -370.4028310809334
2012-02-11_15-54-04_6.jpg 0.2036352484874444 0.9338412271507522 -0.04875419167588103 -0.2899935806894089 -692.0499559827991 120.84161901247525 326.8192879172504
2011-10-13_15-28-19_661.jpg 0.09419371580592145 0.6305178985916727 0.0526522527010387 0.7686367566957232 267.48521635439425 -144.65692514917768 -604.9134754118618
IMG_20130210_165919.jpg 0.11671627421703798 0.5353732707222859 -0.060459916155792624 0.834324499740628 395.1149906769124 -122.34618653701229 -627.226091644176
IMG_20140521_134324.jpg 0.05963294291980673 0.9178842846949563 -0.0237292691454358 -0.39162389331420494 -530.8870529659129 59.75347653236468 537.6430686992811
2012-02-11_15-05-20_118.jpg 0.03874777173843189 0.14506183534181621 0.04901274670011459 0.9874479352216405 769.6406240707589 -57.440095011144315 -73.61579867724394
2011-10-13_15-26-38_609.jpg 0.13072940705003883 0.7292178717472078 0.07084651275897998 0.6679310512969958 -36.5453384154583 -184.7897653618715 -613.6214778599525
IMG_20140520_211951.jpg 0.005402076672050013 -0.11934262110479647 0.07877830154813911 0.9897081062417629 716.7797696453312 23.060217606991937 302.5224514479531
IMG_20140520_183030.jpg -7.28052063552754e-05 -0.022809920762805788 0.12401545993181488 0.9920180784199941 717.3667116915026 52.9022145673596 228.09767866103002
2011-10-01_14-36-23_370.jpg 0.026175471952917508 -0.0847201228978949 0.2038741471874834 0.9749731676065668 656.0245828605298 -18.80642788527833 114.115651807886
2011-10-13_15-24-55_789.jpg 0.04750811404061492 0.1735670223554298 0.06994981299432526 0.9811852483160524 699.3241754027849 -81.30535502844998 -174.6309278084306
2012-02-11_16-05-30_275.jpg 0.13812453158436053 0.8800609283313416 -0.08752047268177575 -0.4458189577179704 -556.441875881644 166.3787472981531 437.84811056208946
IMG_20140520_183033.jpg -0.0194330256025413 -0.24829387020202878 0.07413958100494662 0.9656478830632003 540.34303089101 79.69884356040812 520.9461658518345
2011-12-17_15-02-21_722.jpg 0.08753399629272483 0.4424115732634069 0.1004966833592963 0.8868541119989263 476.71482044802485 -177.37462988538823 -524.4248111119692
IMG_20140520_183130.jpg -0.019530093141057484 -0.21428869188519556 0.060159709885604595 0.9747203400455505 584.1701960359894 70.7377987357152 506.86818628412357
IMG_20130210_165751.jpg 0.0306781804092094 0.5676294296318527 0.022951320255911015 0.8223921915735267 202.41003707971998 -55.82393019455749 -612.5429889688447
IMG_20140520_211943.jpg 0.009062752938414057 0.45345692298965123 0.021632032030468592 0.8909695509343564 555.8350971300619 -26.215149470229754 -544.77621885408
IMG_20140520_183020.jpg -0.08560052334649769 -0.6938079055480056 0.0772940738662651 0.7108648020172694 -181.63629049557397 164.23192125493645 715.2001636135578
IMG_20130302_145337.jpg 0.12158167014661252 0.4696939896985772 0.23078040724198481 0.8434132185107235 498.21377093495886 -250.02173088914716 -440.97826154861036
2011-12-17_14-53-47_244.jpg 0.06462631414326997 0.9720096480033645 -0.07140983973802946 -0.2142926001923986 -705.085335190506 127.39011111636341 350.2478090512998
2011-12-17_14-54-02_921.jpg 0.07011827776076889 0.702346118829236 -0.0899350736344754 -0.7026414726015922 28.207682860689594 170.25806770840308 776.8785386780293
IMG_20140521_135837.jpg -0.061557041147941936 -0.6634807766550258 0.07274410138330104 0.742099916054631 127.08416335037022 140.12521478916386 771.9666381773322
IMG_20161227_160049.jpg -0.09328583060098951 -0.6777836864475072 0.09786317915963784 0.7227238935855654 -148.60445165953945 196.2442907612035 710.5866427250176
IMG_20161227_160059.jpg 0.015886549737526234 -0.009000042510724565 0.18096376822746635 0.9833202587972846 723.4730944051693 47.70268580098014 197.85599443818643
IMG_20161227_160208.jpg -0.0634160919598911 -0.6452107417305342 0.08809131051579622 0.7562548638175348 -40.19564187714944 169.33522907602554 767.779679697009
IMG_20161227_160401.jpg -0.004060906064575516 -0.054893527834175816 0.14772582142282215 0.9874954639535338 727.8451463624842 34.834686675576 151.19089046487443
IMG_20161227_160415.jpg 0.16033332028780833 0.9819069163478786 -0.015963881612760942 -0.09948461447651788 -739.4678429022675 20.31031150363429 77.59097118184783
IMG_20161227_160457.jpg 0.09197852678166699 0.6514352382980537 0.08061739923661293 0.7487809531865489 141.49008641094366 -181.57015966690676 -689.4382898225492
IMG_20161227_160507.jpg -0.008479070327303348 -0.03227592468190266 0.1722995573484755 0.9844791681847982 720.5130927775476 29.798435056602806 87.34755480029818
IMG_20130210_165237.jpg 0.02631955363757223 0.5641853019268194 0.01879582314796437 0.8250145109137491 221.39192694291083 -53.944268926687606 -685.8699809314569
IMG_20130210_165320.jpg -0.02277055330393353 0.973822564676533 -0.008488357263451181 0.2260067747215102 -649.0223121147541 10.637393790158823 -286.62771962764145
IMG_20130210_165400.jpg -0.05000270283825514 -0.5739244125162074 0.056113493877815245 0.8154518834558047 246.7554243555099 94.63980574666512 649.4046748843978
IMG_20140521_133240.jpg 0.05972268814640517 0.9463143413290045 0.019069328667500142 0.31710996297781324 -467.6436861274345 -74.06310826039115 -586.8566904063729
2012-02-18_13-08-53_664.jpg 0.16894322948697088 0.9732199187849851 -0.05343312240020531 -0.1464447893276662 -685.5920596780147 125.00085049814867 253.83837007548973
IMG_20140521_135713.jpg 0.04676649499349132 0.18012288461851964 0.1924422342634654 0.9635012339662118 700.3040505272635 -147.46367986595308 -292.78594933933346
IMG_20130210_165902.jpg 0.10509793319389094 0.9880868699302305 -0.011519657994648392 -0.1118304940056061 -647.0092599265769 36.150377037671994 205.10164469895176
IMG_20130210_170019.jpg 0.18551482151549054 0.9780350214036345 -0.03519835330869097 -0.08827697225451081 -714.8644504186876 89.59096361057742 176.65884702544304
IMG_20140520_183116.jpg -0.02246757016122369 -0.6376438444135017 0.047109049646349474 0.7685611708992584 -74.90406546984543 79.0542086763385 767.8692515950482
IMG_20140520_183109.jpg 0.04369087482275637 0.4831800066888843 0.05921451196818474 0.872422965175563 578.0009147354998 -86.90197570052511 -509.5235779733281
IMG_20140521_134750.jpg 0.3590009700026931 0.9015717645115592 0.05966461851923348 0.23393757772019785 -661.9108768919762 -179.80552790001113 -243.66483760001785
IMG_20140521_134922.jpg -0.050584099495955395 0.9294035768254175 -0.01948069743658983 0.3650626558410047 -536.9578511084836 42.6303489059857 -463.92845890161516
IMG_20130210_164118.jpg 0.2779734106833215 0.94776117662043 -0.03348315136147253 -0.1528345956223418 -746.2943065073838 51.841257711721056 118.32483989728422
IMG_20140521_134126.jpg 0.05024855044761653 0.26393174481702 0.14127135986991718 0.9528155750911411 651.1043192990389 -122.43634298853303 -328.2139037800834
IMG_20130210_165428.jpg 0.2574142452261076 0.6919441105264871 0.20722419422709737 0.6418795740552217 -72.53735017453124 -429.95217970017967 -534.0390873485335
2012-01-28_14-40-22_205.jpg -0.04107693035944465 -0.6720538366525263 0.07521131510368916 0.7355267394957432 -118.0288378489091 128.06355585816064 734.5844025539998
IMG_20130210_164129.jpg 0.38616919268294325 0.8944433087029395 0.04881776863119764 0.22013938222183752 -619.1874505476045 -267.88742890902046 -329.6715213274718
IMG_20140521_135601.jpg 0.2161059073732524 0.9116822402929637 0.040516290673328334 0.34711980600775283 -590.2182818604138 -144.44498784373954 -396.74800639947995
IMG_20130210_164053.jpg 0.0013487048808065135 0.15928035200259114 0.05466270102846276 0.9857179817662599 758.6072878410004 -7.454235875372713 -135.3286833808746
IMG_20130210_165216.jpg 0.3534556675621077 0.9076460706316626 0.036645393399088975 0.22339385998221536 -671.6834344382302 -142.81563653740753 -243.95250866536304
IMG_20140520_211426.jpg 0.04475302220359244 0.5884851157827421 0.05707245402980345 0.8052485147436368 412.06268421210035 -93.72372197267713 -619.9818305350093
IMG_20140520_182639.jpg 0.03171160167869568 0.979500612687297 -0.006815525281047258 0.1988126572412469 -551.0512866438552 -8.429967166378654 -388.598746989245
IMG_20130210_165246.jpg 0.04487925678446124 0.9676061324741653 -0.01582764054751081 -0.24793892494636874 -610.3141230708085 33.730066761930296 380.1191839346316
IMG_20130210_165314.jpg 0.4073532276492382 0.904470586548827 0.014169835953749092 0.12568023607876258 -694.4695640203184 -73.78689143738531 -129.1459307506186
IMG_20130210_165344.jpg 0.08452437676697028 0.9784847985041649 0.009556869805196294 0.18796753727158808 -662.5806367086585 -40.090973040560385 -241.83345001519325
IMG_20130210_165420.jpg 0.0705414133000582 0.7795456488170548 -0.0569445907045967 -0.6197497914558047 -145.8731317339225 115.47096578353315 668.0166932269251
IMG_20130210_165444.jpg -0.06060850085801688 -0.448397721655286 0.11083686395492681 0.8848622957425237 403.24709011395123 132.4356961475989 525.3240328398315
IMG_20130210_165507.jpg 0.02505336055683768 0.6907253452172291 0.024760135461452365 0.7222587917715367 22.845856440456174 -53.332392578057785 -666.2887700646625
IMG_20130302_145414.jpg 0.35310311601025773 0.6300498912583606 0.30886263651181733 0.6188369702564179 102.42483695159633 -584.4991064243242 -389.702854428958
IMG_20130210_164001.jpg 0.00246940456252573 0.25962771101011184 0.03262853315585118 0.9651542532366811 737.3517154399617 -13.227513618624698 -285.71392011658145
IMG_20130210_165836.jpg 0.10758122576757344 0.7531323913462752 0.06196739906950799 0.6460479257918468 -154.94060612288823 -157.30821010273456 -630.2582160919453
IMG_20130210_164036.jpg 0.20203704125422417 0.9432380170170119 0.027061099975127494 0.26220368815710854 -601.3758381574814 -165.7966971113253 -459.19475172683843
IMG_20140521_135520.jpg 0.15800523623467178 0.830943075446647 0.07335175746356448 0.528381936071531 -363.3426852925855 -197.40751479811107 -571.0540207867684
IMG_20130210_164048.jpg -0.004030738512350511 0.13233108575463473 0.053594094040822375 0.9897473970534038 764.9763209639053 3.160998796473178 -94.11850000339066
IMG_20130210_164100.jpg 0.18269799399553768 0.8572365018875647 -0.11870345162041993 -0.466558156498176 -499.0837004202686 258.27847144689036 521.46416847495
IMG_20130210_164110.jpg 0.08749469529288015 0.7438767865880264 0.059051650951064835 0.659927956061139 15.3943679668137 -162.864277667809 -744.0369117975235
2011-12-17_14-53-36_335.jpg 0.08016920335646106 0.7968327589521702 0.03750719213636005 -0.5976819084027135 -197.22016549157235 26.927856253888827 780.3206075760571
IMG_20130210_164155.jpg 0.000988273059818622 0.3005008012631291 0.05234300167998609 0.9523436889756268 673.7030981201574 -14.76491176805222 -328.1783296105265
IMG_20140521_135611.jpg 0.10929561586304977 0.9464472019755109 -0.030715365182698774 -0.30223952184903874 -530.6471017573006 91.37306975761908 444.82470116077127
2012-02-11_16-06-24_189.jpg 0.08193478850062301 0.996409822291254 -0.018598031109047022 0.010405273361978249 -684.4676344962816 -1.1930720531527492 -172.33386173241738
IMG_20130210_163939.jpg 0.060229611264578535 0.6496232944915555 0.048511587923407706 0.7563124982558497 240.0930824665453 -121.51992680292138 -730.2331658499473
IMG_20140520_211815.jpg 0.07842022852611413 0.9760677018012655 0.010409584311569702 0.20256788939209794 -624.723568535523 -64.44010450934604 -447.0106996255217
2012-02-11_15-56-27_505.jpg 0.051482682345748175 0.9767782749734991 -0.0018533409299690733 0.20796706490615255 -589.5089219956747 -32.379096257836316 -464.2906943698623
2012-01-01_10-59-45_309.jpg 0.021542994166591424 0.2042157860100594 0.0795779995540427 0.9754481811626939 728.0349145850072 -26.154759961748283 -110.66201017359938
IMG_20130210_163933.jpg 0.21223075720302517 0.9761573790093404 -0.017700962367655535 0.04197085934198379 -753.6857343999438 -42.91845989392456 -184.46220484537497
IMG_20130210_163921.jpg 0.07128658951043036 0.9054649223887746 -0.03228965757385309 -0.41714370964120534 -601.867351904616 74.90528320014045 492.81249670911455
IMG_20130210_164016.jpg 0.17638013351932294 0.7514215288833146 -0.14959453940314765 -0.6179621414060317 -269.73411912307665 334.00933433343783 667.7525174265446
IMG_20130210_163913.jpg 0.3279070019648104 0.7949798350277285 -0.24302346362926505 -0.4488024688962516 -483.5334510679906 482.59805064824224 378.02891600048815
IMG_20130210_163904.jpg -0.0016481178273165511 -0.10819282037145905 0.08482359397489635 0.9905031828484345 722.3575823833378 36.66955711548723 292.72296163505627
2011-12-30_15-18-52_399.jpg 0.11667165556663259 0.6743602032815801 0.08189455237430962 0.7245131629644692 89.37084792145468 -211.24117958980602 -694.5278291779656
IMG_20130210_163855.jpg 0.00839293835076812 0.30669195249283787 0.0048090459518901965 0.9517596744656732 702.6719784714285 -15.774992419932442 -335.2588548244767
IMG_20130210_163846.jpg -0.01077437129678809 0.04279281672502133 0.06012283996899144 0.9972150880697509 773.7906593139852 28.747113088195935 77.4039911495504
IMG_20130210_163818.jpg 0.05801128527670958 0.5076051397281994 0.08555358656381412 0.8553667615287185 497.79087529375505 -125.70762676737208 -567.015832972872
2012-02-11_15-53-21_857.jpg 0.10344775054182767 0.9644907028798752 -0.05100169284603423 -0.23760276575191455 -705.3331026259561 97.93655211791273 303.9702891869895
IMG_20130210_163801.jpg 0.0057588941400978306 0.20514125749868725 0.04378585546961566 0.9777354951472992 754.8839868631756 -9.968163771766013 -161.16776808501336
2012-02-11_15-53-01_240.jpg 0.09887204840090338 0.9865480890057983 -0.021875165661650667 -0.12833028968755517 -754.6744103438615 40.51994088690798 171.57816315393703
IMG_20140521_135412.jpg 0.15286119268285694 0.6920784335295539 0.1080808764278704 0.6971222430574399 -51.46804755822627 -244.54292882271682 -617.6457647266581
2012-01-15_12-41-51_416.jpg 0.049121798025087614 0.9148353417903455 -0.04075359430840706 -0.3987511641626514 -627.7164338930694 75.63505919802235 436.4040580311457
IMG_20140521_134219.jpg 0.005296000349507958 0.06867103078028727 0.09753706423566044 0.9928457901467677 736.5240215926227 -19.15607713325141 -73.5798544493022
IMG_20140521_134146.jpg 0.05720842561483465 0.36008090184267466 0.13586174772594303 0.9212005892701601 558.9194544082031 -147.69944876230414 -449.49284052175346
IMG_20161227_162934.jpg 0.15868200197389465 0.6877231249958344 0.13765391236414734 0.6949160568056868 -5.747763911137113 -278.0425301376285 -604.3115581617732
IMG_20161227_160409.jpg -0.05848157806102437 -0.4177209574844183 0.10002535551913803 0.9011570534368935 423.5687346795813 144.38080920423087 593.5191314704032
IMG_20130210_165452.jpg 0.03846063672918604 0.5344948202749544 0.06313771197447393 0.8419321206892265 280.7328678324551 -95.47988346716062 -602.7980684376648
IMG_20130210_165302.jpg 0.14958767264126432 0.8321815452582058 0.07055516832378388 0.529263046271169 -341.54949111883536 -197.52605983260446 -597.5500121077794
IMG_20130210_163951.jpg 0.09304663200856463 0.855859687983575 0.04558061166954724 0.5067237182097867 -267.13005002997517 -150.41680299429137 -720.4879091798609
IMG_20140521_134023.jpg -0.0934373380893013 -0.6087765135831904 0.1287397255048884 0.7772301483069273 113.27383813993295 222.3555923826692 692.460297619102
IMG_20161227_163204.jpg 0.1303538218012722 0.7685691750357376 0.1109911596837905 0.6164335055776372 -113.89824347222554 -219.79376474548576 -597.6179235159411
IMG_20161227_162953.jpg 0.06549720942425598 0.09848284702497502 0.08343265316422614 0.9894696745153273 778.9157721933601 -79.055114138979 53.15914329388726
IMG_20140521_134151.jpg -0.012987143388057282 -0.04485028235930506 0.266826041119307 0.9626129284709956 725.0908449261948 47.13744193997007 88.64847231731551
IMG_20130210_164206.jpg 0.11492731125679509 0.9589215761822292 0.011785836016731046 0.2590795590718412 -578.4083324542041 -86.81722958572931 -460.1357955496915
IMG_20130210_164238.jpg 0.036775982612529956 0.6333343167331877 0.02147882259873856 0.7727055264010736 252.74549804187765 -63.553691625325975 -677.9515734598364
IMG_20140521_134202.jpg 0.06944257033496211 0.9899041684346785 0.0025071692446675415 0.12353615196896722 -703.1687996027232 -26.449921916992775 -207.5865180314467
IMG_20130210_164244.jpg 0.3024662652765643 0.8099321952051671 0.1290312296841698 0.48566957832046453 -254.94075044944154 -403.9512319952127 -547.2616178456066
IMG_20140521_134209.jpg 0.0843463583821094 0.865879013699793 0.04250812470687279 0.49125582418517594 -354.6351233887258 -124.33863731845616 -634.2870320720103
IMG_20140521_134213.jpg 0.05878759432490404 0.5213922386871245 0.09793548929382327 0.8456375063389149 355.87532545052676 -152.00768441166255 -628.6924165824622
IMG_20130210_164256.jpg 0.011893949323642742 0.16288656225113138 0.08965834232821515 0.982490653115057 715.5423707417509 -18.842603608003714 -117.17213492005116
IMG_20130210_164322.jpg 0.2593072984784497 0.8741083472895055 0.07794380792336915 0.40326056707918184 -389.23327001378533 -291.4284839723425 -530.8731865343633
IMG_20130210_164349.jpg 0.3471301845459461 0.9034530321415096 -0.09554663371968558 -0.23268883616591007 -698.2802906229585 181.76547431464633 194.57230262391008
IMG_20130210_164404.jpg -0.0012527651303375017 0.03197044157682631 0.034695147602832946 0.9988856632156297 755.7193431162733 3.20988228519993 55.12113703758523
IMG_20140521_134236.jpg 0.07679169254653896 0.817682955418443 -0.057375300014433674 -0.5676316546161366 -281.27139152914134 126.37188908447749 676.4946659109289
IMG_20140521_134245.jpg 0.10029222617973681 0.2757457619494031 0.3416034629034769 0.8928677495952064 627.347484371599 -269.3521699240473 -300.33645944366583
IMG_20130210_164452.jpg 0.022593919551800238 0.6961874700150799 0.016394868355660536 0.7173170356856792 79.74270109062226 -47.75752293239318 -750.7601954249766
IMG_20130210_164500.jpg 0.11796946554006983 0.9875988026115715 -0.015973080971655406 -0.10235561032329633 -748.9692169185657 23.08072960020269 97.71965970588978
IMG_20130210_164513.jpg 0.004582671975039514 -0.046978537029574836 0.15022308508573945 0.9875247039357811 737.636378352434 13.755270454853397 120.46277975194221
IMG_20130210_164534.jpg 0.06434978291008064 0.30073112116250555 0.1683577363462765 0.9365231288207063 617.4220166829306 -161.98177033640167 -376.3517671569985
IMG_20130210_164543.jpg 0.09233314845618981 0.7635749082334935 -0.08349207734018908 -0.6336063622106395 -164.57232114248185 173.60289947262507 700.1502684012021
IMG_20130210_164550.jpg 0.016291960743161714 0.04282159819352015 0.0956194185651656 0.9943630169794909 736.1988482133611 -30.78422064941769 -32.18733504641533
IMG_20140521_134335.jpg 0.06585099283471642 0.859437198124382 0.0313051525562775 0.5060151545618192 -367.98935109151694 -100.52711236587135 -663.934220921692
IMG_20130210_164557.jpg 0.05848231925090218 0.5668318940220382 0.07257031080332166 0.818544422890007 284.40306913358114 -135.66385101897473 -665.9794594808972
IMG_20140521_134340.jpg 0.07172631458770219 0.6916014473573103 0.06730262248603916 0.7155509281773322 29.116416462333085 -158.01004663098854 -750.09304283025
IMG_20130210_164602.jpg 0.1558014134682499 0.8904099851548112 0.05845531307042245 0.4236495654095998 -444.92806599890116 -186.02176561665365 -556.6459970349889
2011-12-29_15-09-58_213.jpg 0.0795452958839147 0.7922133943906151 -0.06401308535092234 -0.6016417609796516 -186.7472267606305 156.79568443658013 796.0085658731707
IMG_20140521_134347.jpg 0.2500983515449035 0.7817156491893822 0.14989711701021668 0.551273355676628 -265.4477665565253 -399.8858587841845 -602.1803708274675
IMG_20130210_164625.jpg -0.027211192282888427 -0.19381475463733158 0.16178786356522842 0.9672228694062259 681.5585278953916 85.96184011493062 294.4783346213095
IMG_20130210_164632.jpg 0.05980419559156362 0.8292098694103214 -0.03503907599451945 -0.5546230375810351 -303.2573996884865 85.01209344902108 678.6842175486635
IMG_20140521_134405.jpg 0.01567532124720219 0.243200573618865 0.06459280292033204 0.9676959931229163 686.3607731429794 -56.27637405630411 -363.7929380104514
IMG_20130210_164641.jpg 0.09179637632285027 0.9933306967979199 -0.005286045600891784 -0.06956730420864589 -742.8227593442389 7.115783482235237 86.10053744161719
IMG_20140521_134412.jpg 0.031197331397533036 0.5991703394760343 0.041041323313858874 0.798960099495897 214.5247083362248 -85.45571797835021 -744.1439100911099
IMG_20130210_164650.jpg 0.12692504522499978 0.26433209692114373 0.33672946014105076 0.8947803339954558 630.4559111844395 -302.5318085185378 -277.5103344936576
IMG_20140521_134420.jpg 0.11688029934171427 0.9906922165609845 -0.004848874379732609 0.06960183969209659 -773.9822304791129 -11.843971849859852 -101.37208863113842
IMG_20130210_164659.jpg -0.11065348584572401 -0.6366835559631673 0.12264433340738103 0.7532252140756741 114.35799241834495 236.21142289029 705.8845653834277
IMG_20140521_134428.jpg 0.12546033263572995 0.9319024055521649 -0.05261922081133722 -0.3362273472848803 -598.8134073892622 135.92307518871192 485.9134854546754
IMG_20130210_164708.jpg 0.15098663649030347 0.8613955137776634 -0.09418958097379754 -0.4757406092410457 -416.17818889115 230.58303040778122 616.8734662493939
IMG_20130210_164718.jpg 0.11392740102243029 0.707878821304862 0.10418796162166268 0.6892553882977164 -15.249297530568521 -238.4716085909301 -719.6766651749571
IMG_20130210_164736.jpg 0.09622968409664598 0.6512157941507445 0.07191825828636052 0.7493234291494767 107.97753736622816 -190.47805750981212 -735.8603182028577
IMG_20140521_133452.jpg 0.10882976663245136 0.7319276202936846 -0.1096890901006935 -0.6636311807463776 -207.39863138977725 229.54706414486847 712.5019133387685
IMG_20130210_164742.jpg 0.12772094337377085 0.7422357603809928 -0.11450819269745899 -0.647812712472151 -109.26340071089497 249.72214278274367 717.8127481352377
IMG_20140521_134504.jpg 0.029566146877889308 0.47302351278050375 0.05024528210141699 0.879118883281514 401.4072872146148 -87.18858801451454 -658.8728118586757
IMG_20140521_133418.jpg 0.09312089034175718 0.44394793000418925 0.10836637869381541 0.8845877362906086 570.4246771024472 -181.15512879878995 -488.022776697529
IMG_20140521_133846.jpg 0.31155130898170547 0.8181793733209412 0.1513607283224517 0.4589207174073045 -282.7184358261352 -425.0691957670227 -512.3632221195605
IMG_20140521_133410.jpg -0.0169601900022998 -0.10509711662872596 0.2910401648537205 0.9507694623163564 706.8523039353493 158.30377472732837 273.52053765042035
IMG_20140521_133406.jpg -0.057641273973073975 -0.5219198001736501 0.08947063768052813 0.8463286658943422 196.6884932737306 158.6439596221053 731.7477611759206
IMG_20140521_135857.jpg 0.031564595439649304 0.20903334185722788 0.11049290121919104 0.9711333878962743 758.4420091034876 -52.24725473076004 -136.71171264993185
IMG_20140521_133404.jpg -0.0199218377018764 -0.17242292197632902 0.07438423862589931 0.9820083713511661 657.337728602461 70.72124133421981 403.067456865538
2011-12-17_15-03-49_361.jpg 0.13551842992322727 0.2617460258749864 0.3339366125921005 0.8953268184636864 629.2508732184529 -311.03513381180494 -269.78411777719975
IMG_20130302_150040.jpg 0.029396942449433697 0.5741223751933302 0.025863799803276175 0.8178327346937954 371.71738282596476 -63.563085362222324 -688.5808323567893
2012-01-28_15-18-06_979.jpg 0.1321379962226941 0.8362146721146094 -0.09550788160980037 -0.5236055926409839 -319.4690812493829 236.5382579189262 702.2295683551154
IMG_20140521_133121.jpg 0.036485036525099844 0.8650834419156844 0.015178223483460814 0.5000690973905114 -205.76114414871256 -53.24035938000246 -698.3110324041236
IMG_20140521_133354.jpg 0.07662697701627777 0.8016271835996126 0.04710083862409894 0.5910191840443135 -65.51483074347237 -136.21684559088007 -753.1158411143066
IMG_20140521_133612.jpg 0.01928533530951203 0.3426467456367228 0.07065684815168485 0.9366049825597945 658.6837177877064 -54.103793998503406 -399.71851844385617
IMG_20140521_133351.jpg 0.049973751708497674 0.38208793585545203 0.0981250706868637 0.9175417723006376 644.2198541923844 -102.28895416201735 -405.4752902027113
IMG_20140521_133332.jpg -0.04625198665308214 -0.4013480490116019 0.09777495727831462 0.9095166601082403 379.4767710768814 145.0432524838798 651.0652342004248
IMG_20140521_133606.jpg -0.00020620682034277067 0.014421356937866895 0.05696998088473095 0.998271708113984 768.4631835239431 8.968007169704661 94.82248819720581
IMG_20161227_160503.jpg 0.006733096473690344 0.08968993279599356 0.17658679892477894 0.9801670693368686 721.3694710056004 -22.58613231370807 -83.0417197836801
IMG_20140521_133336.jpg 0.05581716481925506 0.809449559411138 -0.04817206717067666 -0.5825421073408846 -397.33905066636333 100.65757420489305 648.659996540961
IMG_20140521_133024.jpg 0.05060557238588438 0.9703887684318349 0.010563608661238365 0.23595152959219423 -537.4296664259342 -44.184111649250255 -447.26324462010706
IMG_20140521_133320.jpg 0.014909235948503494 0.27619413721828917 0.04886484633035777 0.9597430593876611 721.3504137286251 -27.056015285120054 -246.74427389292651
IMG_20140521_133230.jpg -0.03143065981970638 -0.2611401543410764 0.11074469393618454 0.9584119918797956 533.6510004936181 122.7815011049521 519.4006017579726
IMG_20140521_133014.jpg 0.1052689974928427 0.5246129930667833 0.15420014549326932 0.8306154108865413 429.1708983689401 -206.0629641320466 -509.01137024249437
IMG_20130210_165503.jpg 0.17872261884208518 0.6788470480569729 0.16131343309264937 0.6936878888682032 2.536469799908894 -317.72447697240193 -588.8225072726402
2012-01-28_14-41-13_0.jpg -0.011819099702291261 -0.22793083237723208 0.1521112171576409 0.9616496358595837 605.3576651908722 120.58018222804998 481.5332241426008
IMG_20140520_211952.jpg 0.0015465970653921165 -0.12107813065239559 0.07606469541690855 0.989723121093153 715.695468968296 27.84434902917931 304.6735573593993
IMG_20161227_160322.jpg -0.006653100850107589 -0.02238680402993769 0.08322795728380704 0.9962568315353069 744.1589845657369 26.85782980729431 140.07451012310366
IMG_20130210_164731.jpg 0.09975039095277563 0.831784983273994 0.0587160698467678 0.5428959607939625 -303.89324492651866 -166.23775875711559 -683.6375435092889
IMG_20140521_134450.jpg 0.0028014807152666635 -0.150274274679783 0.05907574914418109 0.9868737760921207 747.4081658751164 -1.2554133393933653 209.48793239546367
2011-12-29_15-30-24_502.jpg -0.03077592626355383 -0.6307376708498007 0.06376630506260757 0.7727591418237973 5.218887012650966 98.0399602717715 719.2030431494173
2012-01-28_14-41-04_244.jpg 0.05350146809484546 0.3333630111322517 0.0992424976390747 0.936032917360759 699.6187389396873 -100.69465973735686 -333.445270824612
2012-02-04_14-20-50_904.jpg 0.021099612981841726 0.8686545360258422 0.003345654075301453 0.4949574829948062 -218.36940544152097 -21.609165859229588 -633.521501294406
2012-01-28_14-40-02_921.jpg 0.0885725932901584 0.9526046722513425 0.012432039709828757 0.29076567629522937 -496.4970448732034 -86.92655507889428 -559.4619860991742
IMG_20140520_211912.jpg 0.004313785305974483 0.36551655224115753 0.010340569447876594 0.9307374033085624 653.0642081852743 -11.615939435783657 -419.60617642981526
IMG_20140520_182738.jpg 0.10344903111947597 0.8632562906583303 -0.05978543701924892 -0.49042081534094745 -489.7838093167612 121.81416648929708 493.75293651857527
IMG_20130302_145531.jpg 0.27373370139718933 0.9614076374161818 0.00754311586744552 0.026614222518033647 -720.167978226429 -78.07194303724475 -118.6717157731309
IMG_20140520_211729.jpg 0.02116838646384732 0.3991453781900215 0.06998621761120365 0.9139676120238283 636.2712217656982 -49.96753885362555 -412.91860651345775
2011-12-29_15-31-19_299.jpg 0.08003032987747444 0.9947046857346429 0.002040953847953426 0.06444818837359531 -741.3360320945637 -39.167964050582576 -267.67525985903944
2011-12-29_15-36-34_861.jpg 0.14892798694729245 0.9858051594037136 -0.029338892778372212 -0.07174867084054787 -719.1230856872548 19.571758877300397 -20.702203623923594
IMG_20161227_160721.jpg 0.08814953441567101 0.7326010680354591 -0.08986584019688247 -0.6689166356589684 -44.176962557183124 190.72389370273103 771.5799161783413
IMG_20140520_212003.jpg 0.3409637704051239 0.8266251642145852 -0.19391913393514512 -0.40352188869028577 -560.2167972459558 406.6105134074279 359.6940481212497
2011-12-29_15-36-47_728.jpg 0.0029165611937192995 0.07190411565724715 0.04492195140162642 0.9963951576079753 729.4187036292403 -0.12738446604862366 13.125409676622843
IMG_20140521_133252.jpg 0.002011678576765388 -0.0040232770754885065 0.11458559404916414 0.9934031950961694 730.1834485305852 40.30955036887003 189.74624978970039
2011-12-29_15-31-27_158.jpg 0.037803499153195835 0.9213494942949308 -0.03510284842844283 -0.38529702159043394 -660.9339845044229 64.11148493561372 421.1387357882479
IMG_20140521_135354.jpg 0.16943409838616796 0.7544356555740803 0.1306324495746388 0.620527268555302 -159.5501400111326 -268.0465468951753 -572.5705851519165
2012-02-11_15-55-27_974.jpg 0.02379812932770459 0.8398112190315594 -0.03344666374223893 -0.5413243815991864 -459.8780855580922 60.85913092769221 613.7451589595408
2011-12-17_15-04-45_439.jpg 0.046172665358570085 0.2651343932985174 0.06304648573085869 0.9610395304569431 666.6019380052406 -103.70507942071546 -394.00929213896455
IMG_20140520_212018.jpg 0.2181437652020779 0.943773244210786 0.023307516305960025 0.24730976709171137 -617.3567330711761 -166.86462827171513 -441.2336522424516
2011-12-29_15-38-28_183.jpg -0.0063117767291216795 0.24275629545087005 0.004410101985882375 0.9700567475637523 619.6528440363344 16.52278060887815 -181.77613058719018
2012-01-28_14-42-04_667.jpg -0.010512572545109055 -0.3279313932255431 0.07115364845808464 0.9419594712442471 536.6754754181392 66.67149844711805 597.4781903798837
2012-02-11_16-08-22_494.jpg 0.05943713856955661 0.6154051679504037 0.04146448995169671 0.7848722201044223 343.5458995003552 -103.45432185385118 -632.3137530155456
IMG_20140521_134514.jpg 0.1316708127905982 0.824471579113222 -0.08852908916921369 -0.5432053135458845 -274.84847171903834 220.88866996380347 692.5270954098942
2011-12-17_15-04-25_486.jpg 0.041470195062078614 0.30703496689865206 0.0768112820857226 0.9476865404591359 627.0135861688711 -105.16419214172636 -442.9769119884638
2011-12-29_15-09-40_939.jpg 0.08635058435845976 0.8504652558750341 -0.07960302199458213 -0.5127531414040248 -345.8033043544946 181.8056797650457 745.859885324601
IMG_20140520_182702.jpg 0.09330619006761644 0.9900208242821309 -0.00310615753887642 0.10556076055116195 -625.2296682864534 -37.52224922576593 -290.28689824235823
IMG_20140520_182712.jpg 0.10136099388606132 0.5233517071357269 0.128839657773718 0.8361993076661218 433.1447398611498 -187.94066937688063 -507.4995374557463
IMG_20140521_133132.jpg -0.027657753440327497 -0.2704953529047617 0.06736236179864669 0.9599633456254831 515.8288141167461 82.66781971429934 511.0238880387722
IMG_20140520_182813.jpg 0.07122221240125563 0.9963707727030787 0.0028926472167352876 -0.046522170583704836 -722.1126009322375 -23.512806300388927 -98.9981830662192
IMG_20161227_160446.jpg 0.12709534907726658 0.9908713043482851 -0.00266207921744684 0.044874756782577734 -717.773679243285 -22.446380174684617 -112.2548771097314
IMG_20140520_182915.jpg 0.05838241634800654 0.9861466384873429 -0.02063396656996081 -0.15388482798857026 -753.1488905508857 22.653695382148992 49.42433344380563
IMG_20130210_165818.jpg 0.07739624402313075 0.9821642295505376 0.0030396618475475425 0.17133011427756512 -631.6905246137503 -21.831009760390103 -181.62823261053336
IMG_20130210_165913.jpg 0.048939549205044765 0.8928638070519348 0.013488070608065256 0.44745638282586137 -458.85619332139385 -49.36355329641774 -510.9419324930463
IMG_20140521_133311.jpg 0.06365627080782196 0.8698841472445642 0.028147639186730803 0.4883207552087584 -231.66818245579088 -96.96331877578537 -716.0813703203411
2011-12-17_15-01-08_996.jpg 0.11321046306584841 0.989409095690783 -0.026478272119915693 -0.0869018614432799 -737.1052371354236 42.210630152910284 102.67913082891177
IMG_20140520_211734.jpg 0.07426345243532352 0.8162710585057752 0.04555973590852686 0.5710611255743063 -82.47237256682746 -130.824538852798 -744.7250951737109
IMG_20140521_135850.jpg 0.07274648884302748 0.9612174296900148 -0.031338238677033906 -0.26417213331037376 -672.0779664267999 75.11394304653913 434.1324880227181
IMG_20130302_145444.jpg 0.2762984280258378 0.7716124709857549 0.18876076694650096 0.5409646440863553 -131.72198676468528 -446.06246420923924 -548.2071877744696
2012-01-15_12-34-19_472.jpg 0.24229912580402918 0.9698025222711879 -0.02778036163351524 -0.0015661859903017441 -754.7267980781728 54.732715363073794 33.253230284509236
IMG_20140520_211827.jpg -0.062422999179128635 -0.487332098006474 0.11452813553247357 0.8634200030098594 248.84153598261696 187.5230049178048 706.1474220562252
2011-12-17_15-03-59_335.jpg 0.09813579015142927 0.6822199884517272 0.06721898674617495 0.7214061698302129 46.77332174822191 -183.65757109346066 -729.1799691264582
IMG_20140520_211840.jpg -0.017029471403028386 -0.12161578920252783 0.24131680588262455 0.9626452078097036 696.4715892377421 140.89421992228543 305.28020353375774
2011-12-29_15-31-05_955.jpg 0.01032793064890256 -0.6043334208809578 0.05882185125098372 0.7944900503280313 46.905502642826825 59.766401748717044 796.6678529931144
IMG_20140521_134840.jpg 0.10110223481730157 0.9927291077295965 0.007683154450485154 0.06487084028311063 -707.4397168644853 -20.292494926633783 -55.08102249516663
IMG_20140520_212025.jpg -0.04506857805333178 -0.3039444155552112 0.14283388038417671 0.9408427595190658 554.3051774222126 155.64979737213258 518.3500035818149
IMG_20161227_160532.jpg 0.11021006574144851 0.9934137898220105 -0.007189299211536926 -0.030513891550948406 -735.169348789356 2.717975924942217 15.11099255130642
2011-12-29_15-32-54_705.jpg 0.05758595193506534 0.808389344077815 -0.0759724754205924 -0.5808775339945927 -378.94671838084963 143.03574693731954 663.7372370763009
IMG_20130210_164902.jpg 0.26659735521371697 0.6829137630137955 -0.27573692642042263 -0.6217103746018777 -47.092833404520526 554.0405913490332 561.1966801658391
2011-12-17_14-52-45_843.jpg 0.16629865644144845 0.9409304174072132 0.01494031525819558 0.2945700145018882 -658.3497601579018 -93.34203998879676 -392.2137015367794
2011-12-29_15-10-15_99.jpg 0.03531826533765994 0.7300872917512903 -0.05967961415297519 -0.6798260882103283 -24.884609711117694 100.7572677473192 808.5928337419509
IMG_20140521_134601.jpg 0.05996924288674681 0.8832062549961915 -0.032048111628951874 -0.464029438273275 -400.1950040512471 81.93066441090168 653.8443408969206
IMG_20140521_135310.jpg 0.07510679933854932 0.8249845347584109 0.04424445110083843 0.5583922587656037 -251.6477349429289 -105.55763578327252 -583.0545545392143
IMG_20130302_145424.jpg 0.01761774348973598 0.46968892778381344 0.0011208627979564846 0.8826554650021774 498.04049738548326 -24.816894476436687 -508.8631231897924
2011-12-17_15-01-27_386.jpg -0.020179089424943217 -0.19548686584369626 0.22440508906649695 0.954473700860137 667.0757934974561 100.6432310646524 296.1782278038253
2011-12-17_15-02-09_761.jpg 0.09960050714653412 0.9947644226413843 -0.01422683559935717 -0.017918693365765025 -733.199778807006 8.082782796416703 -23.3577806944568
2011-12-29_15-32-40_658.jpg 0.03107271824858892 0.3466951529843895 0.005542719631470426 0.9374466573287575 667.7351416614603 -50.746811037238125 -392.03065047157725
2011-12-17_15-05-47_728.jpg -0.015850751928652113 -0.3836931573800791 0.07608634680218017 0.9201843198366843 587.6301240216636 58.27912693657823 545.2227588180778
IMG_20140521_133505.jpg 0.12384996789664575 0.9245494374757847 -0.059533245011774476 -0.3554227283863219 -657.4875380396659 124.4549893155322 395.19257070157414
2011-12-17_15-03-03_393.jpg 0.13051427184962214 0.7737348297336708 0.11211792248030344 0.609696653721563 -134.84652104357102 -251.8341309140872 -676.6560960944498
IMG_20130210_165854.jpg 0.03933672768641237 0.7181070867492999 0.041919171280740825 0.6935543359351842 -80.43963359808401 -84.7435031489244 -667.0671316425122
IMG_20140520_211742.jpg -0.03717635039797295 -0.3253170418214237 0.11679490610535813 0.9376276932660885 471.25652349270274 142.58894678765847 583.3135029865161
2011-12-17_14-51-19_450.jpg 0.06058366354807427 0.8583936091815965 -0.04231697879599414 -0.5076409210582475 -314.894937417395 93.41564785304624 659.7403957594863
IMG_20140521_133125.jpg 0.10886270563909518 0.9911871181627228 -0.022648285196059447 -0.07200043949095022 -727.2763284343912 6.160499527012768 -68.11569402693516
2011-12-29_15-31-55_697.jpg -0.021085038883911538 -0.026237081201382493 0.15791300770379288 0.9868791814114019 743.9675295595572 91.69644930734178 200.18747214445295
2011-12-29_15-10-25_282.jpg -0.011412573283333357 -0.41550538053667735 0.0709203859876043 0.9067498722180738 549.7832815996208 52.44887474400848 588.5970088137165
IMG_20140521_095604.jpg 0.0870612839405417 0.9544737678831918 0.04090226055722238 0.28235999069060114 -532.2264140618581 -120.60878231121993 -541.2498769436911
IMG_20140520_211930.jpg 0.10917456011954882 0.9093989494852075 -0.04963824668587948 -0.3982593508806243 -615.7938146462951 112.83784989870637 461.7007951220932
IMG_20140521_133207.jpg -0.02855984478756261 -0.24251482091419616 0.20561460818531194 0.947677967351498 562.5859321675463 178.02704425142161 468.4134252137395
2011-12-29_15-10-33_314.jpg 0.13328152178634145 0.8733033622412554 -0.07512565130118688 -0.4625293611923553 -427.0878517610456 202.10471094637984 652.556881067414
IMG_20140521_095645.jpg 0.1089455598102742 0.9839859333021028 -0.012238668247445622 -0.14054452341071305 -752.9419297221506 -1.8349420022975251 18.239377217919028
IMG_20140521_133039.jpg 0.08031524671242306 0.5099106119567813 0.1500269826553423 0.84322745059368 461.57816373965954 -171.29957921050698 -506.773277158052
IMG_20140521_133102.jpg 0.05952552454781452 0.9881207131268794 0.002319613079082274 0.14166434841588763 -625.6282798314077 -34.42648786580482 -353.3794450626126
2011-12-17_15-00-40_564.jpg 0.06723055678628558 0.9255290516896673 -0.05427132468712918 -0.3686877405465718 -553.2720649469388 105.51780872727682 508.62168943552365
IMG_20140521_133028.jpg 0.12072602837870759 0.9596383678038243 -0.03727714368871977 -0.2512565296049566 -670.209815933178 58.533822490917025 194.72131241728826
IMG_20140520_211823.jpg 0.051242278859086575 0.8391869917439199 -0.03089186137760456 -0.5405415013167296 -462.218412265284 71.56328820971005 613.9831415479858
IMG_20130210_165611.jpg 0.027105246287598896 0.42098917772493305 0.04284644681889667 0.9056476135104476 415.7306817558165 -59.9169806527743 -489.93506769050487
2011-12-17_15-01-44_429.jpg 0.08827340925889791 0.9952251463557328 -0.022900144983489717 -0.03478931788288738 -734.1832766328647 26.452146383784047 17.03737458244823
2011-12-17_15-00-58_832.jpg 0.06034427903057744 0.8297830804980989 -0.06729411556760018 -0.5507178127837706 -305.7444479805657 125.79352337052919 673.731967892708
2012-01-15_12-33-17_302.jpg 0.13879763537455408 0.7736661630736855 0.05705378524290304 0.615565390611534 -195.96488480689172 -182.56690596679184 -645.0327998756469
IMG_20140521_133301.jpg -0.025057210960212857 -0.49020251369524276 0.04494648911956996 0.8700881822330336 219.27861987218353 73.319379552021 717.4902842105244
IMG_20130302_145343.jpg 0.04504235558091407 0.9822878130583997 0.004749642501440725 0.18182210926281103 -592.4399823844935 -31.024795006001657 -391.1521253163265
IMG_20140521_133245.jpg 0.018722195065892552 0.23579260165447521 0.11055236896379866 0.9653131627266983 735.3950343299347 -26.23547482219078 -164.91108983134646
2011-12-17_14-53-20_749.jpg 0.12216389476602936 0.8824377265963554 -0.056632452696307456 -0.45074649948352324 -428.6003766932238 165.1978346843785 643.6699729738796
IMG_20140521_135722.jpg 0.20586703441315654 0.97798684840427 -0.005545582488016281 0.03361153083518298 -774.9367135182409 9.525630159546076 -6.100836258656856
IMG_20130210_165200.jpg 0.013682651944326276 0.019362872476195555 0.09916966694156558 0.9947880384101632 736.0563995031798 -38.48323841828913 -63.379229997078596
IMG_20140521_135704.jpg -0.05454915342433075 -0.48576714550022076 0.10163385635619539 0.8664440140340429 442.6261562509726 133.93397565029395 611.257571910414
2011-12-17_14-52-17_633.jpg 0.04046954929702915 0.048392653319832536 0.38592598680323686 0.9203703055804823 749.3481773776197 -79.8272758774399 -28.94726757814
2011-12-17_14-52-06_93.jpg 0.07503604460973283 0.45824288297006355 0.08991949819511755 0.8810774858438661 403.784094077834 -174.2098176832871 -622.2122537470757
2011-12-17_14-51-41_274.jpg 0.03866150823099028 0.1962719562582524 0.10134176178129126 0.9745319154788762 670.1731526844596 -100.6572460290029 -312.7575931060333
2011-12-17_14-51-31_186.jpg 0.20018610632965955 0.9079818964437878 0.06278090874310133 0.3627022967397702 -567.3487432258139 -186.25654190229284 -439.3119098854772
IMG_20161227_160435.jpg 0.020271166894809147 0.10557399174163846 0.1380952436402036 0.9845673749136785 721.693513500997 -39.97579762594186 -92.09552716249527
IMG_20130210_165742.jpg 0.0487537069289078 0.9821768125874466 -0.0027533464558741724 0.18150538272885275 -612.8430071017702 -11.565454394853743 -206.2540117664101
2011-12-17_14-50-31_710.jpg 0.1903406873005594 0.9595881385408574 0.008697862754453172 0.2070878420215615 -692.3707304531789 -57.21863600600079 -239.56689696686655
IMG_20130210_165721.jpg 0.026347712420727393 0.49107689452660275 0.051289202883254816 0.869205786554544 323.29847458949837 -68.22094665124135 -553.5589472736457
2011-12-17_14-29-19_237.jpg 0.14503291257564221 0.20467370744484428 -0.02282797913701117 0.9677566900410088 720.2588379376351 -224.20705287802193 -172.94974640749516
IMG_20130210_165700.jpg 0.0008466964710327871 0.16804498943871762 0.030853223857871693 0.9852960180611734 607.9415984092979 -12.119242029708195 -210.22158953059795
IMG_20140521_133517.jpg 0.015076963797619232 0.5640731500651764 0.01949565737249886 0.8253569445287344 398.2111346866551 -37.08275587327346 -671.1163327144299
2011-12-29_15-32-31_892.jpg 0.02309932081215592 0.03684034435703521 0.06593606236848037 0.9968759431769894 771.0053171165257 -22.62165919533432 83.21182082671731
2011-10-01_14-02-41_437.jpg 0.005705828604824614 -0.10771371885616061 0.10286522347502774 0.9888295829360795 704.7237967706338 40.678466170934215 316.4160871556218
2011-12-29_15-32-14_611.jpg 0.055066945700339404 0.42983246038891476 0.06464657675751641 0.8989062841035114 592.7875927821476 -106.43567746969353 -480.6289891203011
IMG_20140521_133459.jpg 0.19500047810842494 0.9796565238763716 0.01007973387244057 0.0463282605869276 -749.0168088561077 -82.32971192112944 -190.24146852143036
IMG_20140521_095608.jpg 0.025713284847837477 0.3477322300707369 0.09474972186589976 0.9324396030621505 680.4132283805875 -58.288914719154704 -353.7936719656579
2011-10-01_14-02-20_999.jpg -0.011075506723419823 -0.34326491288881683 0.14275712883891825 0.9282601655225332 458.53066684510526 132.0360888901253 596.248418469928
2011-12-29_15-31-37_791.jpg 0.046332783091413365 0.7827170203411643 -0.041665078391011606 -0.6192506443451833 -347.4648666865835 88.74710093101335 691.7798450011461
IMG_20140521_135054.jpg -0.03565747257866056 -0.2525672347201662 0.18170781493802288 0.9496950071394291 583.4956840271615 99.43524469708917 310.89958396387885
IMG_20140521_135854.jpg 0.07229449054461086 0.7333924757001368 -0.07537882376603579 -0.6717343345035812 -35.3088570618827 158.71799788553523 786.8929891493408
IMG_20140520_211821.jpg 0.053756062264130024 0.8446099028518821 -0.02792289324064608 -0.5319442732161527 -474.8861398581048 68.00972909350638 604.6706874745157
IMG_20140521_135330.jpg 0.024821049389573132 0.3270667632352744 0.054282340844775984 0.9431143490406733 491.6147943404711 -61.74770584610641 -417.4395037717674
2011-12-30_15-18-43_648.jpg 0.07246485051913584 0.33866951502838716 0.09963730896673749 0.9328044873881897 585.5034119926844 -146.17091579148115 -411.5309508691381
IMG_20140521_133045.jpg 0.08201811423808764 0.5079810546290179 0.13710599534872445 0.8464220124230313 463.76231459433956 -167.9037294776816 -506.4063783689626
IMG_20140521_133546.jpg 0.2845704439858936 0.8034872322207132 -0.17860084990631844 -0.49145667813217275 -463.25856768556 404.299520704831 495.1661119265885
IMG_20140521_133343.jpg -0.001353147040600299 0.02625680270732208 0.23738925593202587 0.9710587471789308 756.513924829032 69.73287271020226 110.32401948919477
IMG_20161227_160317.jpg 0.23732396002322184 0.908041328368315 -0.07214256837347745 -0.33754071428863347 -642.3969542286626 173.33158272812017 363.72988890073316
IMG_20140521_134523.jpg 0.09954421617494055 0.7867128894492837 -0.08989265667809827 -0.6025720611477351 -167.90124729834432 197.06532088887897 733.4973024848526
IMG_20140521_133521.jpg 0.003688826014132246 0.15926601601219895 0.08387468358001782 0.9836593750687235 771.44398724358 -8.28728899266278 -122.31415224572308
IMG_20140521_135342.jpg 0.07754740902226705 0.9740460175290208 0.003929401977990281 0.212615415456838 -601.9542716597186 -28.288554438538956 -240.61239736851005
2011-12-29_15-36-03_290.jpg 0.04704315894667954 0.6437425465934271 0.03192353792825461 0.7631273567549978 242.03875513047427 -82.07597019841936 -667.5490710704053
IMG_20140521_135220.jpg 0.08670485824651883 0.9418847395941421 0.029728505125344837 0.32318975983025805 -493.5348824054927 -79.70911395307756 -405.1946387691202
IMG_20161227_160238.jpg 0.021295343356402503 0.2744235284168658 0.05492290969874086 0.9598029534194994 718.4519696718685 -42.7061099985701 -282.3167703188876
IMG_20140521_134955.jpg 0.07568086861720938 0.8722864031055841 -0.04891730323535584 -0.48062036424463683 -362.2422114093032 103.35418406393819 583.8464448857802
2012-01-28_14-44-55_57.jpg 0.04315703909534964 0.5151919659591404 0.038778874795845304 0.855108710666221 393.34512925396024 -85.56204657553303 -602.9240537724626
IMG_20140521_133539.jpg -0.0868609913791513 -0.6877848833407649 0.0798951249600098 0.7162568613508605 -92.75736625344265 178.76834679174743 763.655727158928
2011-12-29_15-30-50_650.jpg 0.008611370826254629 0.2872954287277921 0.009641447569105578 0.9577547825061379 719.031479181783 -13.656267828724902 -304.54418221015635
IMG_20140521_133535.jpg 0.01083751601983409 0.2997205259848934 0.02542120461571109 0.9536267178019632 710.1460041002417 -26.550569759530184 -344.6415052516339
2011-12-30_15-18-20_837.jpg 0.10782761072742167 0.993786234826712 -0.02365247502879627 0.014236792432819338 -726.3047917225545 13.91926652450482 -82.14916368895109
IMG_20140521_133153.jpg 0.031146013721598434 0.5942979073861446 0.04500787465416082 0.8023803426834551 376.4442032390472 -69.55865074284605 -640.2050988547671
IMG_20140521_133558.jpg -0.02705878636494463 -0.3229942069791437 0.08822223700319706 0.9418913956696503 534.2343923124721 97.76747959384363 559.1065680247531
IMG_20130210_165733.jpg 0.015623308644644339 0.2317163024740849 0.05858785041362204 0.9708918225933529 566.7227384971329 -45.21507013254963 -306.79459349795997
IMG_20140521_134537.jpg 0.15832195305079014 0.9750707284709985 0.01544733828571561 0.15470169165560593 -752.1276511244434 -57.31505338812994 -193.33413964069416
IMG_20161227_160600.jpg 0.13455341614509816 0.6410507130363705 0.12779783415570292 0.7447261745798635 116.60625071274757 -282.900143094632 -692.6368687169631
2011-12-29_15-33-17_315.jpg 0.03330640864924063 0.8809450671982184 -0.029282493975584637 -0.4711358692230794 -549.9344092768448 55.81359457008638 523.0659161930344
IMG_20130210_164919.jpg -0.02878069753463689 -0.4808453833846879 0.03513211767241809 0.875628416073225 439.96400540506374 57.611356568693424 653.7506815738251
IMG_20140521_134832.jpg 0.10713649629310715 0.9331374382759944 -0.03565865398766154 -0.341327925674915 -519.5498075652479 99.12496657735613 478.92177887438896
IMG_20140521_134530.jpg 0.0553345841219871 0.5425843434701648 0.089208150025447 0.8334159945610204 279.9725495392026 -158.16841934244155 -709.2557723259665
IMG_20140521_133200.jpg 0.07260545507150627 0.9875920933281428 -0.01772929824616821 -0.13811581036686307 -749.1682085872495 15.373845016074682 30.951121550874618
IMG_20130210_164947.jpg 0.1758266688375705 0.8310482111911887 -0.11840524286887547 -0.5142217922867243 -313.453661464944 293.0329970968328 651.3321817691858
IMG_20161227_160713.jpg 0.027825878324484254 0.11086485399925303 0.14854860589697794 0.9822769550026405 770.0289417137436 -84.42041641289849 -186.71165097419333
IMG_20161227_162905.jpg 0.21933667621210015 0.7449113852758769 0.18295963408073446 0.6029296997591393 -154.68313588091556 -375.05259664556155 -557.9421552218752
2011-12-29_15-35-03_214.jpg 0.019659736687651905 -0.18206908151727355 0.02697633645863388 0.9827189942094833 572.1164640227768 -9.211816067629618 402.24553685331784
IMG_20140521_133144.jpg 0.012192296771005265 0.214406126851169 0.06459311059459365 0.9745301897488055 724.7600357375127 -16.800500131194944 -145.1049541327965
2012-04-01_17-53-05_488.jpg 0.07822953625548558 0.9797159510320366 -0.023796798941810207 -0.18294946654955402 -728.4868404850542 52.16177860003758 286.53468779038184
IMG_20140520_211849.jpg 0.057662314857633304 0.4306490547642298 0.09969272212632597 0.8951412236239479 590.9202805076371 -124.95997928955843 -484.1484309295227
2012-02-11_16-05-04_241.jpg 0.04481779462037567 0.6909638471871564 -0.006189573539778217 0.7214721175105008 209.1189967412239 -52.19894948876921 -688.897522960682
IMG_20161227_160604.jpg -0.20305858797739187 -0.6429329749654914 0.20960118827295776 0.7081466948487544 59.570513721411054 415.40377351237953 629.6391206639006
2011-12-29_15-33-32_635.jpg 0.04616961530860809 0.7498090973308309 -0.06715245312957141 -0.6566165031590816 -269.3794088610089 120.74657663688475 692.0234233814741
IMG_20161227_160525.jpg -0.03683297039473165 -0.28610564980291475 0.19396943085993312 0.937636789665714 595.0374216896192 136.81741576181133 408.28926961778336
IMG_20130210_164850.jpg 0.16125330559901108 0.9627765444287645 -0.04702012436445898 -0.21177300308573505 -710.8740005585025 118.73316324844124 315.45167642763647
IMG_20161227_160732.jpg -0.03448798310207475 -0.29654943855118715 0.12169530371760615 0.9466040685363686 674.2948060543065 95.04329271899192 417.96233060778553
2011-12-29_15-34-53_611.jpg 0.02108353715483829 -0.02888451132376638 0.05338310175123761 0.9979335718944651 669.4392187703031 -7.182427294871804 214.2337658037436
IMG_20140520_211900.jpg 0.004274789304592805 0.17650890272231085 0.04319688530363889 0.9833414272449993 764.5235534446451 -7.411232883319343 -129.57743969759298
2011-12-29_15-33-51_400.jpg -0.024524633879793114 -0.19490986029359014 0.157174360750459 0.9678351662427229 602.6960574402524 132.2633636688976 428.0375689743833
IMG_20130210_165229.jpg 0.08249957988305245 0.9296594282433256 0.015215466840744409 0.3587417683602377 -566.2228796005916 -64.0804295967405 -445.895753984432
IMG_20130210_165147.jpg 0.024906011053318532 0.9648553701286682 -0.009812721308533246 0.26141445225504406 -663.1646000931045 -1.6612050176643194 -344.8949567384933
2011-12-30_15-18-29_265.jpg -0.07780219871267315 -0.5771311081969979 0.11199482271280187 0.8051854826760775 177.58841485828052 186.02303148727967 684.5900809949738
IMG_20130210_165136.jpg 0.21707655100095535 0.9698420950893715 -0.03601006782124629 -0.1048205925078522 -720.910105014272 97.67221510432464 182.92909616516158
IMG_20130210_165128.jpg 0.0325394929545077 0.5964397768704561 0.04877729933995859 0.8005133034710192 168.4123599031984 -92.33840240313896 -726.8542660112281
IMG_20130210_165125.jpg 0.08358854733253256 0.9242741171140995 0.035741926433474056 0.3707463093310748 -575.0672805446519 -97.45271932108442 -473.81225062059883
IMG_20130210_165116.jpg 0.10683173263438073 0.6984445965096676 -0.09187385097110996 -0.7016561280403112 54.42325198165799 202.5639867608904 723.252256536739
IMG_20130210_165057.jpg 0.18102340957935928 0.9469615973457338 -0.057391195047535044 -0.25923060982009033 -628.9859905804835 163.33922970198105 402.520498763419
2011-12-29_15-36-19_806.jpg -0.005242915846111755 0.11005440563055488 0.05649429833072764 0.9923048593506205 716.6296532192051 11.601605482585407 -34.77169887090684
IMG_20130210_165052.jpg -0.05218347671775725 -0.6557663579607854 0.044248239629329604 0.7518573413980869 153.75516501968656 96.5734987175678 743.4517535968372
IMG_20130210_165043.jpg -0.011749332681678878 -0.2273154393786115 0.09727933421095916 0.9688789270786711 707.9861648392229 35.06802900565406 295.77010701291147
IMG_20130210_165031.jpg 0.16923935999385 0.9421840428197416 0.04003371045591349 0.2864342341827385 -664.2083140904947 -129.08368273291518 -373.2826259174873
2011-12-29_15-35-42_606.jpg 0.3203463558858333 0.6816880577357484 0.2836251408583509 0.5934950578431227 45.24869680083281 -541.6743124244057 -445.10197885586535
IMG_20130210_165017.jpg 0.1983980036630863 0.9264256710310935 -0.06505390058638648 -0.3132757542734303 -591.3200284597793 198.45870885595596 468.4612976082703
IMG_20130210_165003.jpg -0.03629203774794326 -0.4381871282493305 0.06342922287512694 0.895908289010747 509.0832405286478 82.39094328037089 582.0878718512936
IMG_20130210_164956.jpg 0.08207319971712236 0.5260364322545178 0.1252534789910413 0.8371745503954189 301.7569503226632 -221.6795342293306 -682.8830666316096
2011-12-29_15-34-47_696.jpg 0.0651474467549603 0.419260975221515 0.10741297479889958 0.8991320802209565 569.7000823984931 -116.28792254253503 -394.7927588687556
IMG_20130210_164938.jpg 0.38928493457059155 0.8495406413112746 -0.14732355167414174 -0.32408904578667136 -563.4495985131757 405.69036332256337 362.42124370065386
IMG_20130210_164929.jpg 0.0011103270180505493 -0.16286459929134145 0.08905165316821145 0.982620828468231 751.1351334475553 8.688634961998268 229.02239075050196
IMG_20130210_164844.jpg -0.007313092374906599 -0.1275548541125475 0.04275129421226387 0.9908827401440694 761.7964449050971 11.674783015480852 194.81316222961595
IMG_20130210_164834.jpg 0.1883114486539417 0.8917055211578468 -0.08303414141968407 -0.4031195768021727 -516.7449143006497 227.02239576886288 540.6211348543628
IMG_20130210_164819.jpg 0.3513186791746623 0.8268099132423563 0.16843061516590865 0.4056990028358104 -475.68500193550824 -443.3093269679061 -423.3745803226127
IMG_20130210_164807.jpg 0.00678341420867061 0.34003654721035764 0.05358755826377918 0.9388596835801707 597.4157904050338 -45.932927929518804 -490.0629844385761
IMG_20140521_134509.jpg -0.03369997618035996 -0.28030785376071954 0.08596268113815775 0.9554591755679787 670.694026425725 74.64359974487985 385.10335227670623
IMG_20130210_164749.jpg 0.007333774238746739 -0.07292421606187416 0.5561416011934573 0.827849499540317 758.6355663388788 55.228424005475325 108.48008485891556
IMG_20140521_135831.jpg 0.0799248895260105 0.1472032173825814 0.30870269521338395 0.9362936883235219 734.5773970683696 -218.64535434398172 -204.4014780424628
IMG_20140521_135826.jpg 0.12214390407916922 0.9866701016094839 0.002011747798730802 0.10751246512392863 -782.0782767515084 -22.53048018468126 -128.48080375689239
IMG_20140521_135822.jpg 0.11153704867769464 0.8392995677199803 -0.06434509894763643 -0.5282001804607249 -307.3973997665638 175.52415339302092 709.0338582822022
IMG_20140521_135727.jpg 0.1801624616816976 0.9489176245176899 -0.060221497744044894 -0.25193292855432603 -646.8533560774615 165.93971387163472 393.8474875304296
IMG_20140521_135635.jpg 0.09019629857568136 0.6564467552073395 0.07128475594086085 0.7455607077035739 34.47574495639006 -177.68417717361908 -728.5915591453123
IMG_20140521_135627.jpg 0.17008177843378253 0.92224973527951 -0.0842504005740447 -0.33679293998655746 -524.3531972392308 208.2231869480041 484.7694584277577
IMG_20140521_135615.jpg 0.19539657609205655 0.9739724254889044 0.006263509870265825 0.11471120643976816 -727.046718061747 -24.979943870657817 -101.71160545868429
IMG_20140521_135553.jpg -0.11820285179262364 0.932818467256427 0.1957654406168246 0.27848462297506255 -560.4308919796798 -228.5658780172693 -316.14320996350443
IMG_20140521_135550.jpg 0.08181676296729151 0.5326265526998871 0.11280928602257757 0.8347988006961109 413.9564234214443 -184.32061027924652 -602.9931090749268
IMG_20140521_135542.jpg 0.07640506348614987 0.6510007927420044 0.0871598288227749 0.7501755783565226 35.29242786764922 -172.40772392089184 -694.6094087490757
IMG_20140521_135532.jpg 0.09987905456403565 0.8432535011965443 -0.04796209546122329 -0.525972760300505 -251.1184138675666 131.4898673197182 649.0685342651869
IMG_20140521_135527.jpg 0.14370539812509245 0.9338998935898338 -0.046049641503644045 -0.32412833541668606 -512.3561313393053 135.01064411382524 470.1802979234074
IMG_20140521_135517.jpg 0.08004180947697505 0.701479852989272 0.0643411216568389 0.7052514052802309 -65.17486707839133 -148.58688166593214 -686.0361455030263
IMG_20140521_135510.jpg 0.1207658914185004 0.4757958993125843 0.06581045029191392 0.8687363502810268 479.6847281761783 -206.53003704814185 -547.7394596265204
IMG_20140521_135502.jpg 0.1504175833585857 0.8142764515466615 0.07144060586261153 0.5560797163241287 -318.5427945534257 -192.72186807464996 -588.3149091207466
IMG_20140521_135458.jpg 0.14367599623493188 0.9693993627588351 -0.023185220615566136 -0.19769807569541978 -611.9178324293908 80.93167428529415 320.60017096766404
IMG_20140521_135439.jpg 0.15890789223691 0.9784268921883643 -0.014151673428679332 -0.13125863235082574 -640.2877761184386 57.89971061014119 226.32943413929462
IMG_20140521_095557.jpg 0.028131563410050357 0.7977476466943503 -0.009691195150522478 -0.6022569120153688 -371.49469620424946 30.61249915935974 672.2261521798629
IMG_20140521_135339.jpg 0.13417739161312556 0.8807401651960721 0.061182576086676994 0.4500554203358633 -404.89035597561707 -148.81225353815194 -484.8029730110358
IMG_20140521_134437.jpg 0.05018104303084274 0.6330214293965372 0.059847271865275886 0.7701844174581731 140.53368265235392 -128.25675496822853 -759.5803030754718
IMG_20140521_134157.jpg 0.12495641836067732 0.9321866084169679 -0.048828242827521164 -0.3361990828377121 -582.2299507189811 116.01194528030285 428.5467227605992
IMG_20140521_134905.jpg 0.22885703133413762 0.8433034370181871 0.10868836023370351 0.4739732193615445 -401.52317808687945 -277.0206361407633 -507.2407324533794
IMG_20140521_133901.jpg -0.006622306392923343 0.36471654870254433 0.009470204942389421 0.9310468835557595 604.1573370062175 4.251464594731814 -404.9175255659352
IMG_20140521_133440.jpg -0.0001564198424148541 -0.09330941219651415 0.07311250737309787 0.9929490875135503 722.4033082287509 29.729879278797917 279.19370421433496
IMG_20140521_133430.jpg -0.0033610203710456696 0.2173324332402741 0.03144390834226106 0.9755852590276725 749.8641833069362 2.6252946640707004 -189.7026581421357
IMG_20140521_133129.jpg 0.07532967176589889 0.7551750444358847 -0.06946619526591512 -0.6474647021484482 -277.3560400130284 139.1766977089158 660.9912185827721
IMG_20130210_164315.jpg 0.35725710021882856 0.9309429737258214 -0.0249136486048009 0.071357228974751 -690.6568090188463 -79.50234353614691 -186.32847230001732
IMG_20130210_164224.jpg 0.2868464114570785 0.9057106508429491 -0.1188159857830969 -0.2886002680286858 -650.24777401907 222.31938145779054 253.98975609169239
IMG_20140521_135349.jpg 0.05725860543963471 0.5809858035150554 0.06211920617098118 0.8095172341845239 176.34678405425154 -114.8707510769875 -617.0533198326308
IMG_20130210_165539.jpg 0.04742821182848675 0.9118077308225976 -0.022371872919037313 -0.40725511173832063 -622.6203771205905 46.8192358784949 423.51359587721083
IMG_20140520_211939.jpg 0.017107534586527494 0.5753738565223009 0.025006280115540187 0.8173291524507174 379.9906904082945 -43.47864237054756 -678.4251211453757
IMG_20140521_095640.jpg 0.08095980291465232 0.7065244836285852 -0.05990971379646321 -0.7004851822402872 -201.35067520881182 137.30779590622146 712.6348699064637
2012-04-01_17-50-32_648.jpg 0.04766347520278417 0.390620958311344 0.09395590521705548 0.9145030059733894 459.95631695929865 -122.49903318894626 -508.913840918524
2012-04-01_17-51-28_674.jpg 0.17325420546974943 0.9411246017166232 0.047621606658265425 0.28635580474308314 -648.0243268743968 -133.8744064470085 -350.7130395363481
2012-04-01_17-54-56_5.jpg 0.11724580539668175 0.8270752087146275 -0.08311862261224942 -0.543407135416514 -400.56769250532363 188.1355259198083 635.4818212597156
2012-02-11_15-55-43_341.jpg -0.00784361768730472 -0.16596302861900605 0.1885543681115165 0.9679059877174278 647.2655613252929 120.01501812422583 387.75704285759355
2012-02-11_15-56-05_505.jpg 0.00017825111861315994 -0.20773280384031748 0.16412026296066687 0.9643192364154628 603.6420118895772 105.39812910607628 448.13864912319343
2011-10-01_14-36-47_800.jpg 0.09357537647685871 0.9864880239602017 -0.0006018669763074694 0.13447923726900787 -624.7405516196351 -21.408833787706694 -173.03130925887498
2012-04-21_19-06-20_584.jpg 0.02894882426260339 0.1634035696022146 0.061600758042574984 0.9842086087937083 760.3162327917036 -48.68613003738182 -130.4721174464297
2011-10-01_14-37-04_651.jpg 0.12032156025232693 0.5370700684229217 0.1416484400529096 0.8228087160289574 271.0216634405475 -228.17263039543107 -539.7459294315248
2012-04-21_19-06-34_639.jpg 0.027380637967297564 0.3273489115192968 0.03685590829045928 0.9437873875061698 678.6684211293833 -54.17995753265191 -373.04593091806163
2012-04-21_19-06-42_262.jpg 0.05029142696693801 0.6612527010779862 0.03285327260275398 0.7477541709479029 219.66947005101778 -95.72862500495832 -739.8729566039427
2011-10-01_14-37-38_417.jpg 0.051298681783319394 0.196735737947859 0.06038347654299583 0.9772498812596431 586.7175026899631 -87.05044709089537 -255.6617082830204
2012-04-21_19-06-59_420.jpg 0.05415682985228122 0.7870107350693607 -0.07149383995086898 -0.6103849371626199 -329.3361018880467 135.84851917533211 692.6737010642049
2011-10-01_14-38-10_16.jpg 0.0852170724758325 0.5904976719358522 0.04552361520521942 0.8012353901667314 162.08353226304467 -128.17501082929704 -612.1165249927112
2012-04-21_19-07-18_263.jpg -0.02207356884925468 -0.44944128146363777 0.08814946585810336 0.8886759610473952 316.7139148442864 111.6983134014902 697.2435675873633
2012-04-21_19-07-28_94.jpg 0.07581337803451575 0.9728931293630466 0.013523186199747126 0.21805598818693558 -607.3257472775073 -69.40570552435403 -470.54207052727946
2012-02-11_15-57-37_244.jpg 0.007712448360237387 0.7071221290400187 0.008660000643670687 0.7069963346093476 176.97494281895126 -15.861642643827505 -694.5085408993009
2012-04-21_19-07-46_32.jpg 0.04137761092758523 0.9251824032934846 -0.0393140513498905 -0.37520636897109866 -656.7048675039534 67.93604230959824 385.0951271465585
2012-04-21_19-07-58_895.jpg 0.0055242795419160615 -0.08117753012320428 0.1281678758782506 0.9884091695909625 697.0709011583014 53.48085629362016 294.20476439265155
2012-02-11_16-05-22_472.jpg 0.09753463414997703 0.9821690329585483 -0.0169920404310372 0.15981944938113513 -614.9121821692484 -33.55435966843925 -387.9231910545132
2011-10-13_14-39-23_451.jpg 0.06849733951564053 0.6754603532716036 0.04196544568046593 0.733007726430165 208.294207002733 -109.86969979695455 -648.4496549300186
IMG_20140521_134111.jpg 0.11969028809922272 0.8874922526980373 -0.07265108204955942 -0.4390370788586266 -478.621418462728 159.94805277291147 535.5348011833698
2012-04-21_19-08-10_84.jpg -0.012216482852867534 -0.5166482026484746 0.03868111630939209 0.8552363202576618 177.8672043643143 53.845863666259696 731.9089790506132
2012-04-21_19-08-20_123.jpg 0.05349446452061205 0.7272699811578724 -0.06355720541566516 -0.6813055103344107 -232.9941132536565 121.65178973521857 705.5702962789268
2012-02-11_16-05-39_713.jpg 0.04857783084666393 0.7756714949773953 0.0218335221767018 0.6288856999003278 24.422832641657866 -75.89890212916133 -724.4497992482072
2011-10-13_14-39-58_742.jpg 0.02908193007028804 0.09196078267201266 0.08639917125613628 0.9915808786982488 699.3720585638973 -22.299351874107316 39.41279179702353
IMG_20130210_163122.jpg 0.05229887425410492 0.42727671920349314 0.12908607377087067 0.8933287292687245 568.1449290979317 -108.31581578435504 -413.26572130637913
IMG_20130210_163137.jpg 0.0014136926042923512 -0.039197232037568225 0.07977359667238205 0.9960410391885297 667.8443950025286 28.9565017802737 216.5514661380444
2012-02-11_16-06-13_994.jpg 0.01092848947988147 -0.1988932720529774 0.09473280083373425 0.9753705608105793 575.8941641164225 41.77209720661384 414.31531495816404
2011-10-13_14-40-18_252.jpg 0.061895469224903105 0.4318895004490928 0.10962572277801474 0.8930972014269559 563.1626837056731 -118.53017052706326 -424.7390729535665
IMG_20130210_163148.jpg 0.14409110301174252 0.46585934343305635 0.23886194471112887 0.8397367429961596 490.2962937251975 -273.1287199985828 -414.038833233732
IMG_20130210_163156.jpg 0.0597768552040526 0.9781383563688377 -0.0006329915621131445 0.1991775155575184 -567.1227364535534 -33.93934524172972 -412.75115047568954
2012-02-11_15-55-54_45.jpg 0.05002592704388319 0.21597382684164024 0.10752967556819001 0.9691697898794505 745.6743594674246 -75.09253977561885 -151.07141816971568
IMG_20130210_163204.jpg 0.00925507149781176 0.6213811213086321 0.02536041827339859 0.7830432267236564 315.77862730900137 -27.003355008092 -633.6669401995413
2012-02-11_16-06-40_96.jpg 0.056495378480223436 0.8563641905160364 0.0036348858938926244 0.5132596156105874 -185.38745497093126 -58.91919774258095 -680.3024163537116
IMG_20130210_163213.jpg 0.1084995864508876 0.8928452883920479 -0.05743244908180089 -0.4333089481289004 -559.7965936184726 113.11937078217413 429.9087199026395
2012-02-11_15-56-19_244.jpg 0.09139289112747681 0.9119889209694939 -0.048044726189781554 -0.3970078736821311 -630.6275729391782 92.15592417128799 396.71913446098665
2011-10-13_14-41-53_189.jpg 0.11102839614138911 0.9932422492806042 -0.019419666937817607 -0.027665972426454268 -722.4452079850184 -9.658085317909805 -145.8887842402696
IMG_20130210_163222.jpg 0.03702031264812915 0.06960090890760026 0.263301234244476 0.9614872177912746 716.0835629011863 7.775923432460885 61.48157988686161
2012-02-11_16-07-27_41.jpg 0.05444355316285335 0.5432360256788104 0.03449719003298862 0.8371024213341652 457.0832708204067 -92.81960868569865 -572.9741937803868
2011-10-01_14-04-55_608.jpg -0.016947481513199084 -0.3779284609625406 0.057443519131379975 0.9238956128127501 477.9969017806034 54.921704455899004 549.5966011930342
IMG_20130210_163228.jpg 0.10150550170475181 0.9864328989657125 -0.024846619331285808 -0.12660732391758722 -721.5754638605257 20.184666320045526 13.595768965163145
2012-02-11_15-56-35_310.jpg 0.031816543671953725 0.47727759106337847 0.04742086077734745 0.8768951308911714 549.676537583996 -64.06695220516467 -505.8260867439826
IMG_20130210_163239.jpg 0.05211270746009362 0.298142244703719 0.2652449175995535 0.915445575297523 676.365562746602 -104.58596420148506 -254.10521045360937
2012-02-11_16-08-30_939.jpg 0.20032026149056242 0.979348981708786 -0.02342075914903683 -0.014100812146799098 -708.8355754916317 -36.048982641930955 -156.09714876249996
IMG_20140521_134226.jpg 0.07983336962152653 0.9523585014330482 -0.016089888231804073 -0.2939065044189392 -626.1357435676681 47.3528990237115 394.073784574496
IMG_20130210_163245.jpg 0.0950805040295221 0.949911500920329 -0.04337425877532244 -0.2945276079563188 -682.616587673085 72.44742142649517 257.3056914418478
2012-02-11_15-57-28_658.jpg 0.04620045666571349 0.4353470172769668 0.09084806926281143 0.8944747736315133 564.9386953017153 -90.74494290132408 -428.4161537874267
2011-10-13_14-42-44_697.jpg -0.041718510408327934 -0.31857038076236227 0.1469107196554096 0.9355157501830543 486.9223066382182 170.80580449205675 566.4620219899967
IMG_20140521_133730.jpg 0.07226312149489052 0.7643518904454824 0.04879215516520536 0.6388767912818302 -27.030906965922117 -131.3246810746462 -728.5196519367579
2011-09-18_19-53-53_378.jpg 0.10465344830867182 0.9032493801035928 -0.06149601620671505 -0.4115901518383097 -595.4851871941231 118.81576907670862 420.43146101686386
IMG_20130210_163519.jpg 0.0011074784081125848 -0.07524255468323322 0.1549647577320577 0.9850498745329392 683.999009886643 75.87264021745231 297.6083258328225
IMG_20140521_133744.jpg -0.004171188011376386 0.01416782862363973 0.08189655928579094 0.9965313981003378 731.8184951441568 17.625094397509695 83.26867131815911
2011-10-01_14-01-49_608.jpg 0.06903281090992038 0.7615572132986123 -0.09532271071443386 -0.6373214751699329 -305.38112587055406 172.44130860822318 664.570713033583
IMG_20130210_163642.jpg -0.011828698761206662 -0.28341291080433845 0.13590250821328345 0.9492458649561594 535.769449096142 119.24690445308815 545.7795120306903
2011-10-01_14-32-50_305.jpg 0.005938916528433482 -0.04207639614329674 0.16894488931164128 0.9847090588257721 771.2414746029459 -16.435882225846786 37.33420185982769
IMG_20140521_133943.jpg 0.031605586044172934 0.7123902065186761 0.027734323541561478 0.7005227247454395 76.33771265771311 -66.05810343459046 -728.2079668515515
IMG_20130210_163507.jpg 0.020987593031307525 0.4955076417366683 0.02637880687846689 0.8679492245903476 546.2708700043352 -41.573462656279226 -521.5793019968461
2011-09-18_19-53-14_634.jpg 0.0017033653288914758 -0.21819935222782644 0.18048109364978565 0.9590686711955984 597.2583567906057 115.93802518243211 457.78016888005067
2011-10-01_14-04-42_522.jpg 0.028669453625311047 -0.0764173983641221 0.11755635394120842 0.9897064955349817 709.8449895657948 -16.544757402687836 183.79935238996688
IMG_20140521_134018.jpg 0.033057241691423225 0.294021377924805 0.08922787230743709 0.9510504901941023 641.3577560891246 -79.35723908555042 -350.2430878817946
IMG_20140521_134713.jpg 0.18906006550361676 0.8955545781891596 -0.08108643030917467 -0.39454186081570447 -475.5881502844738 223.28476612329652 532.1460486028312
IMG_20130210_163543.jpg 0.09506265210922149 0.9777012059382446 0.002219743109783022 0.18723919680822723 -599.9525170745512 -65.47822265078867 -439.6980595758476
2011-10-01_14-01-18_320.jpg 0.006419515014998641 -0.2862066502053572 0.05787859151443687 0.9563966812204573 497.01143674144294 36.503230532182776 561.955088087315
2011-10-01_14-34-58_286.jpg -0.17068237237654812 0.9607580112202453 -0.05063238596298697 0.21271561561796187 -654.0388883254817 107.24619747047622 -262.5142064998711
IMG_20130210_163605.jpg 0.06412800500430839 0.6068144718187949 0.032891775476034994 0.791569281157044 382.64945270450926 -110.7560978589345 -655.4479816671316
2011-10-01_14-01-28_960.jpg 0.03345669189149056 0.35822036298644844 0.023205723784854474 0.9327487955999497 670.1515846735288 -54.964538526409754 -342.94973114863916
IMG_20140521_134049.jpg 0.06330808152022196 0.5292002746811215 0.0716487526757419 0.8430928847592442 360.6971005222856 -135.5809023055807 -620.819014712883
IMG_20130210_163410.jpg 0.01409324573021615 0.2710388421903189 0.05900181425807308 0.9606550433757035 728.7018293242078 -25.038816246923023 -231.09568116562326
2011-10-01_14-01-40_851.jpg 0.008205584579834363 -0.19832574930272395 0.15339784605510953 0.9680230711976188 597.5609837872919 88.46348703921427 444.8612581866281
2011-10-01_14-06-54_697.jpg 0.05521766735408449 0.2910351839273377 0.05215185456413888 0.9536926732411628 713.8157877162711 -104.12793980423547 -337.2851050977851
IMG_20130210_163430.jpg 0.053818965704988966 0.7247689783613844 -0.05362993208124798 -0.6847899512408174 -237.3008923013142 110.40530534937591 719.937273384448
IMG_20130210_163744.jpg 0.02200837487744915 0.7805691838728268 -0.027573500483231494 -0.6240729786607205 -323.59733468863874 52.90690794925267 702.970696921448
2011-10-01_14-02-31_15.jpg 0.10513126649457907 0.47560444196082424 0.10230117194106067 0.867342090418691 533.73031047952 -197.47791730746994 -515.6419478427
2011-10-01_14-36-35_776.jpg 0.12041880776795241 0.8521997469675561 0.02939432969986081 0.5083216259275961 -322.15798077894834 -117.93260836206477 -560.4147919177872
IMG_20140521_134121.jpg -0.02566428841685857 -0.21741198713039533 0.11869817888873344 0.9684957999292346 650.8986971419884 77.37322650876949 341.511290316319
IMG_20140520_183052.jpg 0.009723237099965944 0.3625915187982282 0.03290130686244339 0.9313164624136283 677.5812045055553 -19.549420833288714 -340.8636281533447
IMG_20140521_133951.jpg -0.026316387504602915 -0.27866763173401593 0.07308756408348338 0.9572408300677552 572.9329371795876 72.35830956026459 456.39432797577615
IMG_20140521_133853.jpg -0.008284585667036005 0.15416739783675784 0.049382800632638384 0.9867751101878516 716.1371175735536 10.665746297392218 -108.13416966235016
IMG_20140520_182723.jpg 0.015637341918857395 0.7481141425969158 0.01198573712863212 0.6632775024751544 77.12765607296991 -27.33650664065183 -696.3528425844751
2012-04-01_18-11-50_589.jpg 0.06630120945437182 0.6740360500884269 0.0871611631781871 0.7305357516504608 225.9570290865709 -156.7890128182165 -725.2213339741841
2011-10-13_15-24-38_28.jpg 0.14098076729180828 0.9798341683855902 -0.04518755571826743 -0.13419206580919818 -729.3709876245466 68.11431064489781 114.21318534731694
2011-10-13_15-23-25_156.jpg 0.09322804319764384 0.9857027246730381 -0.052308788839108555 -0.1302400136051599 -726.3713370761986 83.7265887531674 156.52036834822283
2012-02-11_15-54-22_239.jpg 0.07322338176905942 0.5896834573287324 0.06469560537384002 0.8017020862891953 339.76613500090536 -149.44329296343693 -681.2485032867228
IMG_20140521_133959.jpg 0.01845919294528861 0.21640448540152366 0.05281221971103359 0.9746995569626076 692.4967026829379 -40.258761597327926 -236.72267888988551
IMG_20140520_211755.jpg 0.005697327458785014 0.0189432800907021 0.23210409932379025 0.9724897838416218 755.9477767225343 62.18674001691546 127.4545783160526
IMG_20130210_163450.jpg -0.08635300634712904 -0.6222148050834485 0.13138280309542275 0.7668966381987655 -47.92342128138883 235.2440223750473 721.871805591231
2011-09-18_19-51-48_277.jpg 0.0744558180267785 0.8412193221509571 0.017204018541690465 0.5352666671369185 -226.18472232667884 -97.16614941255007 -720.0849618564179
IMG_20140521_134720.jpg -0.07589587886519657 -0.4739842376915703 0.12019058455262514 0.8689838786629583 433.1636529444319 169.79394099202517 580.7456576905428
IMG_20140521_135132.jpg 0.09853622924531166 0.9254548910171296 0.04173398933881849 0.3634310530932314 -474.52291436834344 -100.49140109434518 -423.0752133519107
2012-04-21_19-06-12_928.jpg 0.020026475031997094 0.596705349763954 0.006342616396381804 0.8021854131546637 333.81379805125897 -35.1363124766267 -696.6909127352709
2011-10-01_14-32-21_386.jpg 0.011440373031931982 -0.25163388813200765 0.12383958396990255 0.9597985526404067 702.5942451195575 15.312593679181129 355.42771913748487
IMG_20140521_135449.jpg 0.09963527399202107 0.5838993266151994 0.10188067301913666 0.7992213191726177 325.57595532814105 -205.4494845537203 -649.8764824568074
2011-10-13_15-28-32_396.jpg 0.09511306141308948 0.9899168304781437 -0.06718629694735977 0.08064847045813038 -630.3777854737646 47.8285478878517 -268.1756926513005
IMG_20140521_134103.jpg 0.12450993758435674 0.9920696686517418 -0.0028933841311240055 0.016931518308558036 -729.287583396589 -15.345526113774042 -66.44434720325242
2012-01-28_14-40-10_416.jpg 0.013265521276285717 -0.002815759750135851 0.12786231973970866 0.9916992107655819 727.1161125653946 28.944495625403377 193.5824387570024
IMG_20130210_163456.jpg 0.0036743276225927315 -0.05638982821241537 0.10445405772771067 0.9929229760736294 703.5083367732643 45.8526533917685 284.11669517648994
IMG_20130210_165257.jpg 0.3920298002841668 0.9191648006496366 0.01041355938409339 0.03660959869793401 -715.4904593953453 -12.176862513310864 -11.196250661705951
IMG_20140521_134058.jpg -0.04216627325213801 -0.3001151474714055 0.08868044180378948 0.9488354350991153 570.6783221353204 98.35247607374247 448.5490093579822
IMG_20130210_163752.jpg -0.04712695294558923 -0.14606160670515358 0.39525047637666055 0.9056611498108972 674.7036087266309 264.7736524516311 276.1961449170122
IMG_20140521_134517.jpg 0.3593895935130707 0.865226821041733 -0.1257656741475377 -0.32619727685978855 -564.3252888228795 363.6772081748654 391.70517761102616
IMG_20140521_134725.jpg -0.008729245257670524 -0.11400173140740974 0.08072197273137148 0.9901572443969192 730.8565656205767 12.329854823463187 130.1119730864192
2011-10-13_14-42-19_619.jpg 0.009668427746710916 -0.061558867938021164 0.1662320549577319 0.9841158118776602 704.6591989674993 61.55269222407348 264.91323217004515
IMG_20140521_134032.jpg -0.03864432215118696 -0.3988815935862446 0.05156995090135556 0.9147352790986064 453.71270685780223 80.69850700231305 574.0447223739841
2011-10-03_13-15-48_699.jpg 0.16314089073511623 0.9456626283685357 -0.0813817999892284 -0.26922898378105464 -545.6893745767605 174.9891852112173 383.87630175816935
IMG_20140521_135154.jpg 0.08821544421883785 0.9611393478313959 0.0140975243188858 0.2612095887588938 -554.4250590391989 -51.9808437718751 -322.52030791716186
IMG_20140521_134702.jpg 0.08374474282497371 0.9848856113943608 -0.01347747273615954 -0.15101492722966542 -701.7737761504252 37.91268679204738 262.3763105447374
IMG_20140521_134006.jpg 0.048312277050032375 0.8484495640551429 0.016843032461757067 0.5267974690508395 -259.90192534639976 -67.3799798241176 -681.6782413614051
IMG_20140521_135141.jpg 0.1425517812404367 0.6680463343535824 0.11688528715165906 0.7209236537036322 37.563872489212905 -237.43478478188894 -596.4680223536691
IMG_20140521_135136.jpg 0.09455934113524495 0.6690909779231161 0.08761824950401981 0.7319145008946112 50.533672883135594 -169.60082423615415 -618.1088660803281
IMG_20140520_182909.jpg 0.06337979746714928 0.8255489936800327 0.030907870382157393 0.5599076386827987 -105.76383837483216 -102.44636087464998 -739.5228144307431
2011-10-13_15-28-44_551.jpg 0.05899949296986884 0.5214235635073478 0.05766727058334732 0.8493003079900913 453.38418483961226 -101.7849551024017 -519.2240459722613
IMG_20140521_134455.jpg 0.009074752559320984 0.15687988704975525 0.09456400708807874 0.9830381470058471 729.7641902869751 -48.80309673174849 -258.7710973699636
2012-04-01_17-51-57_877.jpg 0.05915275995651022 0.9443700092095348 0.005089580674334523 0.3234815804086385 -633.8991762929641 -39.08393291151599 -428.3633444761393
2012-01-01_09-47-31_226.jpg 0.009112134124762654 -0.23827802077991822 0.1290894099180354 0.9625364814239047 576.337485760616 82.27804440575356 514.0690005338209
IMG_20140521_134759.jpg 0.34789895202749865 0.9260890538410993 -0.06129893353839713 -0.13254366933550643 -683.6207989951619 170.2887037682729 182.75430338452955
2011-10-13_14-42-35_909.jpg 0.07007706792084001 0.41574106793518906 0.09348201336219732 0.9019477158690943 614.3499766694034 -133.0348250886841 -436.36478963529584
IMG_20140521_134042.jpg 0.006597671496237987 0.03021685234767699 0.18346468565721352 0.9825396285553711 732.242337299589 -2.9656408086975525 11.230450505498254
IMG_20140521_135234.jpg 0.012539171179199438 -0.00177830831403465 0.0841662021081093 0.9963712446816073 645.3876301048072 -17.574208707426017 21.87374253887437
2011-10-01_14-33-25_558.jpg 0.27871057901969837 0.8950114332986151 -0.10089002735581665 -0.3333108905922599 -543.8412009894446 287.3010951823181 436.690249391279
2011-10-13_14-40-48_799.jpg 0.10481455644560453 0.9935705463807295 -0.023681109304541228 0.0356466433751809 -692.1296879073587 -9.204794451695657 -225.2372816850273
IMG_20140521_134620.jpg -0.03617643916714009 -0.5351381845091153 0.04209724630393469 0.8429390313558276 367.03591476887976 71.40028996023045 663.9339450107736
2011-10-13_14-40-58_228.jpg 0.06447164097239885 0.9663782940332429 -0.006554085475840924 0.24882412321819034 -534.0786559435105 -36.697202415302556 -493.6506863387026
IMG_20140521_135207.jpg 0.022064932934298988 0.41316588061990484 0.0576548172999813 0.9085609588069968 433.4494157567681 -60.2144370002847 -473.3935320922971
IMG_20140521_134708.jpg 0.37043156496931956 0.9100702025789662 -0.092637977738148 -0.1611548545121947 -682.9957232253837 236.12901195661328 200.91807457902704
IMG_20140521_134010.jpg 0.15382008950087656 0.9860205987315732 -0.004636955974015261 0.0638847210392861 -714.1410623085103 -33.97702112792542 -158.68696555949938
2011-10-13_15-22-28_406.jpg 0.16574885354830485 0.9855618087171615 -0.02510534585486865 -0.0237688946963866 -779.357534673345 38.81736828734163 37.602024643561776
IMG_20140521_135259.jpg 0.012652789873174954 0.08723401593146253 0.08958738618048322 0.9920706797452709 632.8722106870894 -33.5545456628975 -119.05954753330744
2011-10-01_14-04-06_46.jpg 0.066529976646215 0.3033164559011005 0.07770376007948228 0.9473832463457228 660.0457751033115 -122.85521065410425 -341.66516170070327
2011-10-13_14-40-10_3.jpg 0.12362491353020488 0.9882014718463986 -0.04616299180321153 -0.07774130165514956 -706.3155774092959 37.066477276507214 -61.06023289829537
IMG_20140521_133829.jpg 0.35998063637061467 0.9121585563341121 0.025728339161474243 0.19421318726767248 -615.7902006130079 -209.36368905460174 -315.7013211496982
IMG_20130210_163303.jpg 0.04917513064486532 0.7609940523930622 -0.032687161656680466 -0.6460661020447329 -284.34795940942644 76.13422993641397 684.6400733646066
IMG_20140521_135218.jpg 0.13455020960930839 0.8368815983945354 0.09021754410995247 0.5228634870570599 -260.533540984021 -194.7776384667701 -555.3018483271647
2011-10-13_14-43-25_273.jpg -0.07464124195810495 -0.2815369924907348 0.27529485704579004 0.9161759375482205 545.7346189527552 291.54913633345825 466.2525303294018
2012-02-11_15-54-43_404.jpg 0.0659684214593397 0.798563233196977 -0.0869807597843263 -0.5919284394109615 -345.67136602474824 164.1903560873012 677.8371264437993
IMG_20140521_135144.jpg 0.009492558851643233 0.3780222413338011 0.0503187111424025 0.9243793072610319 455.39099338006594 -41.65678922549499 -452.00846455523777
2011-10-13_15-21-54_312.jpg 0.0013168576360573212 -0.22046615501155142 0.1388017501855585 0.9654672519178548 732.5443997838944 30.856265141446023 316.24077368539537
IMG_20130210_163342.jpg 0.037099026786756674 0.1379293837882879 0.2866797029172664 0.9473193206276995 757.6117866090536 -20.089420892918884 -41.493095014465695
IMG_20130210_165409.jpg 0.06846205289657671 0.4037443836035462 0.1101628642703465 0.9056310304740733 456.91270515546364 -157.16476725222992 -504.6286044470834
2012-01-28_14-40-55_292.jpg 0.06459738086666168 0.6892799863726902 0.04376607100443585 0.7202810630580719 209.30937873773593 -121.09363353701373 -737.4122893682684
2012-02-11_16-06-32_96.jpg 0.08595607717607125 0.4296229500636548 0.1811202583354599 0.8804721038145389 548.1219629263735 -172.0969384173259 -410.05873243710624
IMG_20140521_134543.jpg -0.04154485969078208 -0.4222441654644938 0.06677255857963912 0.9030644023463638 529.5174301841362 90.68099770436734 562.7806278795753
IMG_20140521_134552.jpg 0.2417258806006649 0.9065406430818244 -0.09131265127092808 -0.3337883473198225 -563.7604775774053 262.88307989677185 467.17580258406963
2011-12-17_14-51-57_632.jpg 0.23570575902205235 0.8434731532016314 -0.11844475374977625 -0.4679387516556957 -373.8998473719873 322.21757957347046 576.2582689739331
IMG_20130210_163442.jpg 0.10022550707570835 0.8323665445839008 -0.08646257579811599 -0.5381867762916774 -485.3829008550446 169.21299922215272 564.3361623558034
2012-04-01_17-52-20_918.jpg 0.08253346425235755 0.6468217786704114 0.07884620557775744 0.7540511188123384 74.5220739992055 -184.02309274911096 -752.6695810744163
2012-04-01_18-11-32_119.jpg 0.036286401209672844 0.8465169702967018 -0.04643223580309072 -0.5290901280172117 -477.38027150852474 86.20857350519663 605.2097086043776
IMG_20140521_134259.jpg 0.027762489595688444 0.1333843136071891 0.24931907225400268 0.9587897940974297 726.2441644570175 -89.74897716428579 -166.14289639985049
2012-02-18_13-09-02_132.jpg 0.1174784261895947 0.9509804899536638 0.013571158050341195 0.2857459549611819 -651.285205836195 -63.45090516728973 -349.2197436637166
IMG_20140521_135425.jpg 0.049123746284313 0.4256586738493421 0.07138993914551126 0.9007247234958161 385.2868258413558 -112.42877268702777 -546.5809686879995
2012-02-04_14-26-36_868.jpg -0.011627179167056429 -0.21876367186968898 0.16654433983804517 0.9613897479392105 605.5983845063903 55.84090032806536 274.95997979098814
2012-02-04_14-24-57_766.jpg 0.047378592383183565 0.39504176078479525 0.04233040036237357 0.9164635363313688 474.47142681723705 -78.93781775679886 -430.1651206117517
IMG_20140521_134229.jpg 0.09004447150356173 0.989543273221989 -0.012732922190518518 -0.11195524224102224 -727.7036202792957 22.734845926249566 140.37312304964883
2011-10-13_15-23-06_588.jpg 0.054415685526604765 0.880054235864716 -0.07410948497092847 -0.46588760376574045 -431.8784282678005 128.05145725782296 606.7324795232327
2012-04-01_17-53-25_203.jpg 0.06703929226933235 0.7693392929447395 -0.07579908290428483 -0.6307751458754416 -153.6351213286512 148.27867475705042 746.6942699876395
IMG_20140521_135431.jpg 0.09779516510573248 0.759490929592248 0.05998969637317121 0.6403209116357985 -173.6685883653217 -149.88522068786827 -641.7970077433407
IMG_20140521_134250.jpg 0.0971726412866576 0.9916310529145913 -0.012154029555265147 -0.08412854596653722 -738.6341665591518 19.847334416937276 107.568054621846
2012-04-21_19-05-53_128.jpg 0.13183427580910423 0.9874804484954989 -0.038195306496253176 0.07773806096549539 -740.3650290666585 10.200798398582128 -223.25302195914165
2011-10-01_14-02-03_773.jpg 0.0783270973118051 0.6100762868740429 0.005176923626765788 0.7884446648195739 353.51409418481177 -110.56820925252885 -659.2958938997784
2011-10-13_15-26-09_227.jpg 0.0668407030824046 0.43489110357922905 0.02843087863864976 0.897548736046642 423.65068726506144 -96.30332765273278 -471.7748328314425
IMG_20130210_163656.jpg -0.016138718290353925 -0.1183976901768334 0.16280525462691672 0.9793957207373328 697.6836299871217 105.87489644156044 326.70273573419684
2011-09-12_14-15-33_253.jpg 0.1798607107122839 0.8630818957465333 -0.0997710300998574 -0.46128679531226147 -399.86028814628054 265.66339495927156 619.9382250439478
2012-02-11_17-54-57_837.jpg 0.0024339553535038384 0.059612343135109346 0.048017110557367626 0.9970630880245253 767.577593433708 7.206281050263215 72.36479997390995
2011-10-01_14-34-01_838.jpg 0.32814538316956376 0.9250833654961828 -0.015915017238690175 0.19049432173439917 -697.400750560279 -49.649412524448884 -231.17722115819245
2011-10-13_14-41-10_987.jpg 0.07877472378314226 0.47950101905132936 0.09010265750097222 0.8693416053157059 521.8129185843917 -143.70782494236275 -486.58465458684975
2011-10-01_14-03-23_319.jpg -0.005203084371700574 -0.21748632972034418 0.049381272993226366 0.9747995251206081 644.9979798320611 33.37879064319736 441.16204071265673
2011-10-13_14-39-31_519.jpg 0.07863476926480605 0.9481551578184348 -0.012059825747241196 0.30768966568267336 -453.7372689174507 -41.16168883673134 -518.163568568172
2011-10-13_15-28-57_199.jpg 0.06971297161396298 0.24798867525105903 0.11623032847004135 0.9592352314629201 680.3847656576465 -97.63305191413072 -165.37481935450202
2012-01-28_14-44-12_979.jpg 0.05782695816672108 0.6355910531408714 0.030443240437495918 0.7692550066058251 225.30520103451505 -99.40105774973863 -687.9454800987176
2011-10-01_14-32-07_573.jpg 0.0641899815808137 0.7238993985537782 -0.07937347740625175 -0.6823116283067239 -15.987780677963153 151.63858627890266 775.7048998465157
IMG_20140521_133816.jpg 0.0304016801959739 0.9978680247971813 0.003605078908735279 -0.05763806324553255 -724.8272735620245 -11.870921635961013 -30.049377030913348
IMG_20140521_133716.jpg 0.262774750001468 0.9060638723051164 -0.08177305909467676 -0.3214200629572186 -641.555201899735 185.9326430879586 330.7438836382835
IMG_20130210_163420.jpg 0.049324043236154094 0.9621549338011083 -0.031436812947965756 -0.26615174039013373 -734.2517945242201 49.20086693965248 216.8740280972946
IMG_20140521_133618.jpg 0.15360423684941862 0.9769199760363756 0.013742249039833735 0.14779800213237895 -695.676390000322 -92.97127257978096 -322.07543656978527
IMG_20130210_163326.jpg 0.061215795567476534 0.9025000367346455 0.02637615691047589 0.42550042116740533 -336.8603724981385 -88.28540065354441 -667.2074628454153
2011-10-15_14-27-51_352.jpg 0.04593489592160591 0.9786451794758616 -0.00929742728056152 0.20014283867101595 -571.3006533770455 -14.915469411948727 -416.8463777970081
2011-10-15_14-27-59_188.jpg 0.0316312691216762 0.7394437177446518 0.0018282561346042911 0.6724723849952703 94.66580871197033 -38.31231842123938 -702.3136394035657
IMG_20130210_163733.jpg 0.06904159888680067 0.8085294998115475 0.04552284837333908 0.5826156330151302 -84.4851097464834 -127.37949467000819 -762.8950056583958
2012-04-01_18-11-58_134.jpg 0.05635907667956183 0.9982304791215426 -0.007646753386565995 0.017352008277110927 -750.6386035441376 -8.93593602484426 -191.19397020084423
2012-04-01_18-11-40_213.jpg -0.05081248312611753 -0.4788258209157209 0.14860114416901862 0.8637485888466636 268.38282418701993 207.8735602271371 697.282905165435
2011-10-01_14-05-51_548.jpg 0.11947131687742049 0.9920618028644534 -0.028347522647282596 0.027136722364122064 -762.2637460127825 12.712419258286 -125.0435362012943
IMG_20140521_133704.jpg -0.011125329645388133 -0.198431745409807 0.025933330729359858 0.9797083912119875 643.2294640375001 24.91813607609917 387.58172052948765
IMG_20130210_163614.jpg 0.020818385416824493 0.18120040775727425 0.04467189160497919 0.9822104810872605 763.9846882110744 -27.324621428108255 -81.00333370532437
IMG_20140521_133236.jpg 0.07810425195473494 0.78057614095705 -0.052652324960435454 -0.617922605729432 -352.8520059238392 118.78173952854242 655.4930744544337
2011-10-01_14-05-02_890.jpg 0.07870894677209112 0.3913636482185499 0.08367944947020128 0.9130373192194606 536.7560716067768 -152.37233416528042 -471.45243866956554
IMG_20140521_133657.jpg 0.011473498299567857 0.22610786535929944 0.06757911042440938 0.971687529967158 719.2121899956084 -29.634468754449156 -230.2048318337316
IMG_20140521_134901.jpg 0.06211797468858052 0.351468736719355 0.1682255257086784 0.9188641122764171 499.30970489214627 -179.76679371930956 -462.543184036868
IMG_20130210_163537.jpg 0.14005011166176703 0.7566894935849762 -0.1248575214546901 -0.6262727647421933 -322.379757881523 251.3249999984669 624.6579275868911
2011-10-01_14-04-27_991.jpg 0.1397515918395073 0.9724162214329352 -0.014547693264048978 -0.1861841816404177 -715.6124090693403 32.81707763163488 190.99119964053867
IMG_20140521_133638.jpg 0.20227202980802314 0.8948054960387807 -0.09809245333761825 -0.3857292065871355 -597.2896731572283 215.975557554662 425.6055562072695
2011-10-13_15-26-23_83.jpg 0.08604491422437452 0.5102916372158763 0.08143650382818596 0.8518020976540865 321.003479463394 -149.44077595922826 -534.0149137324848
2012-04-01_17-52-30_726.jpg 0.12448422700187776 0.8702312696049048 -0.0807058025628698 -0.46977418837380186 -392.21527740654807 199.46307469758253 647.425890454248
2011-10-01_14-04-16_647.jpg 0.008404073425721702 -0.29244387798625365 0.022098685179468662 0.9559903754178461 567.0902920410366 -2.563831494297233 490.611060295549
2012-01-15_12-42-51_289.jpg 0.030464645323903587 0.3531706312383895 0.04194287010927248 0.9341216228430655 672.1766380883989 -52.67375890771672 -332.4932770393188
2011-10-13_15-25-56_609.jpg 0.04274157934363745 0.3577849946985581 0.022735476107847038 0.9325482041642211 511.54850636110467 -64.26749119191877 -386.3907216890113
2012-04-01_17-52-11_509.jpg 0.10406446630707476 0.9438233817091854 0.020087633377274577 0.31299280818664477 -646.2150504588834 -78.93893432536142 -415.52923637771687
2011-10-01_14-03-53_317.jpg 0.12245219515750826 0.9202180107143518 -0.06907684135570487 -0.36528435861168096 -619.3033897692525 141.51273294520104 422.54210153002595
IMG_20140521_134814.jpg -0.05805281707271115 -0.44812728897268905 0.15364760605988115 0.8787515100755038 456.4048429895647 155.8139503234824 531.2994389726061
2012-04-01_17-51-41_830.jpg 0.07464673238554285 0.5842935807318095 0.06896357570410552 0.8051539617277339 181.41506153921867 -159.6149639545521 -712.9911223607097
IMG_20140521_133925.jpg 0.0006827369581075826 0.07985153690517971 0.05652102394127057 0.995202813388687 728.7714816358641 0.47381593562549107 -10.867330347033489
2011-10-01_14-03-03_624.jpg 0.03554167908301005 0.24419500550896617 0.013414266297058407 0.9689817572029656 736.400122781875 -58.05746358475475 -238.40276107858818
2011-10-13_15-24-27_555.jpg 0.11601368014951487 0.901090967687046 -0.004393201299972065 0.4177997053054579 -428.08440935556956 -84.65133035294852 -598.2130275117172
2012-04-01_17-50-51_52.jpg 0.2826410158465962 0.9419504889825343 0.01513882461671265 0.1805938771276412 -671.977823634411 -81.1093018098207 -205.71333839335995
IMG_20140521_134746.jpg 0.11503655099441314 0.9073281286351963 -0.05341250374184683 -0.40083583094165776 -458.60435341895317 136.8995457911397 549.1150645720859
IMG_20130210_163400.jpg 0.05271779621656326 0.8611182860572859 -0.038362031129275075 -0.5042067888748302 -521.2525271374568 78.53937890766913 553.0247768407488
IMG_20140521_134319.jpg 0.13235805692035948 0.7014471157438135 -0.14197604525604288 -0.6857813727102878 -23.230978607283916 281.36275939913673 703.3796613274606
2011-10-13_15-24-17_508.jpg 0.05332553358844581 0.7113230770403458 -0.09112096699609543 -0.6948905215291533 -71.96656451373667 147.97541329239039 721.3653262649015
IMG_20140521_133834.jpg 0.0444312038084564 0.6483349563869376 0.03693985133059179 0.7591594693070438 225.1253066446272 -84.13466982194106 -682.1206131835511
IMG_20140521_134734.jpg -0.06242847167544211 -0.5603089647409674 0.10822606925641977 0.818806245633531 302.91456671657784 151.97168813615875 650.9549597584682
IMG_20140521_133824.jpg 0.16847587639953876 0.944995465961174 -0.06155098575394993 -0.2735158579259116 -664.0161032581864 114.26974256511927 262.7413619957595
2012-02-11_17-55-15_790.jpg -0.011235539395198195 -0.2189395605741073 0.1460320280940972 0.9646833046346562 598.0583061114373 111.58569751352825 461.9666274821312
IMG_20140521_133802.jpg 0.389988842519611 0.9168247942000457 0.008773937169473982 0.08522920553897335 -696.4936569245183 -138.06804338560755 -177.69490863077087
2011-09-18_19-52-52_142.jpg 0.05870582996675058 0.8925890878637143 -0.050550239050923394 -0.4441655311777715 -582.1605132567042 96.73880490978024 493.0299122836122
IMG_20140521_133751.jpg 0.2876312336626228 0.9428954760291458 -0.031023253591588796 -0.165087711359991 -717.9551503751195 51.51887788173961 131.8965202369284
2011-10-01_14-35-09_370.jpg 0.024740022993205588 0.8508479066597482 -0.06334572130273566 -0.5209924093378483 -302.0373800149963 86.65934493102701 633.200023801262
2012-02-11_17-54-45_951.jpg 0.043926817514410806 0.8242858210576469 -0.05025001147701025 -0.5622261611246292 -419.6955698750336 96.7033526716516 641.8344584759974
IMG_20140521_134934.jpg 0.054042520740143436 0.8914831636418671 -0.03440648710286198 -0.44850124697750887 -408.2526649908071 71.45252424287713 573.7653223926371
IMG_20140521_133735.jpg 0.22338057727153698 0.924580852891551 0.04670859436880631 0.30507322297484135 -531.5454705768827 -207.25011781561102 -471.5341296303488
2012-02-11_16-12-51_455.jpg 0.07192161557353247 0.23096418229876295 0.268527970317806 0.9324031085669741 719.5156559213041 -99.75767425043544 -144.30255146249988
IMG_20140521_134642.jpg 0.12460883429431091 0.7268766770478313 -0.11595373997606365 -0.6653402625463756 -11.137855022368239 245.49788890877454 712.2063451678238
IMG_20140521_133725.jpg 0.037471634554618084 0.548136087146245 0.04873172246131677 0.8341270441591992 387.55883299631864 -84.66044456194214 -625.6427563124251
IMG_20140521_134624.jpg 0.11149490054837768 0.9809720969264801 -0.015507168336880482 -0.15818394334933084 -706.0085838194369 52.69498317509214 279.7906651329247
2011-10-01_14-33-40_719.jpg 0.23622725533454828 0.8738363709381265 -0.1487553798554303 -0.3980936041019208 -445.8208240953538 339.09811233142364 493.39935685280034
2011-10-13_15-22-10_39.jpg 0.08339876154377732 0.9865610700868065 -0.038541249897651224 -0.13511651867357388 -754.2391997459029 73.37768602880936 228.43360620426216
2012-02-11_16-07-09_767.jpg 0.09481244902938638 0.8979840595872364 0.03165275877813913 0.4285245980081067 -316.05403400096003 -123.58418074878276 -650.3659150500653
IMG_20140521_134611.jpg 0.047821105557157656 0.5640567308300818 0.08196170477505078 0.820265460213302 234.07470988257015 -142.4913287330355 -719.0469302283998
IMG_20140521_134851.jpg 0.39098050529617745 0.9081057955239596 0.029955847458801067 0.1469038999385882 -687.7827506590331 -100.53006447044866 -144.94544826943095
IMG_20140521_133653.jpg 0.07148163039248667 0.5762125133664565 0.07815340885196609 0.8104082678756188 347.57419697942385 -152.9611620748263 -654.265470881735
2011-10-01_14-33-15_675.jpg -0.006716445628314197 -0.4768573721540627 0.04202753784003727 0.8779496694250466 446.05215732688123 28.56154493468234 611.3869261104081
2011-10-13_15-21-48_70.jpg 0.045106599364775866 0.771146843950082 -0.08859548106825565 -0.6288471837369218 -125.42989821802503 145.1562356009026 776.4176972320047
IMG_20140521_133644.jpg 0.18966742334790704 0.9064780737345318 -0.08373907203860478 -0.3678471668685397 -615.7465116190231 185.32859608937935 408.239091132031
2011-10-01_14-33-03_50.jpg 0.23333470747530038 0.8847151540513422 -0.15041049948319354 -0.37444718202243543 -489.8756007350985 341.21417808460814 479.25136916083494
2011-10-13_14-44-35_892.jpg 0.031654304552503024 0.44193872753318253 0.0326897054338665 0.8958903667683324 565.2775066479969 -69.59084758058134 -556.0525225949133
2011-09-18_19-45-01_34.jpg -0.024180151725674125 -0.04340335861380452 0.11939544177092688 0.9916028424767098 761.5554755022723 71.48271733217156 184.6007242539734
IMG_20140521_133630.jpg 0.08977838178941432 0.5300324528775141 0.11508647252192598 0.8353206240135463 420.1447026821556 -198.816296320737 -608.1550246260662
IMG_20130210_163338.jpg -0.009628041095777185 -0.26939017630351114 0.10481476465059242 0.957261771328544 543.5639912142349 88.15994188917533 521.8949105266935
2012-02-11_16-05-59_783.jpg 0.055900629026183174 0.45916064827319797 0.10627931898595686 0.8801995939033914 538.338864052387 -115.4159119429824 -468.1211751572132
2012-02-11_15-07-14_158.jpg -0.08298008047101477 -0.5343165345610089 0.11677019406184598 0.8330575423813752 227.26942074817023 216.30394461187325 740.0521972706592
2011-10-01_14-31-58_416.jpg 0.10062590041414372 0.9727480359487497 -0.051809917841808814 -0.2023645698656716 -715.6159493514192 109.49007595041772 332.29782083871595
IMG_20130210_163309.jpg -0.07470644081015727 -0.2884300318421292 0.2518332421980515 0.9207644012216392 501.51743904176215 275.7190426688492 477.5396378941564
2012-02-11_15-06-19_188.jpg 0.13171475636858695 0.8473113154486849 -0.09600869567822228 -0.5054671977700922 -453.26489203700817 207.22314357416258 582.5079285388291
2011-10-01_14-06-32_541.jpg 0.07890602311828875 0.6334579792298556 0.03765069873456217 0.7688219904181228 260.875138448469 -139.24855686110405 -724.7978033836097
IMG_20130210_163253.jpg 0.042077351677333376 0.6115042056444878 0.04923869333560206 0.7885858571097559 340.8562083789868 -87.25813239528873 -648.4978028382043
2011-10-01_14-06-14_385.jpg 0.11549261349334 0.9060961339341405 -0.0709010848198187 -0.4007796008649331 -590.7323101448923 149.0230880215169 475.6620632170367
2011-09-18_19-51-28_840.jpg 0.14578473138905332 0.9338212328252927 -0.06424153673196903 -0.3203088231329076 -643.5986276249988 131.60541974422125 356.3464084345071
2012-02-11_15-55-18_225.jpg 0.09527731108261267 0.9888070487680347 -8.501541700216862e-05 0.11481658012628673 -696.4295037819716 -47.96395357327724 -326.7784758305855
2011-09-18_19-51-21_238.jpg 0.14327503825442953 0.9406803101972994 -0.0628396534069842 -0.30107141242567975 -656.7327672017378 125.13247109066418 332.0174278034878
2012-02-11_15-54-53_466.jpg 0.0817318044874215 0.8749079529965496 -0.07654641621084286 -0.4711651855601109 -535.4872323532862 149.9224853862935 544.0496557950736
2011-09-18_19-50-03_845.jpg 0.12916685042454593 0.990826501823044 -0.036654155675077155 -0.015337565265038084 -737.8063966661531 36.972502565315025 -37.18035593870386
2012-02-11_15-54-30_83.jpg 0.07563950324975785 0.8548131582324568 0.019220136637886638 0.5130338355395325 -256.2636456950115 -100.97021898582415 -725.6670786385143
2011-09-18_19-49-27_741.jpg 0.09895193019714914 0.9921099820363269 -0.0337090095508993 -0.06920983838469114 -740.5866438264056 48.62920711492176 74.119891341843
2012-01-01_11-00-20_21.jpg 0.017259153842319425 -0.11430517053720488 0.08219968978682826 0.9898887112176082 631.3621584989307 17.434357464497023 316.9631452839884
2012-01-28_14-42-30_955.jpg 0.02954460090501765 0.2766869716489006 0.023501803715978712 0.9602182572203152 728.1008208675845 -55.03172953348346 -310.5373205951175
IMG_20130210_165559.jpg 0.12920223018894775 0.7748404042800647 0.09618275999598064 0.6112920809963627 -157.9867243090821 -203.47393458743662 -593.9667138837697
2012-02-11_15-53-41_116.jpg 0.033882401262310465 0.9619712054371208 -0.01439288482600869 0.27065887692986906 -613.8259466975103 12.415797584261046 -316.40430403216243
2011-09-18_19-48-09_199.jpg 0.11660793633620264 0.9548089564250466 -0.006170736571221334 0.27332099795678916 -695.5993926504688 -38.7570106813596 -374.21509718168267
2011-09-18_19-48-01_445.jpg 0.11218355324793944 0.8754904142992769 -0.10121162824913581 -0.4590071798544183 -401.6553905564745 217.72304978304268 642.3167161549356
2012-02-11_15-07-21_697.jpg 0.13367476032484385 0.8307676664721108 -0.10563467026850441 -0.5299032545982743 -434.5736938375019 234.79128975782328 633.736805497775
2011-12-30_15-21-57_182.jpg -0.041176624890392095 0.9629088328120774 0.002817669246762048 -0.26665169415388035 -698.675723008809 -35.1744538460785 461.66401427827094
IMG_20130210_165459.jpg 0.0426488776105864 0.8069002156696828 0.04151827321682244 0.5876813321689491 -210.98332729362812 -84.38248202312013 -629.0357981858268
2011-09-04_18-03-31_55.jpg 0.04775838708385492 0.9988561614077782 -0.0011603486175038426 0.0020393312509632677 -731.5614390668791 -12.120301022329313 -95.50611255674309
2012-02-11_15-06-31_219.jpg 0.08766111840832985 0.8603361412989171 -0.02125273895912017 0.5016827417611901 -283.2326989101092 -61.80496930827323 -712.2922229588153
2011-08-27_19-07-57_152.jpg 0.13926080640413538 0.9849493143858697 -0.009290748459245907 -0.10195566626501044 -739.7775455455785 7.719221231752039 70.42778109251263
2011-08-27_19-04-32_391.jpg -0.009088900308001744 -0.06298581570846089 0.08874378818354957 0.9940194761520342 722.9346506932221 32.37889713254426 172.4998985523055
2012-02-11_15-06-07_821.jpg 0.03186168228103387 0.010155516356606666 0.04940560114766821 0.9982188063070094 766.6522098507805 -41.77562020971948 101.60925533189508
2011-06-25_14-52-41_37.jpg -0.008604277019277566 -0.6529661634945609 0.04991943094931854 0.7556912108539219 -67.7843540536476 68.91836114757835 756.7977860940064
2012-02-11_15-05-53_430.jpg -0.06964106253388483 -0.4981813659106258 0.12154008225486063 0.8556830356353087 275.4759763236241 200.73901742835196 709.0550367505131
2011-06-25_14-52-30_729.jpg 0.06380766788524152 0.8428893572115217 -0.06788503985393299 -0.5299601252760676 -480.2900791307573 128.22516904915213 579.7018058701373
2012-02-11_15-05-45_805.jpg 0.28165346068684255 0.7846299246575524 -0.20946434102675993 -0.5110302332085975 -417.38380693385017 448.55540090673264 493.48111085616756
2011-06-25_14-52-16_178.jpg 0.048615864317243115 0.4177437918526934 0.06262131565934088 0.9050995486300466 617.8350593345479 -91.67238913445131 -441.52598245472416
2012-02-11_15-05-04_657.jpg -0.011955396761816211 -0.6840202036281687 0.06532925783810699 0.7264334226803368 -115.26921647254822 93.04340919739792 760.1570327691425
2010-10-30_17-49-44_340.jpg -0.010166549747629558 -0.5088147387234853 0.07864485338384605 0.8572159529314731 207.19442366191913 95.4168891365985 742.6546498797151
2010-10-30_17-49-33_742.jpg 0.005951140446719718 -0.0814029232004927 0.10586142335696756 0.991025482551602 714.4224422521165 41.888064240934554 297.11968737034186
2011-12-29_15-36-12_252.jpg 0.024159240831593154 0.3414303487260549 -0.0009108080012678323 0.9395960932656278 620.3525939273169 -35.832745957156604 -357.19245400959556
2012-02-04_14-38-27_722.jpg 0.0492609970565711 0.7585274988775654 -0.07736758635419634 -0.6451539693726329 -96.49356762521575 140.5684923983162 814.0294969059898
2010-10-30_17-49-17_523.jpg 0.02304244558185307 0.7448099544589937 -0.04818120345712821 -0.6651358876754597 -257.7118630515033 80.89800539912204 715.8847677254158
2010-10-30_17-48-53_719.jpg 0.01124114702302493 -0.006036551659771446 0.12238321329003589 0.9924008997186934 727.283414694289 27.900911234202447 184.24820891935582
2010-10-30_17-48-42_201.jpg 0.04891897532666531 0.7436034440189042 -0.06702490091398816 -0.6634519685355406 -258.9019952986108 123.04577311972666 699.0605190167179
2012-02-04_14-28-54_541.jpg -0.018796526987569378 -0.30832205867024526 0.05178508983681484 0.9496854759240767 638.5356957176992 40.001581721868256 410.6869226657881
2010-10-30_17-48-33_797.jpg 0.06282724258249302 0.981005082195332 -0.0417474910443397 -0.17871461408601538 -748.5565598069712 56.64139281928724 88.23571099792709
2012-02-04_14-28-43_650.jpg 0.03381531444046612 0.49419279536953453 0.03553411097258136 0.8679673568006615 344.84702084968086 -78.99171214292173 -662.3584684654811
2010-10-30_17-48-20_774.jpg 0.046077301567469954 0.5803428573890267 0.043295507763834035 0.8119141267186278 395.0068633319242 -88.55156665280032 -626.1421303101581
2012-02-04_14-28-35_778.jpg 0.2576349522406415 0.954955219698574 0.004795055825401238 0.14717937081684662 -729.3846903530743 -49.49966367639448 -170.04723905585794
2010-10-30_17-47-59_875.jpg 0.06237906828762792 0.3368466386557617 0.1756553738139196 0.9229238232466285 647.4916623923875 -117.58212857278525 -303.88096924992334
2012-02-04_14-28-12_421.jpg 0.024314269151376924 0.9247301738736412 -0.012199994156904629 0.37964994664273505 -553.7162957858942 -2.7204217296828483 -487.5796198006302
2010-10-30_17-47-51_774.jpg 0.12322484159027183 0.9910056786287288 -0.04652928363555028 -0.023630681433845925 -707.5401813490165 28.127322419246752 -136.31622423871326
2011-12-29_15-33-41_760.jpg 0.06964938780100995 0.9970225574270076 -0.032566608769428275 0.005865045090472768 -726.8543749102087 19.946453197866383 -191.21248434414338
2012-02-04_14-27-59_72.jpg 0.028173447684142157 0.5431773965562879 0.019331458007931582 0.8389224442385655 260.92499577993675 -57.144451828748586 -674.5052692068765
2010-10-30_17-47-33_586.jpg 0.09367062653041985 0.9944187909934666 -0.02667579738637429 0.04056456185258438 -671.2368985999143 1.7323479986099846 -213.42883122231024
2012-02-11_15-04-56_852.jpg -0.005699782169469539 -0.03577950530050243 0.33112208902096935 0.9428920943809329 742.5964314657233 129.24248274479598 176.95489335231557
2011-09-18_19-49-47_322.jpg 0.012434896891694988 -0.0951161637354765 0.1692151092520338 0.9808998600960042 711.866348611756 14.937123700812906 182.19945640948632
2012-02-04_14-29-15_423.jpg 0.15232653247241412 0.9157838867560418 0.02605501050225382 0.3707527972796088 -581.1796435292373 -120.56068680538851 -486.479676685832
2011-09-18_19-49-18_689.jpg 0.04895553222567219 0.8137424203622917 -0.06580515182774237 -0.5754096898387687 -269.4261304765603 114.98829135716608 686.8562832761278
2012-02-04_14-29-05_111.jpg 0.1268032444739483 0.8432804780705107 -0.09070714201914978 -0.5143648383032897 -308.36109743146994 212.8653679501812 661.4560305964758
2011-09-18_19-48-15_986.jpg 0.11145121326360263 0.9756760298893834 -0.025087929598320974 0.18709758830576143 -756.4988595904421 8.665892853061104 -251.04171377687877
2011-06-25_14-52-08_316.jpg 0.02984702319776832 0.8890163111376314 0.0013350274836499225 0.45689973893523755 -285.57374225874116 -32.97735419849488 -707.1233004167591
2010-10-30_17-47-25_73.jpg -0.002288975338715464 -0.08141425444913407 0.10891160545647033 0.9907092116061524 651.7797127884161 49.33491590881324 261.0082029880924
IMG_20140521_134310.jpg 0.12945699172052103 0.6394341489747155 0.10931729182486002 0.7499430552566859 121.13342057380113 -258.99428430427344 -697.2080131974167
2011-10-01_14-38-39_644.jpg 0.07859136831394237 0.6428241644155243 0.02753058259228636 0.7614739375002632 67.47187146045846 -105.64203521898774 -642.4007873303176
2012-02-04_14-27-02_446.jpg 0.20379227997714336 0.8228519602042386 0.15055693528203432 0.5086412954609963 -312.57540934743747 -316.1655127571075 -524.590766493797
2012-02-04_14-26-27_329.jpg 0.022071247330195137 0.5211743417882257 0.019690010483856414 0.8529375528079678 298.6653317279793 -45.02538786376677 -594.2697378773046
2012-02-04_14-27-11_868.jpg 0.05480782488665204 0.8594079957807582 -0.059946630035373406 -0.5047973857565988 -321.1014862775298 102.604962827209 601.5014752508931
2012-02-04_14-26-05_672.jpg 0.02101691659498184 0.20060657075597949 0.037308604203293315 0.9787355930172191 588.9671911612002 -41.770045736902155 -254.6512946534797
2012-02-04_14-25-57_611.jpg 0.08064878037802922 0.6811654299500683 0.09015408634239062 0.722067636707423 34.260115288200865 -159.18322685254844 -622.613933914334
2012-02-04_14-25-24_48.jpg 0.021182621465765387 0.19555087034329824 0.023000473258787315 0.9801949458580621 601.2109349651172 -35.39245400193287 -219.47387170546338
2012-02-04_14-25-15_610.jpg 0.07544697230298957 0.5523600555520428 0.08818707830321394 0.8254872274125143 270.0792216585005 -143.83285267135187 -562.4406243204854
2012-02-04_14-23-21_748.jpg 0.03373344214289011 0.08000197840258079 0.08583379136845115 0.9925191678714232 730.5268726118265 -48.71995082002883 -26.082478225171368
2012-02-04_14-22-58_90.jpg 0.12267322027236861 0.8886820876508804 0.01759165230696382 0.4414589016948135 -358.13786890151266 -125.34225543631007 -621.1242898591153
IMG_20140521_134138.jpg 0.09789418359450881 0.8006733172770112 0.06419761361851384 0.5875522395708143 -189.33137544673812 -167.5868491383493 -686.4561556905146
2012-02-04_14-22-30_751.jpg 0.02687244925277992 0.45869250530567734 0.018148380019385776 0.8880032057094326 508.9323905183041 -46.552468712744485 -512.4726622685449
2012-02-04_14-23-36_467.jpg 0.039432651852203876 0.49847352451888066 0.03280864964394334 0.8653859276820773 427.8811409829262 -76.84621212946165 -588.449420653077
2012-02-04_14-22-23_115.jpg 0.018716977881310413 0.1385625741373089 0.04172610750380561 0.9892972352837213 716.001011775855 -26.697085900768226 -77.71267083709809
2011-10-01_14-34-12_690.jpg 0.07242598297932999 0.9891008498297099 -0.09613547676619928 -0.08480540055065824 -739.1965389458783 123.61211248840665 -69.45448677532855
2012-02-04_14-22-13_779.jpg 0.2574086775802019 0.7928363565959312 0.1446520495918437 0.5331295048250283 -160.01751522270274 -387.9432890894943 -580.3572193852982
2012-02-04_14-21-52_735.jpg 0.0063864048164631836 0.4712175580376065 -0.023611904710769453 0.8816777783218344 497.8846059798148 1.0468372620301405 -505.6927807212922
2012-02-04_14-21-34_646.jpg 0.03330802034460904 0.4217810101417222 0.040835977909656596 0.905165055762049 553.3141895659901 -57.32687749261306 -423.3263424315148
2012-02-04_14-21-18_397.jpg 0.05295490855190491 0.9632352669922017 -0.004807419029378649 0.2633448059199147 -509.36858993200093 -27.85358398127373 -474.35852154278314
2012-02-04_14-21-05_53.jpg 0.06407163755285768 0.6670740616319438 0.07848154366692785 0.7380702330149976 211.78325714181565 -128.71489834277423 -639.4519110341209
2012-01-28_14-43-44_776.jpg 0.1544901724974552 0.9867539921059582 -0.02708672187882182 -0.041420467917693084 -735.3121986190267 18.28622890465718 -26.660660947536673
2012-02-04_14-20-28_124.jpg 0.06983208531915801 0.9625832624376885 -0.011156862035890273 0.2615959999011974 -490.8379017129146 -26.52018964706842 -426.13611726574
2012-01-28_15-19-19_648.jpg 0.06208758565724904 0.9668521957718555 -0.03534833093843464 -0.24513763223597893 -687.070513295824 74.3987642874299 405.8541707389864
2012-02-04_14-22-01_386.jpg 0.0270041904023577 0.5450807115512131 0.007933624732026665 0.8379110031466042 400.75336740362053 -40.22560159579073 -587.2707901283122
2012-02-04_14-26-51_287.jpg 0.04881752082890464 0.7457871075242302 0.005844292289659548 0.6643675821097801 -91.78642409695628 -56.121886492313216 -672.5117409199305
IMG_20140520_211932.jpg 0.10561839869226222 0.9097045186034265 -0.052377034896511805 -0.39816967351323956 -615.5206567853003 115.6065566191417 461.353128691388
2012-01-28_15-19-08_964.jpg 0.08623443106958611 0.9867042243648786 -0.003867272638752654 0.1377078092228092 -778.3834862838055 -14.3500148124566 -178.3427063697812
2012-01-28_15-18-50_977.jpg 0.20055877746737652 0.9447806170611492 -0.06791748132490834 -0.25010593382970026 -660.6608851909779 185.4589426339027 383.0660285326649
2012-01-28_14-42-20_620.jpg -0.005715502692084819 -0.20797855070987653 0.07055323853800562 0.9755688063921462 665.1336960022273 45.834866373602416 436.5915836445018
2012-01-28_15-18-34_874.jpg 0.10053411360807704 0.826393058847132 -0.07119821979381552 -0.5494526529087935 -270.5671838868903 175.0533815229571 721.5016269227822
2012-01-28_15-18-18_863.jpg -0.021395857476956926 -0.3724240692363829 0.09772814920276202 0.9226547234960882 602.5866997859621 76.1244243677138 524.7926503601155
2012-01-28_14-45-51_331.jpg 0.21689153492941488 0.9247725903716987 -0.068672269024095 -0.30502104458588325 -666.3378377050168 151.39677138430304 322.5083902246478
2012-01-28_14-40-46_978.jpg 0.008054535580630812 0.041248843581129686 0.10508034596475911 0.9935752504222951 766.8352623412242 18.022914207772075 112.9869014958107
2012-01-28_14-45-05_143.jpg 0.08254433072557042 0.9605175581868222 -0.005882364920306071 0.265627279590852 -587.3782674475663 -39.633195551523436 -424.3649672515793
2012-01-28_14-44-45_580.jpg 0.0434587585475855 0.25357051944649545 0.07638509056948103 0.9633164827365038 658.3327111485668 -85.1649237350815 -290.9353845709187
2012-01-28_14-44-35_41.jpg -0.008701374966376138 -0.27059618356917436 0.04716425332922084 0.9614975427526529 584.7934490403582 31.69267785143695 436.09140999344964
2012-01-28_15-18-43_310.jpg 0.09874559473400872 0.985092601256413 -0.004869409543957408 0.14077699855158884 -765.8622386571445 -14.831035212544334 -181.7348520080938
2012-02-04_14-23-07_60.jpg 0.05169546219301942 0.5801444835866357 0.036801024705968924 0.812037955968338 325.7610154936635 -95.72959117255384 -646.2449062810994
IMG_20140520_211811.jpg 0.06447382675176662 0.6681629592685048 0.05808885489189592 0.7389364454828891 240.0146185782176 -130.7407129730202 -720.8828132193315
2012-01-28_14-44-03_713.jpg 0.17682697350164975 0.9744907388259358 -0.044856736291342035 -0.13072067393499068 -722.6417095289036 60.82617447839782 87.11370198639268
2012-01-28_14-43-54_18.jpg 0.11219402208745151 0.9488451522263964 0.007378625352907312 0.2950439533225656 -551.0266320520022 -80.90674796536206 -475.2130619807865
IMG_20130210_165643.jpg 0.04826742232073358 0.4412703719434587 0.08631280469385486 0.8919085236352849 403.3816101464335 -106.92897136674934 -489.3149933588148
2012-01-15_12-39-00_996.jpg 0.11709918212123148 -0.3462789716414612 -0.17157143318666931 0.9148452867341798 462.9118635317642 -275.58212170593293 660.1292310472658
IMG_20130210_165635.jpg 0.11775022459126216 0.8875825079038051 0.04653784902350017 0.44290676770643816 -373.7269573233861 -127.47504714539876 -507.30170125425144
2012-01-28_14-43-28_869.jpg 0.023353871215601722 -0.027327920407836544 0.043439202300283135 0.9984091431717478 725.0756411231173 -27.974675309532152 138.8277118911864
IMG_20140521_135313.jpg 0.08123820893262405 0.9381882356386091 0.02707141068295545 0.33536595927787305 -505.88939215486175 -71.5794321306648 -391.38568000675895
2011-12-17_14-27-50_531.jpg 0.049593647372813084 0.6919589364112156 0.029113419771332267 0.7196427650231326 14.985834597273943 -72.9168052699501 -609.312225111596
IMG_20140521_135120.jpg -0.043156714464005506 0.9953203620111323 0.009634555792536631 0.08591885879933937 -675.5924012939552 12.96131150191334 -303.2009093730962
IMG_20140521_135106.jpg 0.16033117688249124 0.647000138160935 0.16071694181344617 0.7279112580207425 69.55757140951602 -300.3541842334473 -592.4240586103755
IMG_20140520_182921.jpg 0.0818996397276376 0.8859666391107109 -0.033247550918912426 -0.4552473654544845 -576.2576025046824 76.31572921669938 482.84070941244397
2011-10-15_14-27-43_188.jpg 0.10036449697604247 0.5234454367492793 0.1341519791667248 0.8354250947743624 440.8091095709509 -193.17997144163408 -518.0017333648058
IMG_20140521_135059.jpg 0.07902349722121152 0.635368404788472 0.07101561471899646 0.7648653865547614 115.61807985875775 -147.03936736967117 -640.8428048541936
2011-12-17_14-52-31_163.jpg -0.005798543951179663 -0.28514490229584777 0.11159604920017663 0.9519480465790398 665.2309354905749 42.05397921643679 388.9864595271643
2011-10-13_15-23-55_514.jpg 0.004096290100038179 -0.07567578795040097 0.2034241167469549 0.9761531766332697 723.2706314434121 27.34657035486323 148.63370230402785
2012-01-01_10-59-53_763.jpg 0.041237225366369944 0.5285479477554592 0.03912474945508301 0.8469981181488261 478.5314185804056 -75.41579366103315 -553.1673331412367
IMG_20130210_165353.jpg 0.3401886839515957 0.8099075068946244 0.18546217728238162 0.4403694703140697 -392.2967460374695 -421.62178014509226 -402.4763592694867
2011-10-13_15-25-11_586.jpg 0.10876768756121115 0.6994865175075899 0.12558110784737828 0.6950666063907234 -9.964375245395894 -236.81557951128016 -654.0790427551274
2012-01-15_14-14-25_544.jpg 0.04231308029277179 0.3371309681953832 0.0565811310474895 0.9388029021733837 527.2347960452911 -73.40807115167014 -356.25038579693654
2011-10-01_14-32-33_19.jpg 0.27060585362459355 0.9017773664986098 -0.11227101170860229 -0.317750331525969 -585.6304210574449 299.9048535929379 426.15135305748703
IMG_20140520_182746.jpg 0.08098592707591686 0.9925917877847241 -0.0004239469016167693 0.09056844211425731 -651.1363576255593 -35.706108286245225 -283.12579317438804
2012-01-28_14-42-54_940.jpg 0.008445878880075027 0.11754633096574497 0.009128773860686836 0.9929895229529035 766.8459946220006 -16.95785268337278 -74.69675943198827
2011-10-01_14-34-22_269.jpg -0.028822056428868696 -0.5933118384889303 0.1413152126045558 0.7919471965091018 251.72526770828418 140.56493937670527 671.5951608307546
IMG_20130210_165620.jpg 0.07446703607934176 0.9438372065536448 0.025479660252280337 0.32089994542847655 -508.4707196495752 -67.29813032364719 -390.78856723037825
2011-10-01_14-34-35_331.jpg 0.05304753922632636 0.9697927144965952 -0.04797436477506909 -0.23320915465689945 -619.5387762292437 79.96440575566861 354.2151583719375
2011-10-01_14-35-20_347.jpg 0.2885650868846712 0.8732656141546784 0.10626827446287711 0.37794763077571686 -498.45890232590557 -283.38049805626474 -408.656210888672
2011-10-01_14-35-34_597.jpg -0.036837621409181606 -0.598240750218252 0.09436650882711202 0.794887386010748 204.01189375872838 110.86829277271197 652.4274531676696
2011-10-01_14-35-55_354.jpg 0.23924846105859526 0.6758142254283137 0.19692149786088195 0.6687729287807997 -28.36983173071649 -407.4422523268841 -552.3780661450596
2011-10-01_14-36-03_448.jpg 0.20989999407790907 0.8427304418594622 0.05846232128059122 0.49226979578269375 -357.20220599748353 -213.40744716021067 -546.4664691944266
IMG_20130210_165801.jpg -0.31130739755314196 -0.6262870591799526 0.29410863013023153 0.6514233166039843 10.070442116949437 571.454086243803 495.6496949990902
IMG_20130210_165814.jpg 0.09309320130415794 0.697492978008222 0.06614634349957099 0.70743329207905 -34.87317869835317 -151.9951589963864 -638.2977667962516
IMG_20130210_165827.jpg 0.017011152143281843 0.4285444601036628 0.03364482183044029 0.9027337882129016 383.2598205402555 -48.27837560842027 -537.9392960261719
2012-02-11_15-57-14_674.jpg 0.030688088652208845 0.1594936071358206 0.1234939886703402 0.978963362572864 712.3747780145741 -28.330545773969572 -50.85947389955375
IMG_20140521_134354.jpg 0.11880405763906468 0.7915941344302933 -0.10395095650944619 -0.5903037530499189 -219.44209006835226 226.99258053140449 702.3289873185013
2011-10-01_14-37-23_89.jpg 0.07276800664254024 0.40757831971246306 0.03523444096615667 0.909584116329787 424.0583552842866 -109.63292926769199 -476.4466101347781
IMG_20130210_165933.jpg 0.04548120566742361 0.6804067848897872 0.03436204642932191 0.7306143420246894 -15.710179998230068 -86.23344483799833 -699.4527695620376
2012-02-04_14-21-27_210.jpg 0.0805923705114118 0.6619529539283464 0.059649516115787754 0.7428089201322509 225.87740920646164 -137.48020074887629 -645.3666864794591
IMG_20130302_145354.jpg -0.05330928946436759 -0.4128555187418666 0.11480404000531932 0.9019581324538546 339.18640088587335 156.46439776002782 599.7921470132297
IMG_20130302_145455.jpg 0.0022826740623172873 0.156411506386465 0.030376664147513194 0.9872221068960683 716.3847207566295 -4.832863187891343 -110.18696066967144
2011-10-13_14-42-04_627.jpg 0.07738580452620712 0.9963821028041696 -0.024840118950839596 0.02484171813465711 -710.4941664530688 2.0210007962952883 -229.56678777754684
IMG_20130302_145508.jpg 0.055151859292753604 0.6526429849699508 0.04045622143222053 0.7545718658507564 210.52120948054161 -102.32706420984633 -688.1355373121736
IMG_20140521_134547.jpg 0.10917633246427903 0.7486328068361654 -0.1079447181723307 -0.6449630894686537 -71.43882909964593 228.41685797686483 739.9484088653053
IMG_20130302_145519.jpg 0.006761792913846877 0.1065587720886902 0.0860714593158648 0.9905509629185055 730.8771564340402 -9.145121552024627 -51.0805207220931
IMG_20130302_150016.jpg 0.1637872216934868 0.9844848159491921 0.0017259023157358477 0.06293182371908232 -747.1270248514654 -58.27586044682027 -198.4621349756819
IMG_20140521_134606.jpg -0.028813389488585184 -0.2893987650813683 0.09380530266837286 0.9521652737560078 663.1373767968736 68.87833368892625 383.952490074498
2011-10-13_14-42-58_635.jpg 0.011002190049439009 0.034628953021164824 0.07718882497615734 0.9963541903989639 762.7981263557609 3.4009291239022383 107.4160949578175
IMG_20130302_150032.jpg 0.08845766092413337 0.979604161254813 -0.025978307684698942 -0.17853867089772216 -765.0173214981861 41.017933140345406 162.6985185151811
2011-10-13_14-43-11_783.jpg 0.07475418713973633 0.4479014299930724 0.09936213607629286 0.8853944242142 571.9725535602471 -150.27413323137029 -494.84043854308163
2012-02-04_14-23-47_959.jpg 0.038733291190088566 0.23671140591309506 0.10513285065623122 0.9650981950957761 668.8242991784856 -81.57419677967196 -262.64964522902153
IMG_20130302_150051.jpg -0.043642205941128616 -0.41825248370215956 0.07283572864925815 0.9043534565476591 416.1927445751736 116.55782865450048 663.903406075434
2011-10-13_14-43-36_947.jpg 0.028578836868635073 0.25425105609407816 0.019673677471553207 0.9665156992894773 732.8702300784316 -48.005565599479944 -250.79772276865222
IMG_20140520_182632.jpg 0.03966638313532508 0.6818768456154516 0.05130026774518738 0.728586870586998 184.05060012325447 -80.44383026731512 -639.5980758310208
IMG_20140521_134634.jpg -0.06510727810339365 -0.5936215584108869 0.07429888696862927 0.7986577258895204 267.8904414973344 135.46161609142396 695.4734683366515
2011-10-13_14-43-56_197.jpg 0.06488186819823195 0.20585877027394162 0.12023048518597079 0.9689980084150611 747.1728094371313 -112.64978905977468 -186.18269709809732
2011-10-13_14-44-10_424.jpg 0.037642955212683946 0.4288595027909231 0.015525980175430824 0.902453034084528 578.0219239289298 -67.53110742516171 -525.6259338816177
IMG_20140521_135306.jpg 0.04451134801939994 0.4838918455092011 0.07657799086266812 0.8706338111184478 328.63188655677607 -104.24665259990785 -543.6069707680797
IMG_20140520_182651.jpg 0.034687872272007404 0.7059116428262903 0.044097750967974525 0.7060742824937722 151.20150906386542 -71.79560527734053 -663.5011935191488
IMG_20140521_134654.jpg 0.2053621573001629 0.952542000748988 0.03538560876692215 0.22189632680676044 -695.4173106366264 -108.14177208630052 -264.4063647276987
2011-10-13_14-44-28_463.jpg 0.1018538696862608 0.8652202773047099 -0.0898296745453834 -0.4826492417291932 -500.9633193460656 184.93458789656378 588.2190338823242
IMG_20140520_182733.jpg -0.014521353181921146 -0.13439977049157253 0.10054977908243952 0.9857056223437356 619.5248114226273 69.57159673254324 331.3819076081276
2011-10-13_15-22-43_375.jpg 0.08693709945598181 0.7685976946933463 -0.09273851826037217 -0.6269761492123329 -155.23322823872837 186.21382896297524 732.9475212629004
IMG_20130210_165337.jpg 0.0261786475411034 0.9082521117049112 -0.012142659015051419 -0.4174270425218435 -447.79903204076334 24.359078937150276 549.4212677105571
2012-02-04_14-27-51_236.jpg -0.055828787750921476 -0.588318248213423 0.14450709425181277 0.7936513623677902 219.10285290375478 192.46882516535857 697.7209658010511
IMG_20140521_135000.jpg -0.06555384407408074 -0.5876614469973325 0.09310713792346917 0.8010541667751392 215.2944267349809 140.97997296928523 643.0564619516771
IMG_20140520_182759.jpg 0.04656054203829321 0.36251428570393973 0.11996683610178804 0.9230511723742025 629.4486612868075 -90.02450517779306 -342.52619083086995
IMG_20140521_134740.jpg 0.014350061530905012 0.08131137143082597 0.10297701839640111 0.9912508614333128 713.8462523765479 -48.24004070277727 -152.6789298490022
2011-10-13_15-22-55_274.jpg 0.10485185566664842 0.7262186291986379 0.04837367201810733 0.6776965241342147 -53.33851751226764 -170.17943657474635 -741.920691293953
IMG_20140521_135007.jpg 0.06803114047090753 0.379399050344372 0.13539738467792284 0.9127407478284263 479.1789748783566 -164.3942705242515 -466.7873815063296
2011-10-15_14-27-34_559.jpg -0.006719064834803814 -0.15695983639292077 0.10946932666339043 0.9814962712344438 605.5146273925947 66.82469427832322 358.50610577070165
IMG_20140520_182803.jpg 0.0356963576704218 0.715243991930588 0.041195389627484896 0.6967458230443174 150.62225145030547 -75.60035595325175 -702.983726878891
IMG_20140521_135018.jpg 0.07924655054892021 0.6651643178212548 0.08093086848468178 0.7380559660688318 63.86970733542838 -161.40250538354783 -665.5866419984775
IMG_20140521_135701.jpg -0.03396191504809996 -0.7892755179646002 0.028252399725510538 0.6124479953250952 -140.06699504468133 59.162189279289045 750.8828688929096
IMG_20140520_182826.jpg 0.03874472567596772 0.5476688998075416 0.05487817133090215 0.833994010006827 441.78555804526934 -82.23631243179 -588.6125503839523
2011-10-13_15-23-34_531.jpg -0.0027933311153295077 -0.36853210411472404 0.09887973031185059 0.9243371054282682 518.0697460461568 58.97495367981015 534.9705012501847
IMG_20140521_135034.jpg 0.1665968154545492 0.6589030246434536 0.154910471985933 0.7170042195588571 44.33387568737769 -305.15083665271044 -601.4040696518813
IMG_20140520_211430.jpg -0.0044279381011215375 -0.060323521536347874 0.10276261039522792 0.9928652033475566 693.2416825744225 55.31201353694704 282.3941951481933
IMG_20140520_182834.jpg 0.12001917297841443 0.9853375257961734 -0.021158277649214265 -0.11940555122092307 -742.0052682049618 10.874292865979898 6.029782153860457
IMG_20140521_134810.jpg 0.08736596539780436 0.9820015800428948 -0.008382901849233033 -0.16724177659889217 -663.5171959054239 32.19340868982926 273.39639091174337
2011-10-13_15-23-45_574.jpg -0.017204383762715852 -0.5487881557192239 0.07507376577171757 0.8324058499400951 255.03469104850424 80.64602480978118 692.6969657865443
