IMG_20161227_172439.jpg 0.08035434471671236 0.982213280565518 0.005397791922818451 0.16962050173321455 -585.3737879909058 -49.175718457863034 -367.45190392318534
IMG_20161227_172448.jpg 0.11425825824191352 0.557167823415579 0.15934671680729737 0.8069186395273105 384.8875620588989 -224.82471549653073 -534.3086218581199
IMG_20161227_172456.jpg 0.027628974958899766 0.8218210115006697 0.01169078993136503 0.5689553499436641 -91.76795537879136 -39.69087184850473 -692.9531153452454
IMG_20161227_172504.jpg -0.01026091586103939 -0.0640513123872916 0.12773714986845786 0.989684476755416 658.7987944894651 65.1959585501477 236.6927994273093
IMG_20161227_172513.jpg 0.09146655595747646 0.9949893910255531 -0.0022851507767831145 0.040308299068617465 -675.4482367566936 -31.191851125946886 -213.83677823994933
IMG_20161227_172517.jpg 0.12233671371701613 0.8906145350186389 -0.06069322517450721 -0.43376930609296355 -552.1942648278607 121.42441289208759 427.3192464961724
IMG_20161227_172529.jpg 0.08970299356240784 0.4928752735162338 0.1736347534362469 0.8478669176830609 491.1775785255181 -190.04668592038368 -483.1605730752365
IMG_20161227_172558.jpg 0.11261221618244036 0.9893822368050224 -0.0008573017768055232 0.09187242945974218 -671.2633375342002 -57.08242639053979 -314.19044271595817
IMG_20161227_172604.jpg 0.13029319149188368 0.7083145975416111 -0.12065574784707327 -0.6831956569473991 -218.32119293924475 246.05009164699104 666.1710999380156
IMG_20161227_172616.jpg 0.14312567758665154 0.8030058023273347 -0.08927900505272095 -0.5715994936148839 -422.73382691397507 197.24584883404128 588.7437984347785
IMG_20161227_172620.jpg 0.13149407021407966 0.9807926235272825 -0.025519638297003377 -0.14178817720175155 -750.9287647788677 13.911591095688422 17.666706680986934
IMG_20161227_172626.jpg -0.019504022713923576 0.815602600694482 0.04943651029510663 0.5761666619027986 -73.18329260128881 -20.139185430789745 -745.5857585467537
IMG_20161227_172633.jpg 0.009835515638987198 -0.016287004173399046 0.16069676408727945 0.9868204224371565 723.0902930120409 49.87406750628206 207.99426333011198
IMG_20161227_172651.jpg 0.04562931503882234 0.41824451699192466 0.11056122775043527 0.9004252909229038 615.0517789799127 -100.702906475094 -437.0722030877916
IMG_20161227_172658.jpg -0.08402421255508995 -0.6917636295361647 0.08951142260266924 0.7116113530425824 -158.74191921029447 181.37898187115883 721.2158682653611
IMG_20161227_172703.jpg -0.059690812567954145 -0.3977886195429022 0.13570180185723932 0.9054204780265515 367.42474651341445 194.68693347990416 636.7862466591988
IMG_20161227_172723.jpg 0.0864636655537277 0.5267552089740106 0.11316253791065474 0.8380019238470636 472.87637374493346 -182.92668570089634 -580.1828956985609
IMG_20161227_172730.jpg -0.07856215772678586 -0.4126804876745893 0.20635030765817594 0.8837094279203722 363.2900827962526 281.8607326791562 620.0606506269468
IMG_20161227_172739.jpg 0.06533224585028419 0.7951225688393945 -0.05885199943065404 -0.6000401989345499 -366.57866199374956 123.77187521191999 668.8507329772118
IMG_20161227_172754.jpg -0.03538901368940133 -0.12090774963815272 0.17177600535176019 0.9770475616739043 695.530051910511 133.21596279989794 309.70133344364996
IMG_20161227_172811.jpg 0.002197784574634277 0.26098472384924437 0.03863953777568614 0.9645668093920596 728.1707700690936 -9.682036824216262 -261.5436829159807
IMG_20161227_172831.jpg 0.12321252523017005 0.7925925802012538 0.06213299522998981 0.593931954301226 -99.68781645209137 -205.24586438722508 -741.679361211252
IMG_20161227_172836.jpg 0.18618605616049846 0.9499562290406323 0.028063511765588613 0.2492596130657429 -608.8183412126646 -157.01902235101622 -454.8779653089936
IMG_20161227_172901.jpg 0.16872803460517705 0.8616109592538794 -0.0878783751342323 -0.47056858842856364 -504.416371894738 211.32934831624027 546.0967400397287
IMG_20161227_172905.jpg 0.16416854374812873 0.9848602723259102 0.00775963781190064 0.05512459758384654 -749.2989402264053 -64.12687383685558 -180.4215455615819
IMG_20161227_173025.jpg -0.13441156341634336 -0.6318129721411256 0.1379684757127529 0.7508066326050081 119.89336576051814 283.5647997061135 708.9267069061914
IMG_20161227_173032.jpg 0.07282215055185158 0.49022942795305013 0.11801005547612059 0.8604915276540213 399.3868301388538 -193.52859609077936 -633.7601282095486
IMG_20161227_173116.jpg 0.06216572097093513 0.8349414183893009 -0.0519255644610195 -0.5443454663627048 -326.6868278668693 107.10094074949235 659.4927988209149
IMG_20161227_173123.jpg -0.033741829700028314 -0.272351659642391 0.15989707768573427 0.9482188497209345 611.9437101952965 114.88688874166554 401.45476012695167
IMG_20161227_173132.jpg 0.10484373651717178 0.9934643106376354 -0.017151467226579474 -0.04174064654962837 -735.6615559295827 18.45900752545733 26.289371556101987
IMG_20161227_173137.jpg 0.13564200775282773 0.8283462268864583 0.07900166350603795 0.537775521290276 -270.80945720125163 -214.31374022028095 -651.0742612185963
IMG_20161227_173141.jpg 0.10185076066430677 0.8550917951343572 -0.06983986937104482 -0.5035542047210413 -384.76517607988933 153.6975008141411 608.3594623803752
IMG_20161227_173158.jpg 0.11412070064046821 0.9932034932762169 -0.008805659972282463 -0.021112720850250007 -731.8171778925991 -0.6338687491000606 -19.975662527828412
IMG_20161227_173202.jpg 0.08044897225891164 0.9479824850682734 0.009209772595717723 0.3078511831307464 -561.6210691479315 -61.43728661383542 -464.9211493452406
IMG_20161227_173206.jpg 0.07820041232321549 0.5076753453598445 0.10882481924027457 0.8510626286846129 389.9846112480001 -177.82522192353704 -593.6445942615908
IMG_20161227_173209.jpg -0.003298572178829268 0.02957488283457074 0.14827696914012392 0.9884980455972185 732.0555515441216 8.137934711538533 6.8170481876203795
IMG_20161227_173326.jpg 0.028323391186699652 0.05592269989719303 0.16063252720074161 0.9850216385201884 788.1231229359051 -73.84860740868675 -99.54321103736233
IMG_20161227_190424.jpg 0.20211163611752153 0.9036697543165848 -0.07311706864357709 -0.37038595539284686 -527.7153752577138 226.3408287996942 530.6658228014301
IMG_20161227_190941.jpg 0.21207471435587225 0.5989384052787774 0.22461098022573667 0.738814597700278 275.6799963271311 -385.0835056906938 -512.273463774825
IMG_20161227_190948.jpg 0.08734080803661662 0.9947421285346063 -0.01962202538368345 0.049745925358704146 -664.904786059675 -5.253092232591597 -215.84668616730465
IMG_20161227_190953.jpg 0.043922416653802615 0.8118473392728225 0.017076241410661053 0.5819648795333042 -80.465282424912 -61.029229963273046 -692.7267881965721
IMG_20161227_191024.jpg 0.20127990783839825 0.7466737227319236 0.13332889395619069 0.6198291349385213 -15.616655789003229 -333.56488436990037 -631.7572452497539
IMG_20161227_191029.jpg 0.057383614421545596 0.5369867823220846 0.0654852595492656 0.8390852144979436 407.245598897665 -112.81159508906516 -576.8365211300978
IMG_20161227_191046.jpg 0.19797302009983284 0.8277965956551008 0.11372640824295335 0.5124702758234214 -215.9244704842532 -304.45654697742964 -617.4367551085681
IMG_20161227_191052.jpg 0.33234638315139314 0.9429842386690535 -0.00826703977751009 -0.01607057190179486 -715.6120785058055 -55.23930349293503 -71.85033677734009
IMG_20161227_191109.jpg -0.3278289194958676 -0.16169421723017793 0.9267606990577005 0.08658975885504269 574.1985266015515 255.97715964346568 -256.95292272291914
IMG_20161227_191118.jpg 0.04872700491937729 0.5721089727794747 0.051297311756437404 0.8171203020751376 347.6362146711996 -101.20810972700147 -637.7738759793438
IMG_20161227_191129.jpg 0.3348710869567035 0.9368145746648082 -0.029340474847069965 -0.09684495005821961 -731.273494712345 19.34954388813876 40.8906792510156
IMG_20161227_191143.jpg 0.29759721600211597 0.9438197911673668 -0.0030806299102065834 0.14363359129372955 -676.739641225124 -119.30019318928048 -278.16738369906784
IMG_20161227_191152.jpg 0.010135794402309566 0.30617221686417395 0.05948915907937913 0.9500615134002329 656.2838086025663 -33.78149710685572 -344.4521186566621
IMG_20161227_191156.jpg -0.0054817964963656375 0.02340277114758774 0.08967138372052437 0.9956813261036043 738.444531222228 17.361955907331907 62.432761847053364
IMG_20161227_191215.jpg 0.24337841488073964 0.9072949116352459 -0.08482494360152436 -0.3322463234317715 -643.1007877906654 191.26437541281783 350.34808553649543
IMG_20161227_191228.jpg 0.17381554964896687 0.9404086262125343 -0.04316637600964299 -0.28906129873692105 -687.4065817041572 101.05833600731714 317.7044765426856
IMG_20161227_191239.jpg 0.12992011344024917 0.9583886559331036 0.012042525014389982 0.253903379051342 -609.0340472958567 -97.83577543233484 -458.68608996053746
IMG_20161227_191254.jpg 0.09890571118431224 0.8987954586224569 -0.03168677828900289 -0.4258876987381015 -561.6164482549392 86.15344078445861 506.4691927981377
IMG_20161227_191326.jpg 0.08234349820446588 0.5630106780640703 0.06422515221175236 0.8198253805004232 340.8371908367793 -156.73316864974498 -643.7058355118978
IMG_20161227_191341.jpg -0.04344589941765634 -0.34675988322550955 0.1106082985750712 0.9303955295977884 507.59033418013996 123.89407363671668 521.7282283693684
IMG_20161227_191347.jpg -0.0021187942285664087 -0.03464813488547488 0.1110592086297947 0.9932073648732662 727.9662546395379 20.053410893804788 122.18628398268953
IMG_20161227_191355.jpg 0.04286362893133424 0.329454603758784 0.07150712645553634 0.9404834417697376 613.4981725548618 -90.85140362091136 -393.55608418211864
IMG_20161227_191402.jpg 0.2079001431150294 0.9775538349865509 -0.008127935754255723 0.033165748238383926 -724.8075518453376 -31.607762392803558 -111.73806873559481
IMG_20161227_191414.jpg 0.11669436821877818 0.9920895956870408 -0.007744552723748787 -0.045614476415419124 -728.8890812941738 -1.8651510575368349 -3.077849818968927
IMG_20161227_191422.jpg 0.03828060741429395 0.262814398331143 0.10128144489299117 0.9587519262281671 656.1075142744721 -84.09954418376758 -299.5453117569419
IMG_20161227_191533.jpg 0.033681711846607086 0.38610995377473994 0.045455742754839074 0.9207162545180554 481.5464847768917 -63.26688009790315 -422.4359120070606
IMG_20161227_191546.jpg 0.055280942792931935 0.9093206120598217 0.013035678704991912 0.4122015440628233 -395.7573758945946 -51.62972510746779 -504.26574674930777
IMG_20161227_191555.jpg 0.0988852276268227 0.5766231465394812 0.11253651311217482 0.8031581362649901 232.53796618728634 -187.47006669827783 -570.50604810502
IMG_20161227_191611.jpg 0.051442059058139 0.49328240749354846 0.0703337471940816 0.8654937001635927 340.21911469143464 -106.07282008523602 -538.7950487831334
IMG_20161227_191631.jpg 0.0030499597210108353 0.07057715661720589 0.057692527408793166 0.9958318808868868 646.6636141745267 -15.288801669629695 -93.75977290225877
IMG_20161227_191640.jpg 0.10857298374695763 0.67567686294633 0.10087056056718584 0.7221480555191928 35.76957823226884 -198.52965657494087 -626.5651227940756
IMG_20161227_191658.jpg 0.04633465944751311 0.5411208116398655 0.05422341038384313 0.837914785828751 252.5556623747715 -94.32133725237603 -587.1823016715174
IMG_20161227_191704.jpg 0.07482356902971389 0.9009778422681161 0.02686173738686138 0.4265194114270823 -419.75798663999365 -76.68137909135532 -484.69354129310085
IMG_20161227_191720.jpg 0.05872085013076345 0.6078431051452909 0.06130276363666734 0.7895065499777424 139.76462568576525 -114.22574201755869 -618.1089240155953
IMG_20161227_191723.jpg 0.11057747330906266 0.8059614218751041 0.07542166645087885 0.576637131197269 -231.097234816897 -164.16774214777982 -578.2272066621358
IMG_20161227_191752.jpg 0.02973474378034241 0.17580001062556538 0.2386214649910487 0.9546046290071586 619.8186328402203 -102.07686568699917 -216.7466904235146
IMG_20161227_191759.jpg 0.09927266257447628 0.8083780015152827 0.07047707764120491 0.5759365647870331 -225.48645277879663 -157.82840095447241 -608.5049005980101
IMG_20161227_191808.jpg 0.06519981203115614 0.5061014873998514 0.09839281519112672 0.8543588958286351 316.6938046687083 -149.3439743902103 -576.8259251612299
IMG_20161227_191819.jpg -0.05052996315754918 -0.43498182371168187 0.10875784857332246 0.8924176523564836 424.6770887640543 118.16474299630825 518.4708489843043
IMG_20161227_191825.jpg 0.12962196242219218 0.906145781970638 -0.059527958763312856 -0.3981888883433517 -455.1702166693354 138.7377549779386 487.8518048674036
IMG_20161227_191835.jpg 0.2342335310487907 0.6689491172690658 0.218883234929314 0.6706205043869682 -11.927480820360088 -423.4967216494943 -543.2526520097334
IMG_20161227_191843.jpg 0.13927181203775352 0.8993291129466617 0.044819623654183176 0.4120700308367364 -464.0856339218131 -140.02085399660928 -496.10512979895617
IMG_20161227_191905.jpg -0.02691208967773733 -0.445086543207584 0.06360329715979515 0.8928204349560466 426.0648696958306 65.46930085175697 552.1505579763207
IMG_20161227_191920.jpg 0.15172797206447622 0.9140468212075834 0.044816093459454344 0.3734816580510314 -515.1224349819498 -140.42654408097118 -457.7026492386428
IMG_20161227_191954.jpg 0.0329156723957163 0.4363103858678261 0.08458163017260889 0.8952071009168496 412.93224145041955 -105.06813251394226 -566.9140116146558
IMG_20161227_192015.jpg 0.3051153112045096 0.9437452667951457 0.011754838487263148 0.1269304614443392 -701.6741217448634 -53.27445483222164 -129.38676595371444
IMG_20161227_192026.jpg 0.08673548322272953 0.9036527537501271 -0.03840560946278024 -0.41762862180617333 -434.1095242986451 99.57279266618723 565.3139704157832
IMG_20161227_192030.jpg 0.06624389901032504 0.7283049441647078 -0.04856083099334597 -0.6803127955891967 -8.191957103684596 109.29072078411153 711.0958835468691
IMG_20161227_192112.jpg 0.13753722186808956 0.6626799656049863 0.08296045387213233 0.7314754533679934 16.441213870225262 -242.11191394880774 -728.3120134367476
IMG_20161227_192139.jpg 0.2792864839340603 0.940209283884638 -0.07598551405589318 -0.17953206967711507 -698.3213389966506 205.05520945149564 269.3248138820179
IMG_20161227_192148.jpg 0.08069494578565853 0.5100169231465154 0.1385891622035213 0.8450823083869032 325.3814095253186 -230.22796423562957 -669.9873430201866
IMG_20161227_192153.jpg -0.04562720589878403 -0.35694610528996756 0.12604529710883078 0.924456715631911 605.4518214872303 119.35015464924086 475.7049261437128
IMG_20161227_192201.jpg 0.2362946921323112 0.9009291372706103 -0.10825498979902837 -0.34752318666607446 -543.3397752328405 287.7514250309149 479.0095269905876
IMG_20161227_192213.jpg 0.22934891713588998 0.8958704276898475 -0.09417837789319518 -0.3687081286557308 -525.5085791602252 271.4964980910088 512.6444194043513
IMG_20161227_192220.jpg 0.09990580249082676 0.6127187346128605 0.11585363587327883 0.7753531569149771 138.59480369092375 -242.2335797264072 -732.1487790929909
IMG_20161227_192300.jpg 0.19524166984584218 0.8248276696008389 -0.1420347264216433 -0.5112398090006153 -265.7214090291656 324.8313541022409 611.2381940792703
IMG_20161227_192304.jpg 0.2284521205143395 0.6160017670012756 0.2871483913668975 0.6970633063210334 132.21580984061237 -472.71468765916836 -469.99164064336475
IMG_20161227_192316.jpg -0.21017006138496286 -0.3560292532002439 0.8663657529908628 -0.2801465655825406 350.3727908531881 337.9965366032666 -108.91638898217528
IMG_20161227_192330.jpg -0.09557577245657459 0.7765098875182849 0.04098724550747915 0.6214641679223185 -11.39064153651063 70.60500213659112 -751.1895660563148
IMG_20161227_192344.jpg 0.11308593569204614 0.9384521061651792 -0.039016373912496835 -0.3240323103480783 -513.049045458423 109.08323914200739 478.9899901804504
IMG_20161227_192354.jpg 0.22502856091305753 0.912878275394767 0.04274962134171407 0.337916958675966 -592.3127824466686 -143.49545853235932 -374.2049194962452
IMG_20140520_182846.jpg 0.003508148057237881 0.034953896505872405 0.13198425856977553 0.9906291301521735 736.0739330399997 32.949952921127476 117.19300150876397
IMG_20140520_211432.jpg 0.001226959210353117 -0.05570234859215285 0.09520649477030535 0.9938971105129374 695.8660207788746 43.35127618251609 277.38299387653456
IMG_20140521_135037.jpg 0.07704758724658617 0.8189923631410767 0.059605151599594945 0.5654753790562975 -244.992620701503 -130.80207132755277 -615.8363762219373
IMG_20140521_135047.jpg 0.11165012661520807 0.8912510590989479 -0.052999520149304424 -0.43634487477883327 -406.9162842763141 123.7153844752994 519.7648752743652
IMG_20140521_134943.jpg -0.04067648824677735 -0.64705674829212 0.05398769412475496 0.7594394753215219 123.63571073695483 84.92976093847112 687.4173822059269
IMG_20140521_135321.jpg 0.0607908273996895 0.5495920053470664 0.07646446172542164 0.8297025304623897 233.07006722971698 -126.10780823000063 -588.0382145015515
IMG_20140521_135225.jpg 0.06528539575197244 0.4936327625159208 0.10170394594126939 0.8612321523563692 344.13316395703697 -138.6331824664414 -526.267923327737
IMG_20140520_211801.jpg 0.016531017115185377 0.27116768077644926 0.09334132130115666 0.957852917787075 728.775046785456 -33.08626251071514 -244.18009584024492
2011-12-17_14-28-15_257.jpg 0.061374829202907384 0.8440866583685072 0.02742006372819565 0.5319764878354525 -285.16593235859574 -75.5676455077968 -565.2114971468102
IMG_20140520_182958.jpg 0.0034071416569663115 0.1583493879393108 0.030360108400741184 0.9869103943838422 756.519799914226 -1.4093439865511395 -44.3968403399904
IMG_20140521_135040.jpg 0.04671479572826248 0.4392334301681914 0.08804207436410424 0.8928271472263916 406.33578115256046 -115.8001078682727 -527.2259107806984
IMG_20140521_134826.jpg 0.034302530514017465 0.6337900580624236 0.05013293531936145 0.7711161958471819 97.91264240487035 -91.84299891822627 -702.2905198502273
IMG_20140520_183007.jpg 0.010857314142559187 0.38469569789366737 0.03404077486148586 0.9223516489921529 653.4208457891539 -24.08801279685986 -382.77179379143513
IMG_20140520_182943.jpg -0.01303488830982577 -0.18365637050639524 0.0870169776335336 0.9790446746000377 613.0552439799274 73.30205030829745 439.8833376061224
IMG_20140520_211910.jpg 0.008672209074973715 0.368071102701283 0.011208760268350399 0.9296896362976562 650.6904432826682 -18.543672309583023 -423.0753487230571
IMG_20140521_135650.jpg 0.09378186952357538 0.9905533058141212 -0.008584524508671278 0.09967655305205216 -754.8837981413659 0.8182245537386427 -98.54867319540527
2011-10-13_15-24-05_816.jpg 0.11356118364417786 0.27979882399217565 0.16604562122362346 0.9387466790004592 629.3542180780759 -218.9241984102031 -319.5754661768998
2011-12-17_14-29-11_706.jpg 0.09696828074863248 0.8183840434604446 0.030915546736478467 0.565587251366199 -299.63178395581605 -109.58049635260826 -607.9035376520507
IMG_20140521_134821.jpg 0.2011224803735483 0.8519190921687686 0.08607663979394732 0.4757882095728273 -415.15519480951383 -237.0506202788933 -531.4587195507253
IMG_20140520_211723.jpg -0.054423967237103237 -0.6810093706262793 0.05107997951113365 0.7284607776692686 -134.79916144331608 109.11208738778248 739.9367457180167
2011-12-17_15-01-35_152.jpg -0.0837880925048523 -0.6614533332587759 0.10754785971728577 0.7374906788193895 49.83376641838124 190.61781974709552 708.3892513200724
IMG_20140520_182904.jpg 0.023733726457087084 0.4833772042602609 0.05413739192878635 0.8734141809159862 539.6924493713258 -56.484468038844966 -522.051768270837
IMG_20140520_182849.jpg -0.03459373513951994 -0.3268961033323983 0.07945234543286757 0.9410789211965208 461.3991830792279 106.36368312298148 576.4625669210202
IMG_20140521_134925.jpg 0.11377932525407815 0.9843269793340994 -0.012451585430515586 -0.13416266589480327 -678.242114126059 37.292839521196754 209.5806405734429
2011-12-17_14-50-43_241.jpg 0.2421750192579627 0.9549421087380626 -0.04865369482262985 -0.1645285597895216 -673.3449708918826 143.02587066768464 259.816561647902
IMG_20140521_134908.jpg 0.3864232906073005 0.8923112499518077 0.06896630973660342 0.22293793263369077 -643.0455849804513 -188.4407403690956 -215.33661725851414
IMG_20140521_135013.jpg 0.2643546075257271 0.6292481003564474 0.27118138146166554 0.6786929556332992 40.44231278596347 -487.22406552520613 -485.0740549564112
2011-12-29_15-31-46_760.jpg 0.03631720078211578 0.338739048667325 0.09005961421875706 0.935855856273859 694.2052521625785 -72.20324926464633 -340.67760331822393
IMG_20130302_145312.jpg 0.014075776344056155 0.7362242085315643 0.006773831635799407 0.6765573903944542 103.70003044864028 -22.450335524454673 -711.1817304249628
IMG_20140520_183040.jpg 0.1228658824341053 0.9474035013834544 -0.052051870531670145 -0.2908972039642428 -714.3134034796097 81.68360202200171 229.77974103620159
2011-12-17_14-53-09_639.jpg 0.09535467915409297 0.851663790765778 -0.061834034122960464 -0.511617850437184 -326.79494268254706 155.51753705580276 696.421871351188
2011-12-17_14-53-55_436.jpg 0.10274056326082043 0.9702865226465314 -0.03570704536602574 -0.21613293951311455 -708.7372832149597 87.24418587687092 352.876749227038
IMG_20140521_134950.jpg 0.23994437376769387 0.8717378448673568 0.0981752722848163 0.4157660919736574 -452.48989711398974 -261.4144484160104 -463.72611727805156
2011-12-17_14-50-59_577.jpg 0.14223478703831033 0.9810947768346786 -0.010044964779599104 0.13084877877327075 -728.5656017721286 -3.4124129503820835 -133.06576883529982
2011-10-13_15-26-30_438.jpg 0.03279963902555705 0.2920846391028966 0.013806777544073346 0.955730150290223 544.2033882105538 -49.36258628469261 -335.4974903844685
IMG_20140520_182925.jpg 0.054437524203810234 0.7356861557697055 -0.04875434736669626 -0.6733687324046157 -246.97138030947804 102.99074584088422 706.4694059716699
2011-12-17_15-02-30_957.jpg 0.004544382274264345 0.01300013808211784 0.0816554504988602 0.9965654681973578 729.195933775405 -4.223868252121346 37.33841817726673
2011-12-17_14-55-12_175.jpg 0.21160533692544425 0.9393411384781923 0.014166399720306647 0.2695565248071865 -686.0091065272716 -107.84361900647947 -370.52939074875235
2012-02-11_15-54-04_6.jpg 0.20376825109892127 0.9340689662853241 -0.0471772023685015 -0.2894269815401371 -692.5901004288572 118.35872468819326 326.50297993076384
2011-10-13_15-28-19_661.jpg 0.09317820434447888 0.6300632572341358 0.05575252868292357 0.7689146699498651 268.5166056571562 -145.3712157477009 -604.3153997759131
IMG_20130210_165919.jpg 0.7359871205665139 0.3074170457343958 -0.2487389803906221 0.5494967133535757 -223.34152798314435 -584.7092731330573 -365.6037757615628
IMG_20140521_134324.jpg 0.05941400379577012 0.9179545854271242 -0.02415849129386021 -0.39146611928068215 -531.0471522573986 60.21086617589476 537.4402497150862
2012-02-11_15-05-20_118.jpg 0.03949217445227337 0.14487498466518514 0.04872564774352459 0.9874600843716507 769.595279622438 -58.59266035733588 -73.32583366899576
2011-10-13_15-26-38_609.jpg 0.1311541015057695 0.7294613966913621 0.07158917320201907 0.6675025563063808 -37.14842590552224 -185.81154343432718 -613.3037983473256
IMG_20140520_211951.jpg 0.005350245774852833 -0.11911172995389538 0.07859478281433127 0.9897507922562668 716.914428640451 23.0339271769673 302.19137151555225
IMG_20140520_183030.jpg -4.486661543538087e-05 -0.023191879021446583 0.12350798216169095 0.9920725341812408 717.2229264328796 52.758403844566935 228.64886809482067
2011-10-01_14-36-23_370.jpg 0.02737750583037847 -0.08236683200230357 0.2067817438100628 0.9745293672267049 656.4092689897784 -20.719227552080035 111.47660613180143
2011-10-13_15-24-55_789.jpg 0.047607609297791585 0.1743517893986507 0.06961082384225337 0.9810653914364933 698.9297658700965 -81.46327089117086 -175.7518535486771
2012-02-11_16-05-30_275.jpg 0.13908136685516767 0.8800844736887916 -0.08777664271319074 -0.4454244644826131 -556.78965314624 166.9137716822416 437.19003714184566
IMG_20140520_183033.jpg -0.018639417409139273 -0.24784614639860417 0.07600770029065068 0.9656333099735822 540.8676236744202 79.8139860478454 520.2569933560776
2011-12-17_15-02-21_722.jpg 0.08799750318376541 0.4426297160370665 0.1005680309478183 0.8866912907351959 476.32700516612147 -178.06289722111305 -524.5606895515957
IMG_20140520_183130.jpg -0.01986375781360113 -0.21538152688822193 0.05792322378911552 0.9746081926326579 583.1295759961816 69.93503899672774 508.1664272884944
IMG_20130210_165751.jpg 0.031114249688705756 0.5680689798983617 0.023154793700160495 0.8220665381051864 201.6970701341373 -56.44405448853182 -612.7269039883811
IMG_20140520_211943.jpg 0.008998665510329192 0.4533071759584862 0.021495525584000922 0.8910497015450052 556.0268496085722 -26.045413351759706 -544.5913150516
IMG_20140520_183020.jpg -0.08655327055103247 -0.6941091657478381 0.07696045252559078 0.7104914398701904 -182.4739497516845 164.4707062616736 714.9072641888822
IMG_20130302_145337.jpg 0.12140633986007168 0.4694381720702463 0.2307112621307081 0.8435997965689548 498.55769108706613 -249.68595665415202 -440.791551605224
2011-12-17_14-53-47_244.jpg 0.06483076563238015 0.9721099312323296 -0.07064654697758802 -0.214028780371094 -705.4365412088881 126.26260742886784 349.92638557745806
2011-12-17_14-54-02_921.jpg -0.07556160443875558 -0.700536220081218 0.08776384097904202 0.7041569118496007 30.82893199513302 173.9116811288947 775.5478014643262
IMG_20140521_135837.jpg -0.06150307567938524 -0.6630096828982796 0.0728518732773719 0.7425147383217904 128.01577690399384 140.13600500571187 771.7702812141569
IMG_20161227_160049.jpg -0.09300493730163005 -0.6782845825840553 0.09762199320441795 0.7223226793539647 -149.51105966756867 195.70696254557527 710.520499562856
IMG_20161227_160059.jpg 0.015728374375706285 -0.008207057056765901 0.18067621544239335 0.9833826150727797 723.7101650973153 47.62869144228156 196.69483574526768
IMG_20161227_160208.jpg -0.06319966627867457 -0.6451124265479267 0.08814750172801582 0.7563503006113107 -39.969638070629635 169.1988059655755 767.8223605943721
IMG_20161227_160401.jpg -0.0036916765063747855 -0.05473936767556438 0.14786899453056904 0.9874840422040095 727.8677448934966 34.27318305507565 151.07110533480946
IMG_20161227_160415.jpg 0.16003788714773481 0.9819541451701509 -0.016060663132550643 -0.09947857337230985 -739.4661302227163 20.4731721912459 77.52381638249962
IMG_20161227_160457.jpg 0.0913822446486064 0.6534300048600028 0.08014244851867523 0.7471651103049914 137.78244782963944 -180.48813396991116 -690.447743973369
IMG_20161227_160507.jpg -0.008572089994848214 -0.03203817881928508 0.17231662996658273 0.9844831402355363 720.5328637577401 29.877448574413588 86.94185332042204
IMG_20130210_165237.jpg 0.027507115845094948 0.591862272025064 0.04873838897674426 0.8040938869131918 170.9688148668611 -85.0991555283865 -697.1037281592016
IMG_20130210_165320.jpg -0.022962752542290726 0.9736206357720387 -0.008513299272400297 0.2268547846751987 -648.4973233200269 10.751656396113999 -287.7550685998589
IMG_20130210_165400.jpg -0.050392773168579014 -0.5738352912415311 0.0545789057186769 0.815594733914264 246.85810645280654 93.91950100194039 649.4966961121195
IMG_20140521_133240.jpg 0.05961944210667409 0.9462369255633089 0.01956775349364366 0.31732996367597943 -467.33787361777723 -74.61978970703521 -587.0160640962508
2012-02-18_13-08-53_664.jpg 0.16875065070765644 0.9732345192107217 -0.05328878284535936 -0.14662228386325998 -685.5221922321056 124.78446585023285 254.13914951096442
IMG_20140521_135713.jpg 0.04562140344963504 0.1814972922350411 0.18588389730672109 0.9645851943611298 699.5918310199239 -143.74940920930086 -296.2291552728868
IMG_20130210_165902.jpg 0.10502399104534774 0.9880363339719648 -0.010830728320613062 -0.11241378643294929 -646.8018889568051 35.29548386963988 205.93383557734765
IMG_20130210_170019.jpg 0.1853821557485098 0.9780602829618921 -0.035280566702384754 -0.08824296479435129 -714.8648781647425 89.67602989478374 176.6136516149393
IMG_20140520_183116.jpg -0.01843800476764117 -0.6387771882728484 0.046967483550855865 0.7677355008147816 -76.82910266741507 75.50883437435145 768.1073828533846
IMG_20140520_183109.jpg 0.043898036816077964 0.483097168551716 0.0591118390931929 0.8724654025117727 578.0819816125409 -87.18015646818331 -509.4152162820406
IMG_20140521_134750.jpg 0.35900797808608775 0.9016105132354326 0.059480821200780784 0.23382426307626752 -662.0093155867264 -179.49832006793812 -243.6397784574094
IMG_20140521_134922.jpg -0.051410904688351945 0.9295268894591311 -0.020853769557136817 0.36455699272790604 -537.4039218972356 44.84413282598797 -463.2190941926496
IMG_20130210_164118.jpg 0.2778587985438903 0.9478036056253291 -0.03347046359445166 -0.152782660345158 -746.3048210940639 51.79975164091975 118.25568534782927
IMG_20140521_134126.jpg 0.05035306655426349 0.26381973908630474 0.14116653094367146 0.9528566127693848 651.1801244167049 -122.52984430756639 -328.0504721629632
IMG_20130210_165428.jpg 0.2580698662521481 0.6917860656648775 0.20778316692696336 0.6416059063212485 -72.70516129109397 -430.94716733216706 -533.234510205475
2012-01-28_14-40-22_205.jpg -0.04194719763262311 -0.6723612573422547 0.07507832903570019 0.7352101854198697 -118.74167966179455 128.56661499768512 734.4036675679951
IMG_20130210_164129.jpg 0.38708762589773493 0.8942710039267997 0.048756112684950996 0.21923818756882124 -620.0063922396652 -267.79894814582224 -328.32372393540624
IMG_20140521_135601.jpg 0.21435130226686733 0.9116967384362634 0.0398628256723788 0.34824349451295156 -589.262194635995 -143.22837823541636 -398.5805163656969
IMG_20130210_164053.jpg 0.0013343846605993292 0.15912038545958374 0.05467848773926234 0.9857429610843377 758.6583788546353 -7.420274490858903 -135.09664409712025
IMG_20130210_165216.jpg 0.35329000354072004 0.9077931830591883 0.036553044791738556 0.2230730488111875 -671.8851134719682 -142.47403814368985 -243.6257128166096
IMG_20140520_211426.jpg 0.04411063497009643 0.5913531372161585 0.058369566134751416 0.8030869895200536 407.23388166008783 -93.8053621870675 -622.6882040499574
IMG_20140520_182639.jpg 0.033280334358831584 0.97910165016136 -0.004092708388958339 0.20058820437480862 -549.5789072367477 -12.782391541373435 -390.5668239631939
IMG_20130210_165246.jpg 0.04467265047174694 0.9676166298336087 -0.015512645787076163 -0.2479551769775392 -610.313149214298 33.2178422773021 380.17008822290677
IMG_20130210_165314.jpg 0.4069182827215817 0.9046422862845377 0.014236930664550233 0.1258457582044609 -694.4105559964261 -73.90172723339552 -129.3588711705429
IMG_20130210_165344.jpg 0.08508592848451428 0.9785242723027254 0.009942096392292236 0.18748810097623747 -662.8093605920857 -40.7027079367691 -241.12267552008402
IMG_20130210_165420.jpg 0.070310214005219 0.7788621992380599 -0.05694111838005984 -0.6206350436788289 -144.41009388759545 115.30270500349485 668.3814081183406
IMG_20130210_165444.jpg -0.06058044703149876 -0.4486204107839469 0.11086276885145233 0.8847480901070639 402.9895499916668 132.44375785708573 525.5348177463253
IMG_20130210_165507.jpg 0.02484087305543147 0.6908032383595404 0.024640840549429964 0.7221957116148177 22.702995054453403 -53.008611021989466 -666.3361435474652
IMG_20130302_145414.jpg 0.3536425676075336 0.6288821093265043 0.3110678849127563 0.618612154682482 103.95766738945267 -585.9703676805754 -387.1978431305397
IMG_20130210_164001.jpg 0.0017938177418086586 0.2596099413744302 0.031985110709183036 0.9651820622299172 737.3676960951504 -12.007009147015163 -285.74511041953093
IMG_20130210_165836.jpg 0.10828861452266791 0.753409701188903 0.06168260228811281 0.6456335297164915 -155.7078172507672 -157.52515191668692 -630.0206577464674
IMG_20130210_164036.jpg 0.20353894811346887 0.9427165312979495 0.027610501506288403 0.2628594651615117 -600.6281831399318 -167.7118995885889 -459.48466643151824
IMG_20140521_135520.jpg 0.15805377294514322 0.8309261317997326 0.07336233258929822 0.5283925969458659 -363.32516317631047 -197.45315665584718 -571.0552512249967
IMG_20130210_164048.jpg -0.003927626631412355 0.13244598928763554 0.05362650597237026 0.9897306863626385 764.9563066658291 2.9925144357874776 -94.29693724068665
IMG_20130210_164100.jpg 0.18238485264723692 0.8573642662304113 -0.1185948777349311 -0.4664735099564303 -499.22566826244616 257.95577741004087 521.4775134381786
IMG_20130210_164110.jpg 0.0872447314001466 0.7437176766072839 0.058982376267980426 0.6601465395157067 15.832846155463622 -162.51929953277224 -744.1029370284604
2011-12-17_14-53-36_335.jpg 0.1614400032692357 0.4550199764445359 -0.06723593549110561 0.8731398944954234 477.4035670095264 -184.91706432420247 -468.59825477359215
IMG_20130210_164155.jpg 0.0013616432798359457 0.3016964835096528 0.052663232575444814 0.9519474574261927 672.817671736588 -15.512501496414439 -329.83085385864723
IMG_20140521_135611.jpg -0.07847753712366883 -0.6134832810272919 0.08086610624368677 0.7816266454823413 238.13064871453403 156.48492184717844 693.0635899529102
2012-02-11_16-06-24_189.jpg 0.08206472495088381 0.9964008940753935 -0.018800387897088808 0.00985822597684581 -684.6796825383509 -0.90176540919491 -171.580402147873
IMG_20130210_163939.jpg 0.060344669141779175 0.6497042143959865 0.04860393442405547 0.7562278838159602 239.9038734470283 -121.76017717068413 -730.2700740066821
IMG_20140520_211815.jpg 0.07725581248962818 0.9762824330618857 0.00971050191447058 0.20201449572716934 -625.3162504946878 -62.58932823058326 -446.51967132623076
2012-02-11_15-56-27_505.jpg 0.052223396558208506 0.9769791341632835 -0.0023466632570269944 0.20683080387854128 -590.7143003064057 -32.18841186459559 -462.84552715199595
2012-01-01_10-59-45_309.jpg 0.02175491632900585 0.2034871741155014 0.07870742946056697 0.9756663539006128 728.2680821902999 -26.386562211406137 -109.53110767190653
IMG_20130210_163933.jpg 0.211973181870986 0.9762048151533064 -0.018221471324372327 0.04194647806151236 -753.695172855145 -42.04573285223823 -184.6214385673983
IMG_20130210_163921.jpg 0.07024765771230378 0.9048968539743926 -0.032283472896872924 -0.4185507467809596 -600.3655001489287 74.64491890596686 494.73226458773973
IMG_20130210_164016.jpg 0.17703216315160883 0.7509201639242747 -0.15043171246349174 -0.6181818668540057 -268.97399872400194 335.55353919636843 667.2699353292713
IMG_20130210_163913.jpg 0.32743731476661275 0.7952737444564983 -0.24270125642595214 -0.44879903788425674 -483.75227187364493 482.0396683749995 378.47055850721523
IMG_20130210_163904.jpg -0.0015215898800304962 -0.10806901860770961 0.08456714628185942 0.9905388279876498 722.4267628367946 36.36140169582035 292.5792075045501
2011-12-30_15-18-52_399.jpg 0.11661035300026532 0.6747294034348061 0.08204143853725057 0.7241625922929211 88.65641951325088 -211.2986627326329 -694.6137718351758
IMG_20130210_163855.jpg 0.008324551227108862 0.306661374204398 0.005023100712026482 0.951769022335343 702.689729040064 -15.732004108986827 -335.20558680886114
IMG_20130210_163846.jpg -0.010686822646779844 0.042872898083529336 0.06000410270383803 0.9972197421282549 773.7922967653182 28.58400341501956 77.26703108391969
IMG_20130210_163818.jpg 0.0576590980507442 0.5078473115907629 0.08523496086809984 0.855278631773191 497.5081796781648 -125.06109885503064 -567.3706537028269
2012-02-11_15-53-21_857.jpg 0.10378525902629256 0.9645576052810135 -0.051554536501694045 -0.23706407545112404 -705.5811137534555 98.76298353912108 303.0506770810944
IMG_20130210_163801.jpg 0.006100767677221645 0.2048082208809311 0.04364992294616852 0.9778093155212467 755.0051114928954 -10.470436740767708 -160.6221750551382
2012-02-11_15-53-01_240.jpg 0.09901570932340105 0.9864615543914409 -0.019307804170654013 -0.12929307681741592 -754.5690508227132 36.72175205038988 173.72007946245924
IMG_20140521_135412.jpg 0.15307292484720372 0.6922242417666405 0.10788369322198227 0.6969615394884481 -51.83372762135236 -244.51457417048718 -617.6291031059407
2012-01-15_12-41-51_416.jpg 0.049189685699342685 0.9150673526811127 -0.04101027836176506 -0.39818371632535443 -628.1654705750211 75.97676850448383 435.5976929051617
IMG_20140521_134219.jpg 0.005592142846997042 0.06914011877000925 0.09750882525856536 0.9928143839165213 736.4435727180287 -19.66160387652902 -74.24771631492449
IMG_20140521_134146.jpg 0.05687542285000726 0.36006820916885235 0.13592784339042896 0.921216419964818 558.9903183389188 -147.27086753136967 -449.56921699865745
IMG_20161227_162934.jpg 0.15868785167206156 0.6877393656948982 0.137741464582801 0.6948812988848306 -5.790198282982633 -278.1234311638313 -604.2666312915042
IMG_20161227_160409.jpg -0.05868079667674048 -0.41824563859901687 0.09972747903754453 0.9009337266520215 422.85784559670304 144.46440142062886 593.9849907564214
IMG_20130210_165452.jpg 0.03845044490290533 0.5344675659974806 0.06340673261472646 0.8419296707223369 280.77589188461246 -95.67394133859536 -602.7502383830341
IMG_20130210_165302.jpg 0.14933854446098835 0.8322402215223422 0.07032925105349655 0.5292712057773128 -341.58263299005586 -197.06524905210276 -597.6417333671673
IMG_20130210_163951.jpg 0.0929491142252619 0.8558659781879998 0.04569124058058723 0.5067210278637 -267.11292642149704 -150.45707515007612 -720.4747322603058
IMG_20140521_134023.jpg -0.09314956677969768 -0.608986364832955 0.12872751876492317 0.7771023044419082 112.98175010837927 222.0553038435668 692.5912221317628
IMG_20161227_163204.jpg 0.13038717129336574 0.7689261001389822 0.11096889531945481 0.6159851803077329 -114.63313785317592 -219.78006898759162 -597.4853024384827
IMG_20161227_162953.jpg -0.021330913235783986 -0.12724043940635174 0.13308007739387384 0.9826721506794862 637.8826672998775 41.38771636367646 150.81165007239343
IMG_20140521_134151.jpg -0.012870950533173098 -0.044778190819951894 0.26662451179851276 0.9626736840526334 725.110266437608 46.928659569141935 88.59546976642217
IMG_20130210_164206.jpg 0.11560886682338561 0.9589669853367041 0.010916437498464672 0.2586459787786918 -578.884576258574 -86.00563241081142 -459.69439976821525
IMG_20130210_164238.jpg 0.03713907807597881 0.6334994829840109 0.02098310010424813 0.7725663747851527 252.39288634462127 -63.64315994204181 -678.0485746506203
IMG_20140521_134202.jpg 0.06949048287417536 0.9898601633979205 0.0026699070097804863 0.12385798845579499 -703.0023239142005 -26.742646152291517 -207.97961687079865
IMG_20130210_164244.jpg 0.3031742892078987 0.8095170895107724 0.12932051475563472 0.4858432222606702 -254.55635797884656 -404.858450164706 -546.7954818719011
IMG_20140521_134209.jpg 0.08506063190354014 0.8652345227699741 0.043869342077801875 0.49214773222361374 -353.1006156373854 -126.68691808644907 -634.6736709299329
IMG_20140521_134213.jpg 0.05866825057054248 0.5214793156561861 0.09786216277502305 0.8456005894124855 355.76113713711027 -151.81162664114348 -628.7982274362615
IMG_20130210_164256.jpg 0.012122441164684535 0.16272204835947865 0.08952412102033001 0.9825273600024794 715.6074432269113 -19.196024772589276 -116.72757473314921
IMG_20130210_164322.jpg 0.25902287841203275 0.8740333264057517 0.07822099652125374 0.40355218806799276 -388.7642043198744 -291.61344662053256 -531.1149101238306
IMG_20130210_164349.jpg 0.34693854848577127 0.9033775449907652 -0.0950309752330359 -0.23347755465419381 -698.0188093433572 181.4487258598396 195.93085238475228
IMG_20130210_164404.jpg -0.0019248924228669336 0.0317026592558018 0.034511051816143896 0.9988995062006067 755.6828653849093 4.217451246823981 55.511122775610396
IMG_20140521_134236.jpg 0.07604255478441443 0.8181941749732523 -0.056598087120934615 -0.5670736093629732 -282.27620160605636 124.8453374154848 676.3161077873776
IMG_20140521_134245.jpg 0.10016426002539508 0.2758868500902092 0.34134698440898453 0.8929366176810986 627.2720106943458 -269.16141924245466 -300.7033193963209
IMG_20130210_164452.jpg 0.024297551462682976 0.6987826930739809 0.018145909008052442 0.7146909141996033 74.04362867922495 -51.512923430478935 -751.1554382926508
IMG_20130210_164500.jpg 0.11795233531564045 0.987604561102343 -0.015543890410548144 -0.10238586305901504 -748.9879145811335 22.434673634857482 97.80570436134411
IMG_20130210_164513.jpg 0.004299014814829437 -0.046860323385041716 0.1501984895346339 0.9875353372438808 737.6598342349924 14.135147387425297 120.23341181482748
IMG_20130210_164534.jpg 0.06425718908154526 0.3006889844023133 0.16839883264944983 0.9365356274444372 617.482448364272 -161.86121074496802 -376.2993921064593
IMG_20130210_164543.jpg 0.09259883479355785 0.763653778322761 -0.08415023880797254 -0.6333854276479742 -164.80337469292476 174.54994660259516 699.8126789641125
IMG_20130210_164550.jpg 0.015893214998451023 0.04237428962314421 0.09589250571718569 0.9943623346865199 736.265178959201 -30.138013950490596 -31.596380517388525
IMG_20140521_134335.jpg 0.06614276416981488 0.8592528855811892 0.031169754804599364 0.5062983900367427 -367.55352585449174 -100.60300171141644 -664.1665351551419
IMG_20130210_164557.jpg 0.05837356551943408 0.566888288347976 0.07239649866136516 0.8185285226331609 284.32921657723745 -135.3906515239411 -666.0691773415757
IMG_20140521_134340.jpg 0.071505166874884 0.6914359521904747 0.06739912893220341 0.7157238940735646 29.525914920896934 -157.86562038908176 -750.1261005423823
IMG_20130210_164602.jpg 0.1556130380807016 0.8906083355564507 0.058554604862082756 0.4232880027429412 -445.3867772205477 -185.9592550547957 -556.3334745971889
2011-12-29_15-09-58_213.jpg 0.0796863294870286 0.7923363275182066 -0.06389792021647756 -0.6014734314829333 -187.0910172524894 156.78443437021693 795.9349727581721
IMG_20140521_134347.jpg 0.25044833957222995 0.7826132881937056 0.1496601301906275 0.5499035513428462 -267.9349931844957 -399.5831467932654 -601.3013303852135
IMG_20130210_164625.jpg -0.02685801792781218 -0.19374829118357562 0.1613889614179357 0.9673126948763122 681.6286755448962 85.31440120343086 294.5099465817716
IMG_20130210_164632.jpg 0.06148259588594859 0.8294069652606937 -0.03774103776559167 -0.5539671384193714 -303.9681317663246 89.48170011282261 677.5802089699059
IMG_20140521_134405.jpg 0.015858208053262993 0.24212778926323644 0.0643637175908045 0.9679772532253682 687.2604093836193 -56.3427528856859 -362.3899040664454
IMG_20130210_164641.jpg 0.09204230851722617 0.9932679056213959 -0.004902329452257529 -0.07016443736856727 -742.8235651784429 6.648844533840098 86.5794535380975
IMG_20140521_134412.jpg 0.029486799185418362 0.5985531303512935 0.04064286733833677 0.7995078712276596 215.8692172908404 -82.91234619040866 -744.0467520899194
IMG_20130210_164650.jpg 0.12681562336638982 0.2645109202140023 0.33681496688620244 0.8947108185549015 630.3563202080792 -302.5037980345164 -277.79704783368743
IMG_20140521_134420.jpg 0.11633659410531937 0.9907700988792992 -0.005081744017363734 0.06938720282890443 -774.0282797534364 -11.381827166352757 -101.11753213254352
IMG_20130210_164659.jpg -0.11154486132245871 -0.6361038885647652 0.12313628358427396 0.7535031801727119 115.17096621597013 237.62480441859196 705.2585654365037
IMG_20140521_134428.jpg 0.12543300249662911 0.9319550025334469 -0.05254848453107504 -0.33610279961799117 -598.9495151929095 135.7821070139289 485.74994710486897
IMG_20130210_164708.jpg 0.0939131524349357 0.8631127381618703 -0.07001717636773998 -0.49123753524739866 -397.79046894417354 158.74533020043185 649.8873208612714
IMG_20130210_164718.jpg 0.11438040840380921 0.7081567660374175 0.10405199982879311 0.6889153055495526 -16.02743489419224 -238.79989485048898 -719.5806753498246
IMG_20130210_164736.jpg 0.09546302152571934 0.651211568417022 0.07179400492299327 0.7494370724337972 108.22046468670288 -189.46446647716698 -736.093331176171
IMG_20140521_133452.jpg 0.10923430319901502 0.7324185239957085 -0.11047823360705615 -0.6628917955531181 -208.5991846288292 230.81734465063371 711.730373609206
IMG_20130210_164742.jpg 0.1276170341798509 0.742334577799617 -0.11465553533279373 -0.6476938902041254 -109.44571490844288 249.7836219664401 717.7312578480572
IMG_20140521_134504.jpg 0.029675591253840575 0.47370659791927006 0.04963411380667878 0.8787820395969144 400.3309004122964 -86.86757086804161 -659.5458207630137
IMG_20140521_133418.jpg 0.09388424897940788 0.4441703407502718 0.10851608160776942 0.8843770215376779 569.9685363384176 -182.3728783520267 -488.1126578237627
IMG_20140521_133846.jpg 0.3111296316986066 0.8181957080888441 0.1510950358948817 0.45926509302581303 -282.3415601887379 -424.55945492588893 -512.96302233521
IMG_20140521_133410.jpg -0.016810574201815042 -0.1050969408564383 0.29110041817417526 0.9507536926861996 706.8739041280759 158.11826752704312 273.5516037137501
IMG_20140521_133406.jpg -0.05713813526747523 -0.5222562610455891 0.09010105409318966 0.8460883117902842 196.21322234443076 158.75428189423147 731.8307801258502
IMG_20140521_135857.jpg -0.06894105304393781 0.10346888186053926 0.41510459262374744 0.9012377593478845 320.679802169865 -8.55566985322043 1186.1055728757449
IMG_20140521_133404.jpg -0.020283815664103734 -0.17255486726435976 0.0744262546838439 0.9819746011069835 657.2020773050841 71.27200890223492 403.19720700344516
2011-12-17_15-03-49_361.jpg 0.13524201643928477 0.2614138020117837 0.33368288042362054 0.8955602472304002 629.6315080071553 -310.42699052751203 -269.6269275029996
IMG_20130302_150040.jpg 0.029682716157147893 0.5747179203103601 0.025767742321021678 0.8174070417431857 370.64757375940604 -63.908574972766665 -689.0882038805983
2012-01-28_15-18-06_979.jpg 0.13202261833032225 0.8363044542132784 -0.09443495923215103 -0.5236859045143938 -319.6137036030991 235.07580470377337 702.7269942409349
IMG_20140521_133121.jpg 0.036557347268521105 0.8651479624191073 0.015152772366229741 0.49995295475911744 -205.94898026980445 -53.286067089133994 -698.3453350089521
IMG_20140521_133354.jpg 0.07735310636238306 0.8012926146813661 0.047444769918706144 0.5913506881711995 -64.8281994257511 -137.43003749836313 -752.969664228772
IMG_20140521_133612.jpg 0.01939388421787302 0.3423421239921537 0.07054500949143869 0.9367225571274223 658.9467365205326 -54.199890858277136 -399.2876796089915
IMG_20140521_133351.jpg 0.049872748466375155 0.38217944953086835 0.09792898265630759 0.9175301039598611 644.1417614040699 -102.09390378995782 -405.6508894756774
IMG_20140521_133332.jpg -0.0460874183584413 -0.4014435408153768 0.09788163635238613 0.9094713951915396 379.37493860598454 144.9441154056495 651.1392155550474
IMG_20140521_133606.jpg -1.3142764849638728e-05 0.014383055723373159 0.0566878362115413 0.9982883434964971 768.4604772545298 8.622330591820722 94.90856788020255
IMG_20161227_160503.jpg 0.006448436835261853 0.08844805133682872 0.1766419357633986 0.980271894122676 721.6790997310709 -21.865800097625918 -81.37596670706584
IMG_20140521_133336.jpg 0.05587250559183443 0.8093605153763844 -0.04815047692509494 -0.58266229570863 -397.16586807192124 100.65874014458272 648.73760363282
IMG_20140521_133024.jpg 0.050996061581937355 0.9704634854375127 0.009893115566291103 0.23558894583574408 -537.8250966623465 -43.59599279117313 -446.89250145931595
IMG_20140521_133320.jpg 0.014774381690147198 0.27610472260969526 0.04877388214879777 0.9597754988633709 721.4017476266821 -26.83247298198641 -246.63007021903755
IMG_20140521_133230.jpg -0.031354827768265134 -0.2609907881682578 0.11079188702575146 0.9584497070979816 533.8059950414362 122.69081564880413 519.2269436549783
IMG_20140521_133014.jpg 0.1055608869050623 0.52445204996479 0.15481350432670213 0.830565906669442 429.30381218411935 -206.70727538551697 -508.6732422373943
IMG_20130210_165503.jpg 0.17880060640628867 0.6788462957109587 0.1610512458670961 0.6937294473733329 2.4976349006186056 -317.5316149129224 -588.8748893735165
2012-01-28_14-41-13_0.jpg -0.011975452712520002 -0.22763432511929566 0.15203580911583328 0.9617298556800175 605.626839638312 120.68436255972104 481.18474841167085
IMG_20140520_211952.jpg 0.0012764361321229024 -0.12089005612982238 0.07592082483496472 0.989757542732617 715.7999501060801 28.157086685650654 304.4182505399056
IMG_20161227_160322.jpg -0.011252650690319608 -0.023746818321456534 0.0832049738832935 0.9961859258156232 743.6510663351178 33.90792616668865 141.49335719133288
IMG_20130210_164731.jpg 0.09964152558008094 0.831722786951967 0.05861610356285007 0.5430220294316209 -303.69327455905955 -166.03192396506842 -683.7673133725992
IMG_20140521_134450.jpg 0.0026167630693009394 -0.1503920318095041 0.05846886462442835 0.9868924871478036 747.3667573571454 -1.037781038803267 209.63340950805855
2011-12-29_15-30-24_502.jpg -0.04088273858258712 0.7566377482539663 0.1668092013827502 -0.6308744803344041 -221.75017828487594 -260.7924192710183 954.9380191949715
2012-01-28_14-41-04_244.jpg 0.05376262059899913 0.33223732994038 0.09925418772678403 0.9364168641364332 700.4417558587282 -100.92942820786581 -331.74178555236125
2012-02-04_14-20-50_904.jpg 0.021055974768467857 0.8687735328054618 0.002997107378380998 0.4947526775780293 -218.72973558881006 -21.183074838017525 -633.5638806636473
2012-01-28_14-40-02_921.jpg 0.08759768523485517 0.9528332418324165 0.01430044109895141 0.2902256986984417 -497.04583444500764 -88.45331763831447 -558.6514180255731
IMG_20140520_211912.jpg 0.004267860110134074 0.36545127707108505 0.010153546704685695 0.9307653060500857 653.1279935926699 -11.480100377609231 -419.50923610924286
IMG_20140520_182738.jpg 0.10452171032957806 0.8633410137632633 -0.060331311852375835 -0.4899771819525599 -490.20539627725924 122.85724827918514 493.0363714385081
IMG_20130302_145531.jpg 0.2741103456623411 0.9612753906129096 0.007811805805068841 0.02742476058115953 -719.8952235970415 -78.86695935113234 -119.67547948067961
IMG_20140520_211729.jpg 0.02082985354280141 0.3992335708208982 0.06924824018112655 0.9139930822291804 636.2138259418966 -49.22645199298839 -413.11061355195596
2011-12-29_15-31-19_299.jpg 0.0802280515342933 0.9948031869063259 0.00230192881790606 0.06264806614530104 -742.3665331365122 -39.438611781904896 -264.9816884602507
2011-12-29_15-36-34_861.jpg 0.14900947184925892 0.9857687667592429 -0.02947243267914808 -0.07202424239892577 -719.1277459727968 19.810180695208295 -20.34063481660032
IMG_20161227_160721.jpg 0.013655871890293034 0.8075758930864699 -0.037403277211461736 -0.5884179542827952 -208.1267505614414 59.141573582795296 768.4431156044905
IMG_20140520_212003.jpg 0.34088015317217085 0.826631038041495 -0.1941596846539979 -0.40346482495357405 -560.1435657695542 406.8800419186233 359.49209564597777
2011-12-29_15-36-47_728.jpg 0.00334664370149955 0.0702697473896683 0.045759456128708735 0.9964722950250716 729.7059536744155 -0.7512158902571215 15.344399026852141
IMG_20140521_133252.jpg 0.0021092309982883835 -0.00451193344401314 0.11359596896237191 0.9935145441495521 730.0359003996439 39.950497208656216 190.53851621779415
2011-12-29_15-31-27_158.jpg 0.03742525912415877 0.9221008716197717 -0.03524084720280647 -0.3835197716232838 -662.3265005464899 64.14034178405649 418.7115414609136
IMG_20140521_135354.jpg 0.1691230159387186 0.7545770497475708 0.13025730676349323 0.6205190694158917 -159.6907340560847 -267.43451298303756 -572.8126110736573
2012-02-11_15-55-27_974.jpg 0.02262392925406076 0.839869007098892 -0.033226594436280975 -0.5412986256790184 -459.91938183890693 60.033286915402236 613.828776261408
2011-12-17_15-04-45_439.jpg 0.045042136677981646 0.2650646807729991 0.062476070907017615 0.9611496561380086 666.8338181713572 -101.7024072928738 -394.12258839135546
IMG_20140520_212018.jpg 0.21897720432783363 0.9435116489071087 0.023489271097587316 0.2475540476434589 -617.0992148432523 -167.71001318608617 -441.297852666477
2011-12-29_15-38-28_183.jpg -0.08817103850216353 0.7186256225185504 -0.238972212367253 0.6470667387106034 -37.51706225256095 332.06396557228584 -447.87683456011933
2012-01-28_14-42-04_667.jpg -0.022594154496076786 -0.41728686941267856 0.07164246858952483 0.9056646893264486 418.07609661644386 90.91458094094787 684.6365215771156
2012-02-11_16-08-22_494.jpg 0.05930500772134933 0.6154118487182657 0.0412567859879249 0.784887922015802 343.5644601933625 -103.1407185490648 -632.3580633612321
IMG_20140521_134514.jpg 0.1321240527096133 0.8243295593197422 -0.08853406084428014 -0.5433099781871563 -274.6674565366171 221.28445729566664 692.4522687266043
2011-12-17_15-04-25_486.jpg 0.04269169772026896 0.3050438488408433 0.07704088150989495 0.9482564905163076 628.7934808798672 -106.9043391876627 -439.99756605438455
2011-12-29_15-09-40_939.jpg 0.08606166719835774 0.8503798560359893 -0.07976173573829581 -0.5129186635318155 -345.4803565240371 181.77463503892847 746.0306450432741
IMG_20140520_182702.jpg 0.0937080573182315 0.9900157316192558 -0.003773777315001212 0.1052302700975811 -625.4457365538515 -36.80675479731085 -289.9343605351776
IMG_20140520_182712.jpg 0.10133881641481852 0.5249984022490038 0.12846470174334482 0.8352268807513503 430.97719326467296 -187.97413289508376 -509.2493100037803
IMG_20140521_133132.jpg -0.027353622232700315 -0.2696948660941279 0.06737975509551666 0.9601960357950295 516.6788542228003 82.23297434313588 510.20788334512275
IMG_20140520_182813.jpg 0.07181709554130376 0.9963447230416557 0.0023981797074275096 -0.046192492779113886 -722.0390877749594 -23.033710665681852 -99.51193766417464
IMG_20161227_160446.jpg 0.12667300153623196 0.9909098783242418 -0.00271729519344474 0.04521260917122272 -717.6380347236442 -22.29589829845058 -112.92338280280956
IMG_20140520_182915.jpg 0.05882243040713098 0.9860939313086511 -0.02073869125440429 -0.15404086146961876 -753.1416982265212 22.736996314308453 49.64838862194891
IMG_20130210_165818.jpg 0.07750205136393735 0.98227088965656 0.003083159872577118 0.1706687595692081 -631.9523920535339 -21.835447417360633 -180.78674073178473
IMG_20130210_165913.jpg 0.04967317362450317 0.8929456057769279 0.013629728064578983 0.44720795102349303 -459.1419182870137 -49.908351904472084 -510.632452782915
IMG_20140521_133311.jpg 0.06554509182728599 0.8696996683329495 0.028922664695172042 0.4883541822344113 -231.53161732247705 -99.92687580924346 -715.834239417534
2011-12-17_15-01-08_996.jpg 0.12499333060168172 0.988326204128483 -0.024635115237929783 -0.08355293313401213 -737.2512155554039 37.23813394841532 97.15520979391741
IMG_20140520_211734.jpg 0.07423244355005966 0.8182722247406078 0.045440925445216045 0.568203513573548 -88.00449115996447 -130.58964264866796 -744.1781215720987
IMG_20140521_135850.jpg 0.07259947755488964 0.9612141476480172 -0.031743707057771686 -0.2641761065696189 -672.048023408774 75.66707746975737 434.0928897407086
IMG_20130302_145444.jpg 0.2761028078223754 0.7718114952690829 0.18878573240589036 0.5407718581093826 -132.0315000914118 -445.8930535093733 -548.2740376720103
2012-01-15_12-34-19_472.jpg 0.2420652309399508 0.9698536977599715 -0.028041962894980225 -0.0013701198104376314 -754.7163351731098 55.035875175878175 32.868990640897074
IMG_20140520_211827.jpg -0.06208581173957246 -0.48748857683472646 0.11459376286972658 0.8633472701918086 248.66454959918795 187.22499617222337 706.2764728780439
2011-12-17_15-03-59_335.jpg 0.0977634706056783 0.6819746602608417 0.06669219970992436 0.7217374987314252 47.40512264652046 -182.69875328782027 -729.3919477931671
IMG_20140520_211840.jpg -0.0173580820613218 -0.12172267785706266 0.24146691091276518 0.962588186929751 696.3630803824666 141.4602022877991 305.2553024816485
2011-12-29_15-31-05_955.jpg 0.011625431407820028 -0.6044795861000976 0.058871760710702575 0.7943572213580352 46.68475668957921 58.581275423222586 796.5819160469009
IMG_20140521_134840.jpg 0.1005987212785596 0.9927876571094119 0.007453491199018779 0.06478433944457575 -707.4574970708134 -19.931502360912376 -55.003254663041204
IMG_20140520_212025.jpg -0.04507730889554612 -0.30355392982777074 0.14294665276309923 0.9409512752383502 554.7320959902829 155.6616650535274 517.8828263409582
IMG_20161227_160532.jpg 0.10985009300892641 0.9934854825958085 -0.007233334031282717 -0.029448799909271517 -734.9641583802168 2.6701461077373367 13.121366228555466
2011-12-29_15-32-54_705.jpg 0.05709109172541584 0.8083137166198324 -0.07548034630722848 -0.5810957408991874 -378.6990692778135 142.0513083427042 664.1074472896039
IMG_20130210_164902.jpg 0.2664348669765637 0.682389120366237 -0.2757053752335204 -0.6223697423014053 -45.836132388857116 553.8935300716321 561.4713918595145
2011-12-17_14-52-45_843.jpg 0.16663962447666564 0.9409604023662016 0.014538810786415947 0.2943015115727873 -658.5964949940349 -92.83006338870598 -391.9155614284413
2011-12-29_15-10-15_99.jpg 0.03428875128152554 0.7293448529591995 -0.059564192326180446 -0.680685297321756 -23.162794467103527 99.52293915354996 808.4579503001634
IMG_20140521_134601.jpg 0.05953437361540077 0.8835237747528623 -0.03193308455411054 -0.4634885930802785 -400.9808593193783 81.42116780978763 653.3866818529804
IMG_20140521_135310.jpg 0.07515216878361024 0.8252966039457115 0.04452057896324406 0.5579028455668366 -252.3313821896573 -105.86232978486584 -582.7254931861272
IMG_20130302_145424.jpg 0.017938983478002914 0.469733641556246 0.0007837577160276917 0.8826255630707323 497.96970990387666 -25.110086633394637 -508.93107442200494
2011-12-17_15-01-27_386.jpg -0.020095678007097294 -0.19547054560124363 0.22458172760698095 0.9544372567921117 667.092024285019 100.57725186807772 296.1353095855216
2011-12-17_15-02-09_761.jpg 0.09940778149401167 0.9947898404181558 -0.014729855220512556 -0.017155108406586995 -733.0101249903464 8.75959599216408 -24.537963651250585
2011-12-29_15-32-40_658.jpg 0.031105278601915337 0.34682157222980836 0.005586111991387749 0.9373985566619787 667.6216999414198 -50.81632359060835 -392.22185529900145
2011-12-17_15-05-47_728.jpg -0.06929130053961184 -0.20426342197858974 0.22313027370546779 0.9506250843877672 720.600277241085 143.69816523075764 269.3483620100488
IMG_20140521_133505.jpg 0.12364722225685344 0.9242165771776919 -0.05962398899009313 -0.3563426200092055 -656.6851889094158 124.70553988240748 396.49266511322395
2011-12-17_15-03-03_393.jpg 0.13062055823604596 0.7737326114077762 0.11183451198291355 0.6097287575141507 -134.87999409688845 -251.6210429032011 -676.7876890975216
IMG_20130210_165854.jpg 0.038788317916865996 0.7180248610019043 0.04222740044854075 0.6936516503460036 -80.20808971537215 -84.58585068668191 -667.1410828479638
IMG_20140520_211742.jpg -0.03714794483262957 -0.3252582856426009 0.11647735347633899 0.9376887031113771 471.3265044247163 142.31108923926587 583.2973889755489
2011-12-17_14-51-19_450.jpg 0.0599683276546188 0.8579971138145526 -0.04242422268728505 -0.5083748004116494 -313.7778742303598 93.09972765618312 660.315825729787
IMG_20140521_133125.jpg 0.10956673862719611 0.991110548072026 -0.022957765152199067 -0.07188847130232327 -727.2509789662774 6.382748446780388 -68.32032856980761
2011-12-29_15-31-55_697.jpg -0.021469503766181088 -0.027608570439201646 0.15735185715450944 0.9869231075906396 743.4082227860736 92.39702599163161 202.17575538518625
2011-12-29_15-10-25_282.jpg -0.010929931814731604 -0.41557813555839207 0.07137737295859807 0.9066866164589974 549.6959746894371 52.00384360424213 588.694869652628
IMG_20140521_095604.jpg 0.0887580823820021 0.9538256639079545 0.04144242672064538 0.28393860419098255 -530.1998487312817 -122.86834353982299 -542.6603006110167
IMG_20140520_211930.jpg 0.10934725749745268 0.9094016715318131 -0.05030618871422019 -0.39812192161444654 -615.8470680416785 113.87145054546454 461.36045973724725
IMG_20140521_133207.jpg -0.028400304199431552 -0.2419152309864221 0.20594397485999652 0.9477644870731499 563.1946713520923 177.86710875185858 467.6685911771847
2011-12-29_15-10-33_314.jpg 0.133950621436701 0.8733478839919736 -0.0742541936812738 -0.4623927110846444 -427.5095861252183 201.3517173792042 652.4586420083011
IMG_20140521_095645.jpg 0.1107839818372172 0.9836454806676185 -0.01299796202986551 -0.14141969704935345 -752.9442917124625 -0.9549022530741421 19.51843616544165
IMG_20140521_133039.jpg 0.080140122588749 0.5099543307857309 0.15019616791528956 0.8431875547041122 461.55376910549785 -171.15343060696793 -506.85423500257264
IMG_20140521_133102.jpg 0.06020154739444695 0.9880828095649425 0.001520162295912831 0.1416538888988164 -625.6475193337002 -33.75242050615992 -353.4097231281188
2011-12-17_15-00-40_564.jpg 0.06709709638776086 0.9255287135669854 -0.0543563028576854 -0.36870038291140533 -553.2449824078567 105.56720724590974 508.63890578356546
IMG_20140521_133028.jpg 0.1221835893837785 0.9596262995938386 -0.03816554240752988 -0.25046342444730557 -670.4474112426457 59.626866091469495 193.4368657189092
IMG_20140520_211823.jpg 0.05067192869047476 0.8392509584504364 -0.03080502927603206 -0.5405009107800965 -462.28016926591584 71.19086666026796 613.9610967908734
IMG_20130210_165611.jpg 0.027067392805754303 0.4207355589679833 0.04263691314175594 0.9057764841859938 416.02150024373725 -59.74115597619587 -489.72228136719633
2011-12-17_15-01-44_429.jpg 0.08831102528535542 0.9952098380326428 -0.0232230181967455 -0.03491751024807385 -734.1869845008783 26.932010851247508 17.16010145731815
2011-12-17_15-00-58_832.jpg 0.05955656014479237 0.829860432354195 -0.06666653996291923 -0.5507633352048779 -305.78239713498203 124.46860352900997 673.9222939184376
2012-01-15_12-33-17_302.jpg 0.13969858706103438 0.7737921777960508 0.05652256225427597 0.615252119306392 -196.58861259752587 -182.66533454156757 -644.8108615096538
IMG_20140521_133301.jpg -0.025094485010954647 -0.4902349643046496 0.045052930969606504 0.8700633195384703 219.22607596253687 73.46068098862777 717.4510208243079
IMG_20130302_145343.jpg 0.04507570222806013 0.9823546759121827 0.004620445318631772 0.18145556830027282 -592.7718158227146 -30.863963351547657 -390.7168391635648
IMG_20140521_133245.jpg 0.018809328320202504 0.23627169846075274 0.1104157296433567 0.9652099566011215 735.1918985015876 -26.440058671983046 -165.6572289745447
2011-12-17_14-53-20_749.jpg 0.12152795196951298 0.881398633802771 -0.057609301539757185 -0.45282289429401207 -425.5182735444029 166.31538497289904 645.436929431148
IMG_20140521_135722.jpg 0.20565595559623154 0.9780376611972109 -0.005555157029347527 0.0334230674545288 -774.9506748630255 9.606168628255006 -5.832576870796225
IMG_20130210_165200.jpg 0.01332452395221369 0.017819820319332064 0.09781173343708624 0.9949561678120632 736.3627363985395 -37.53017157457518 -61.23563095370545
IMG_20140521_135704.jpg -0.053998973558982866 -0.48574740057052873 0.1024866198294362 0.8663890964511773 442.72401824180776 133.70606235579154 611.2455463271438
2011-12-17_14-52-17_633.jpg 0.040276982657129236 0.04777244922892079 0.38515173862156193 0.9207354104190282 749.4776246885676 -79.14733602432358 -28.22854060064405
2011-12-17_14-52-06_93.jpg 0.07534779062555426 0.4583043719899022 0.08887726308349773 0.8811246479185428 403.611938496372 -173.8108695894615 -622.3897273921136
2011-12-17_14-51-41_274.jpg 0.039880969689309584 0.1971634739659252 0.09771478225179027 0.9746732242756103 669.387230988512 -101.05586804925036 -314.1923682306548
2011-12-17_14-51-31_186.jpg 0.20207007146345565 0.9081808457483371 0.06166556657512315 0.36134830224252806 -568.9713458249357 -185.23846405064762 -437.7997998515504
IMG_20161227_160435.jpg 0.02012060445887207 0.10534740085200062 0.1381765655188243 0.9845833246360413 721.77188663013 -39.72867251493903 -91.85684105652726
IMG_20130210_165742.jpg 0.04979058234639355 0.9822560869642548 -0.0019095301753950034 0.18080440046023774 -613.1681868797294 -12.867291688667063 -205.34915187056103
2011-12-17_14-50-31_710.jpg 0.19069540562924772 0.9598512091004299 0.009616575800748666 0.20549559637668008 -693.2662165991766 -58.16739847217536 -237.09680789121361
IMG_20130210_165721.jpg 0.02629309612323298 0.49164637838361447 0.05107435307064519 0.8688981080523454 322.54964983759965 -68.03647685573499 -553.9966202514114
2011-12-17_14-29-19_237.jpg -0.1074708099168867 0.9863090169214519 -0.06142460422385163 -0.10895671687046574 -911.4854213084903 100.86386463563251 779.3352545206794
IMG_20130210_165700.jpg -0.0013549989803514067 0.1680062484251202 0.030394624762260177 0.9853163102544487 607.9910506368882 -9.158425656848124 -210.3145690704419
IMG_20140521_133517.jpg 0.013801730352066919 0.5643123746196008 0.01920319195072959 0.8252225721036599 397.8643997316245 -35.04903272243765 -671.4081617026421
2011-12-29_15-32-31_892.jpg 0.023559614503228087 0.03651282958074441 0.06588549373115103 0.9968805643387116 770.9380545120931 -23.3104380587889 83.78740782496448
2011-10-01_14-02-41_437.jpg 0.005609298390283873 -0.10729406578561573 0.10275555379843987 0.9888871600856878 704.9805941363437 40.70154300161033 315.80227053830373
2011-12-29_15-32-14_611.jpg 0.05663001282437975 0.42941784357395163 0.0642016676947195 0.8990392111209752 593.008439095318 -108.57622207985644 -479.92546763890283
IMG_20140521_133459.jpg 0.19473315444203818 0.9796962318602116 0.009960452343277939 0.046637766124393625 -748.8940564031576 -82.15489260607437 -190.78017733512021
IMG_20140521_095608.jpg 0.025705154853256473 0.347408682939782 0.09500972237195354 0.9325339697227232 680.6687720014642 -58.2907400206657 -353.3162707732378
2011-10-01_14-02-20_999.jpg -0.011420240135039216 -0.34338019019904825 0.1417339972538678 0.9283701293754363 458.34228132024435 131.70071982691763 596.4797977564808
2011-12-29_15-31-37_791.jpg 0.04655509033401723 0.7829196293071058 -0.041490873605324184 -0.6189894870004519 -347.9227359546645 88.62926161366352 691.6368747596109
IMG_20140521_135054.jpg -0.03542958391708804 -0.2533326085327193 0.1818090622411927 0.9494802783230666 583.0143913618386 99.35587551264118 311.8521585563752
IMG_20140521_135854.jpg 0.07317198293264725 0.7337781829920379 -0.07457278101061074 -0.6713079318844304 -36.380070022765366 158.71932176586998 786.5664922963405
IMG_20140520_211821.jpg 0.05375822488562469 0.844510297427734 -0.02779816344321874 -0.5321087040303428 -474.69198843313234 67.84823496293778 604.8047739507431
IMG_20140521_135330.jpg 0.024463024459183788 0.3269578434815566 0.05475595073048069 0.943134091675092 491.731161955473 -61.537432408238004 -417.3155797699332
2011-12-30_15-18-43_648.jpg 0.0723085389833404 0.3382117126113302 0.09991167582129079 0.9329533587898097 585.9956118972888 -146.027795765351 -410.95425780615557
IMG_20140521_133045.jpg 0.08203928752656693 0.5077835027050827 0.13703945348426735 0.8465492648815094 464.00725980398954 -167.87179753839663 -506.2098167946403
IMG_20140521_133546.jpg 0.28307223435202544 0.8021974584354812 -0.17771952016557252 -0.49473742527802084 -459.2313956922452 403.6391464028658 499.6310633110717
IMG_20140521_133343.jpg -0.0014545790027359247 0.026333017693878788 0.23736243954670677 0.9710630920138476 756.5228224459497 69.84788230391496 110.15969606098734
IMG_20161227_160317.jpg 0.2371759445729363 0.9080943833726959 -0.07198620618028632 -0.33753540306561475 -642.4332014076278 173.0623337356651 363.7811703854247
IMG_20140521_134523.jpg 0.09969999491580173 0.7865414361429585 -0.09001340108309436 -0.6027520782788028 -167.53439768592062 197.35330740366413 733.4713662348832
IMG_20140521_133521.jpg 0.0038357971811725125 0.1587123692665882 0.083687255050502 0.9837642572506295 771.6101599472146 -8.441017853420627 -121.41701444426776
IMG_20140521_135342.jpg 0.07847265164267789 0.9741660343700289 0.006098952689580944 0.21167282111794308 -602.4063112682616 -31.224604204127665 -239.20014802361874
2011-12-29_15-36-03_290.jpg 0.046966772491963814 0.6446433597000041 0.03260902183983069 0.7623422543523537 240.41086892176813 -82.49439148188674 -668.0940557481989
IMG_20140521_135220.jpg 0.08616208768408395 0.9418025838598912 0.02913834219666997 0.32362778727232583 -493.1893331040991 -78.78351044362094 -405.77409781367624
IMG_20161227_160238.jpg 0.02142323201524738 0.27416097669718387 0.054871191436707115 0.9598780945186656 718.6152134640205 -42.88614839988153 -281.934482843108
IMG_20140521_134955.jpg 0.07349399979760582 0.8724174867221839 -0.04989579948200511 -0.4806212334563984 -362.12556416906926 103.09175001420938 583.9637262967645
2012-01-28_14-44-55_57.jpg 0.04360117608409645 0.5144655670949546 0.03889290808353276 0.8555182402605787 394.37058301306155 -86.2189162440794 -602.2224027570409
IMG_20140521_133539.jpg -0.08720760490418714 -0.6880384200681137 0.08010692298026766 0.7159475169645343 -93.37913144044127 179.31851091331276 763.4372020949733
2011-12-29_15-30-50_650.jpg 0.15740916044449194 -0.10810798482335778 -0.0035637107208132714 0.981591727650295 620.0150483738161 -235.7638926306274 559.7139297982486
IMG_20140521_133535.jpg 0.009161700086421106 0.2994150209258519 0.024087701730044302 0.953774863959448 710.4285474830456 -23.509810693262313 -344.26161760479465
2011-12-30_15-18-20_837.jpg 0.108399634432939 0.9937191070523306 -0.02377055101451941 0.01438111394815435 -726.2670341481702 13.902364945942708 -82.44277203114986
IMG_20140521_133153.jpg 0.03106858216647412 0.5942721273352151 0.04518517560829253 0.80239247365606 376.48750629427997 -69.56494932279759 -640.21356984888
IMG_20140521_133558.jpg -0.027289869337768047 -0.32282248474011993 0.0879414643434146 0.9419698536720158 534.4106155682005 97.86699187728911 558.8984074216177
IMG_20130210_165733.jpg 0.014819795893589336 0.23141347873924242 0.05883283057915666 0.9709618290919156 566.961052802654 -44.25374980454825 -306.5295726712863
IMG_20140521_134537.jpg 0.15833534312096778 0.9751822908260164 0.014886853193801038 0.1540383081576628 -752.4457265509111 -56.30169362567476 -192.51282252474414
IMG_20161227_160600.jpg 0.13440752628308533 0.640890061104943 0.12794701618580195 0.7448651606193659 116.98632396037637 -282.87420593379187 -692.5704971751035
2011-12-29_15-33-17_315.jpg 0.03544772716775923 0.8799993973283591 -0.029205841427390657 -0.47274891662158547 -548.2225820529426 56.45234269158833 524.8837085364838
IMG_20130210_164919.jpg -0.029181629172603862 -0.48064816195016996 0.03475459870531498 0.8757384853948059 440.18225438424605 57.91349436564035 653.5521669735238
IMG_20140521_134832.jpg 0.0958489308026339 0.9106721361116825 -0.036999330616756206 -0.400150337382951 -458.49882336417147 102.13008347199049 543.1707561032576
IMG_20140521_134530.jpg 0.055461083927334995 0.5427296659907771 0.08760035287282057 0.8334835067352573 279.69124245599875 -156.84996204055378 -709.6458623812694
IMG_20140521_133200.jpg 0.07325136817747828 0.9874028611253165 -0.018156929998385897 -0.13906887787962896 -749.1663630942135 15.968015897514194 32.360823743594594
IMG_20130210_164947.jpg 0.17582909666501403 0.831085225022354 -0.11832374440225987 -0.5141798994769605 -313.5469314301664 292.92786730728886 651.3149487032675
IMG_20161227_160713.jpg 0.0278725689922337 0.11108243768866743 0.14819684464808755 0.9823041826090668 769.9150551796677 -84.46240153690461 -187.05098021342036
IMG_20161227_162905.jpg 0.21960238676528013 0.7448477905425865 0.18319831998688946 0.6028390632704554 -154.71594981521582 -375.48915046913754 -557.6578785586495
2011-12-29_15-35-03_214.jpg 0.021278001326992375 -0.17744206567262746 0.02820365702293914 0.9834968803813728 575.576817508643 -10.860735591474217 396.7859492539297
IMG_20140521_133144.jpg 0.012105155308396405 0.21424730289139157 0.06440121665077449 0.9745789048161386 724.8164092680273 -16.655588041911642 -144.8944654580708
2012-04-01_17-53-05_488.jpg 0.07815887433901617 0.9797405637316212 -0.023846436266943723 -0.18284136736053286 -728.5432287018289 52.20540593581395 286.36306432919883
IMG_20140520_211849.jpg 0.057812460903179395 0.4307955339204752 0.09983231963122557 0.895045493411111 590.7333559944104 -125.26094556445389 -484.3099007172881
2012-02-11_16-05-04_241.jpg 0.04521693551300036 0.6906761167158693 -0.00649934226996385 0.7217199519835645 209.61439633368263 -52.4955811630792 -688.9415970665784
IMG_20161227_160604.jpg -0.20276593650079722 -0.6431473842440981 0.2096870435728125 0.7080104242824552 59.33403771252965 415.20548591785007 629.791334152282
2011-12-29_15-33-32_635.jpg 0.04675385609909966 0.7498485038775772 -0.06709700671080994 -0.6565358252699337 -269.53998716392243 121.03271204706087 691.8989037022894
IMG_20161227_160525.jpg -0.036583621375280845 -0.28689182886051406 0.19349419910953455 0.9375045131043898 594.4000618229479 136.4837519303807 409.35799751759316
IMG_20130210_164850.jpg 0.1616753036934916 0.9627071514840131 -0.04689387017639135 -0.21179471569667221 -710.876247146812 118.67750006205277 315.4544588485275
IMG_20161227_160732.jpg -0.03288016100347286 -0.2965291600968161 0.12313636404480764 0.9464812666262804 674.4711384682724 93.1306865558151 418.0763115405371
2011-12-29_15-34-53_611.jpg 0.02017999520816736 -0.028868124388646325 0.05380086762612743 0.9979302910676455 669.5341686454165 -5.838817222049842 214.01326714694702
IMG_20140520_211900.jpg 0.004237774075839042 0.1765652628803427 0.043183860944799354 0.9833320412601118 764.498934850438 -7.360565563572827 -129.72160092181912
2011-12-29_15-33-51_400.jpg -0.024530191720088853 -0.19410968273860757 0.1579676163291142 0.9678666917259788 603.363237619612 132.54913543041087 426.8726803658713
IMG_20130210_165229.jpg 0.08309342162170824 0.9294336896619173 0.014365342483518935 0.35922435432465316 -565.7579539697203 -63.232589339958594 -446.54515546518616
IMG_20130210_165147.jpg 0.025262796280544477 0.9652187793562274 -0.010386426303178447 0.2600127328628543 -664.2072820224363 -0.8841369097579254 -342.9896816198782
2011-12-30_15-18-29_265.jpg -0.07757987134125324 -0.5785416177363321 0.1122434958706463 0.8041594106546531 175.26477260677524 186.0967045305112 685.1980182227467
IMG_20130210_165136.jpg 0.21707737777004854 0.969856412728371 -0.035952555919970666 -0.10470608613140066 -720.9562537325799 97.55558513731489 182.77716467111574
IMG_20130210_165128.jpg 0.032537542380736126 0.595987221048658 0.049234970321167165 0.8008223638110975 169.27659326092194 -92.79064130778772 -726.6558148510709
IMG_20130210_165125.jpg 0.08399580532542374 0.9242556134976255 0.03522068284747371 0.37075027863188464 -575.117264120208 -96.92614336758439 -473.8800280534559
IMG_20130210_165116.jpg -0.10610106955249385 -0.698482036743197 0.09121042892485987 0.7018162615971759 54.57083723657696 201.16363790963644 723.6207205823213
IMG_20130210_165057.jpg 0.1808719226702808 0.9471063325510667 -0.05702435200103007 -0.2588883267165339 -629.3330555740356 162.67180794903263 402.20821634735483
2011-12-29_15-36-19_806.jpg -0.006773976717892193 0.11443357076061736 0.052312279739810806 0.9920294836902903 715.019429019099 14.067082052270097 -40.2409655156096
IMG_20130210_165052.jpg -0.05147622893370611 -0.6545160006127472 0.04483915280448032 0.7529597951899127 156.19274338320648 96.20985676610721 742.7017117457724
IMG_20130210_165043.jpg -0.011637242766257699 -0.22688763692602482 0.09787078124943166 0.9689209900546841 708.2347471562865 34.97005829154231 295.17241520083456
IMG_20130210_165031.jpg 0.16855900116944073 0.9423295121527718 0.039694621422360105 0.28640406889709985 -664.2659793041498 -128.2967520199945 -373.45097284795577
2011-12-29_15-35-42_606.jpg 0.32101010310718575 0.6818352390324789 0.2830729838812605 0.5932309047185563 44.3597771772826 -541.9001050753631 -444.9298491174521
IMG_20130210_165017.jpg 0.19859496668481666 0.9262088489467414 -0.0650370088480066 -0.3137951478597349 -590.8139413145037 198.664936467217 469.05439784034576
IMG_20130210_165003.jpg -0.03659522066989029 -0.4387602416190465 0.0625706638633672 0.8956758075454619 508.32651289803994 82.38495884194107 582.79401753073
IMG_20130210_164956.jpg 0.08210294324434683 0.5262723736828238 0.1253675498532806 0.8370062561609954 301.3473694396931 -221.84279034060572 -683.0017951204102
2011-12-29_15-34-47_696.jpg 0.06489730522229448 0.41931733708829 0.10759802615468672 0.8991017602917286 569.6822539840562 -116.01796543631984 -394.9361471375783
IMG_20130210_164938.jpg 0.3892247909873892 0.8496073253606725 -0.1473497542213601 -0.3239745432981006 -563.5491975011224 405.64119865596575 362.27755200333957
IMG_20130210_164929.jpg 0.0017623870360383678 -0.16306348185143218 0.08992670874439014 0.982507191796999 751.0356056080012 7.831752840838497 229.36459381957442
IMG_20130210_164844.jpg -0.007267188515433412 -0.1286918983391014 0.04177895503979504 0.9907775240631688 761.4759895369467 11.571503379704367 196.25752508039676
IMG_20130210_164834.jpg 0.18835736472458017 0.8917952963264348 -0.08296554209479957 -0.40291360293364964 -517.0105173006957 226.90571111236218 540.3775584698749
IMG_20130210_164819.jpg 0.35175048915417095 0.8270630536149675 0.16784478378912476 0.40505114156075167 -476.82709915036276 -442.5461601291178 -422.9073630642924
IMG_20130210_164807.jpg 0.006661810371996165 0.33981369149430096 0.0534856353873004 0.9389470497119634 597.6644479198739 -45.67303205739198 -489.8252205125773
IMG_20140521_134509.jpg -0.03356587257120652 -0.2805111443996273 0.08579244145718302 0.9554195345788997 670.5402845101778 74.4098535673113 385.4227441694848
IMG_20130210_164749.jpg 0.007165985573274205 -0.07271214037302996 0.5563421117132817 0.8277348899421495 758.6811087703736 55.28422102996816 108.079469751237
IMG_20140521_135831.jpg 0.08070306123529425 0.1460481836855591 0.3128160019486366 0.9350417599627684 734.9743859585413 -220.33643660279546 -201.2975245703706
IMG_20140521_135826.jpg 0.12174472446659111 0.9867827204684321 0.0023755320228368675 0.1069225958209144 -782.2576578412784 -22.94226391475127 -127.60213408503888
IMG_20140521_135822.jpg 0.11111690536264952 0.8391453486679902 -0.06408116581497246 -0.5285657209272078 -306.85886879774324 174.8789100220214 709.4149752039485
IMG_20140521_135727.jpg 0.17981587082275632 0.9490275150242382 -0.05980833440903021 -0.25186502627873986 -646.9888168976266 165.19106825806097 393.9315759377261
IMG_20140521_135635.jpg 0.09046422701987569 0.6571567433957212 0.06716763383796917 0.7452850107199497 32.94975353501679 -173.49376508122896 -729.5904750821412
IMG_20140521_135627.jpg 0.1699034877297032 0.9222706719523879 -0.08377445688781694 -0.33694428751193345 -524.3111194008518 207.53009172748654 485.1067018419499
IMG_20140521_135615.jpg 0.19520730565284916 0.9740095146409659 0.006117765803127554 0.11472639691981742 -727.0524574147186 -24.752909027594157 -101.77070281313352
IMG_20140521_135553.jpg 0.9860697594557614 0.10231359443105219 -0.0913896659420884 0.09405470132029055 -808.0853568944882 -124.61665956496697 373.55821745164786
IMG_20140521_135550.jpg 0.11527338609514753 0.9373648508538189 -0.1867265024077864 -0.27054093246773575 -648.8033396784047 275.80043884860237 355.74582342560336
IMG_20140521_135542.jpg 0.07504722067956393 0.6502972140868336 0.08638530532588523 0.7510120019300152 36.94972295751156 -170.26685355764255 -695.0355922758099
IMG_20140521_135532.jpg 0.09996553562150425 0.8435992835386698 -0.047088565927487606 -0.5254805490785003 -251.97469179840547 130.54788518564132 648.9191174855107
IMG_20140521_135527.jpg 0.14329860931019234 0.934021703314185 -0.04635067302441292 -0.3239144662067719 -512.528958536168 135.12774665447657 469.9494204465955
IMG_20140521_135517.jpg 0.08007906303536352 0.701563243600173 0.06443481942563836 0.7051556657491796 -65.35943747821808 -148.71898763490518 -685.9845750668865
IMG_20140521_135510.jpg 0.7475656629187722 0.1839478864023036 0.10097962077538625 -0.630168129074298 -241.1542403396644 400.8254733568544 2465.522986401202
IMG_20140521_135502.jpg 0.15095488152491518 0.8141960502285112 0.07159554293707955 0.5560319179396411 -318.58781392441307 -193.26509652903684 -588.1339900798318
IMG_20140521_135458.jpg 0.1442100473371644 0.9692637493592968 -0.02268547281327734 -0.1980318553874837 -611.737477960701 80.52886937630115 321.02079069083817
IMG_20140521_135439.jpg 0.15960026955731538 0.9783172038850897 -0.013413392939328011 -0.1313136833294521 -640.2977726865287 57.12314228247988 226.47770170299717
IMG_20140521_095557.jpg 0.028497012398866532 0.79755342628287 -0.009506957247686288 -0.6024998508486821 -371.13835364903423 30.565316340000276 672.3690002437169
IMG_20140521_135339.jpg 0.13414709843398828 0.8804934253508079 0.061365021075543154 0.45052216159046027 -404.3137767647244 -149.07633999329536 -485.2052757831017
IMG_20140521_134437.jpg 0.046618075166753245 0.6341443224147814 0.0595881756368176 0.7695043747381296 138.84866524863932 -123.75352808284468 -760.593377666428
IMG_20140521_134157.jpg 0.12493148907468445 0.9319360171928528 -0.04908280598280775 -0.3368653455806324 -581.6133118537056 116.45228616438352 429.300684200238
IMG_20140521_134905.jpg 0.22908104475683885 0.8432208929128072 0.10883189721257594 0.47397892235578837 -401.47194776602834 -277.33061946079397 -507.1199089124845
IMG_20140521_133901.jpg -0.006437107344349577 0.3647541248876094 0.009453539370524044 0.9310336313044131 604.1166577688933 3.9749357426155982 -404.97685493958596
IMG_20140521_133440.jpg 0.00048508976879052903 -0.0933606053200259 0.07300504285008554 0.9929520762759156 722.3885893067807 28.738981810696924 279.3328179665989
IMG_20140521_133430.jpg -0.0033111401760376282 0.2170329477302322 0.03149746400630756 0.9756503706305002 750.00141428072 2.545552379119272 -189.26335900479637
IMG_20140521_133129.jpg 0.07570803914995708 0.755155772504769 -0.06930866560444107 -0.6474599299824858 -277.4011180493175 139.20085537596546 660.9569907949495
IMG_20130210_164315.jpg 0.3567935485760765 0.9310940799508122 -0.025292772641935832 0.07157131846714396 -690.5596455623897 -78.96083209913478 -186.88602226256862
IMG_20130210_164224.jpg 0.28647147860116556 0.9058618306634199 -0.1187017007540477 -0.2885452164449717 -650.3059786736101 222.0874762093678 254.02536734621958
IMG_20140521_135349.jpg 0.05685808855217629 0.5816093928965488 0.062363357822213666 0.8090787869310623 175.43211099386215 -114.66939038036088 -617.3394517985171
IMG_20130210_165539.jpg -0.007958811436883638 -0.12018162108146109 0.061949935043881375 0.9907851638083827 634.8014055539239 14.054509492933768 148.43815461392305
IMG_20140520_211939.jpg 0.016907607336229615 0.5758956010648444 0.025029785000314903 0.8169650539350894 379.0977621738191 -43.227068396676565 -678.889288026993
IMG_20140521_095640.jpg 0.08055344314716507 0.7067529497838629 -0.05994728339465845 -0.7002983178492908 -201.7126233506635 137.04714660669958 712.5835989052902
2012-04-01_17-50-32_648.jpg 0.04728693671497545 0.38937400754980733 0.09350974883252045 0.9150998605256123 461.4874360127244 -121.62077888449657 -507.8188424968549
2012-04-01_17-51-28_674.jpg 0.17327182796160898 0.9409786833565845 0.04761598781669775 0.2868252234507847 -647.6468247111555 -133.98963737537326 -351.32683711110053
2012-04-01_17-54-56_5.jpg 0.11659761059543639 0.8267596070984846 -0.0839483008008616 -0.5438991009980089 -399.6295872866344 188.92098432275105 635.8116737360892
2012-02-11_15-55-43_341.jpg -0.007769880147679925 -0.16556704180421145 0.1882651054509249 0.9680306987385501 647.5750935106208 119.6627992107147 387.33646215093
2012-02-11_15-56-05_505.jpg 0.00023358912965570547 -0.20735094765787856 0.16443385136970887 0.9643479861881928 603.9902452769893 105.4198785764544 447.639042545729
2011-10-01_14-36-47_800.jpg 0.09283851154923363 0.986584057727541 -0.0011306934833674885 0.13428190251642325 -624.8080304545445 -20.557098752957604 -172.84638532608096
2012-04-21_19-06-20_584.jpg 0.028908401182534148 0.16346605569947592 0.06140404569209929 0.9842117130718208 760.2924914287502 -48.62664731771405 -130.56336084476305
2011-10-01_14-37-04_651.jpg 0.1152594140456643 0.5356638529719532 0.14517329748200408 0.8238350671046325 274.5837327122883 -224.96981725772878 -539.43163805997
2012-04-21_19-06-34_639.jpg 0.02707222611807461 0.3270087334508047 0.036991278001306124 0.9439089088316429 678.9918091366337 -53.743089256165284 -372.5416945103408
2012-04-21_19-06-42_262.jpg 0.05039827781100097 0.6613038555895935 0.032747099857659556 0.7477063939989649 219.542396954166 -95.79065817856477 -739.904641284492
2011-10-01_14-37-38_417.jpg 0.05239923561023035 0.1964699080750351 0.06068215781866043 0.9772264686606285 586.7189635035489 -88.53252248205757 -255.26781948332876
2012-04-21_19-06-59_420.jpg 0.053878237313023034 0.7866036479025624 -0.07147797978985002 -0.6109359500435251 -328.3740634000429 135.6536134094493 693.1840102880689
2011-10-01_14-38-10_16.jpg 0.08558140410525847 0.5906502921377742 0.04506730513861957 0.8011098511917565 161.76564735492673 -128.17540239921735 -612.1979750558911
2012-04-21_19-07-18_263.jpg -0.022097404464820333 -0.4494201931083207 0.08807946416346267 0.8886929743927736 316.74436022109376 111.6604774679115 697.2350307029509
2012-04-21_19-07-28_94.jpg 0.07839183248502259 0.972946490881284 0.01516954798260545 0.21679421416504388 -608.5389016720868 -73.46491624662605 -468.55392832440685
2012-02-11_15-57-37_244.jpg 0.008866804593758902 0.7072756564189688 0.009006818166901192 0.7068248742368383 176.60923105084953 -17.68338638816533 -694.7850110128924
2012-04-21_19-07-46_32.jpg 0.041661227735382195 0.9253625823356096 -0.039717390461186566 -0.3746878196735322 -657.0570163931436 68.5421063842915 384.3262708275033
2012-04-21_19-07-58_895.jpg 0.005518562314554593 -0.0811641477307079 0.12780348314119214 0.988457483299159 697.0788104219058 53.335722252606466 294.22971731219235
2012-02-11_16-05-22_472.jpg 0.09748059078399986 0.9821502566591924 -0.017222037846625075 0.15994314357637737 -614.8011908195028 -33.24258777145319 -388.185436252551
2011-10-13_14-39-23_451.jpg 0.06764728859200547 0.6756377991812642 0.042302316968036324 0.7329037608327459 208.1257628685827 -109.07890522033323 -648.6168196716901
IMG_20140521_134111.jpg 0.11956591031051095 0.8875088004606542 -0.07264999730373398 -0.43903769779858026 -478.617786469422 159.88197955539738 535.5490912421085
2012-04-21_19-08-10_84.jpg -0.012166339209584895 -0.5166840790846882 0.03906915650306832 0.8551977219455066 177.81753404233464 54.180240768033286 731.8769232351501
2012-04-21_19-08-20_123.jpg 0.05374207602048745 0.7272614164205112 -0.06345406058996929 -0.6813047802897648 -233.01285906436703 121.68306747116719 705.5484828056755
2012-02-11_16-05-39_713.jpg 0.04827845122902917 0.7757099277666919 0.022217339444822796 0.6288479060465364 24.384430409555154 -75.8835976375075 -724.4676676810964
2011-10-13_14-39-58_742.jpg 0.028149300198239274 0.09211913346503775 0.08714471074451316 0.9915278521238097 699.4275063773636 -20.912680142695862 39.0906449093012
IMG_20130210_163122.jpg 0.05245367142422592 0.42729448574171114 0.12868983464778844 0.8933683234070768 568.1154861121206 -108.40732134665247 -413.28384306232186
IMG_20130210_163137.jpg 0.0014914983317613113 -0.03876838880441869 0.07960481014582384 0.9960712131488807 667.9983903430387 28.741566636605537 215.9609137410297
2012-02-11_16-06-13_994.jpg 0.009211467956012638 -0.19778129041498632 0.0963693297320328 0.9754540800606031 576.7994353999322 44.71126460333408 412.6089576556779
2011-10-13_14-40-18_252.jpg 0.06169972417718483 0.43195417420871324 0.11018885440166687 0.8930101633160602 563.1240477516357 -118.45571202286906 -424.8923684884669
IMG_20130210_163148.jpg 0.14476044494768994 0.4657574977861052 0.23993697067433842 0.8393715607156316 490.1753529400128 -274.3686603678431 -413.4229307857805
IMG_20130210_163156.jpg 0.05966281014928334 0.9782498026759177 -0.00043022797844386823 0.19866425836950402 -567.5869002834834 -34.087685510151715 -412.1353856970521
2012-02-11_15-55-54_45.jpg 0.050193405704282344 0.21650545944838676 0.10731706073297584 0.9690660743873363 745.4736711098901 -75.43146173645283 -151.88993631264282
IMG_20130210_163204.jpg 0.009115162576220859 0.621124681518983 0.02541187808441062 0.7832466279987264 316.21822413448217 -26.853744789866372 -633.4541431690614
2012-02-11_16-06-40_96.jpg 0.05667493144992974 0.856344539811612 0.003615979744314172 0.5132727403344872 -185.35982516871636 -59.10934785412532 -680.6586439619689
IMG_20130210_163213.jpg 0.1093420385057774 0.8923053736502569 -0.057428908360169145 -0.43420888896340637 -558.9608506517326 113.47408394079639 430.93211897671256
2012-02-11_15-56-19_244.jpg 0.09003715596461787 0.9110420670974062 -0.04693799718368791 -0.39961542380778076 -628.5578516482791 90.62640121784091 400.5276111398753
2011-10-13_14-41-53_189.jpg 0.11014611566198632 0.9933533871697332 -0.019303796927689167 -0.027280850924563733 -722.319659517466 -9.574998201283709 -146.47471925024018
IMG_20130210_163222.jpg 0.03692458324478987 0.07038711548193337 0.26355618035530093 0.9613638067468815 716.1582380882193 7.652145384692437 60.331263542286926
2012-02-11_16-07-27_41.jpg 0.05443646982279829 0.5432180754954389 0.034546169779457604 0.8371125105753898 457.11652303805687 -92.84034408426206 -572.9285589131662
2011-10-01_14-04-55_608.jpg -0.01900933594404665 -0.3776988088454626 0.0582194927127337 0.9239008310484181 478.1642733970226 58.01953024855058 549.0572901764053
IMG_20130210_163228.jpg 0.10271220026500262 0.986284434141239 -0.025215247806801677 -0.12671783680863263 -721.5696878067956 20.487048623699202 13.696341882749977
2012-02-11_15-56-35_310.jpg 0.03171042741814021 0.47721214373095416 0.04798852949585816 0.876903711764006 549.7741779293041 -64.16570879615173 -505.7020147991809
IMG_20130210_163239.jpg 0.05207477711280561 0.29794371609565035 0.2654907608070041 0.9154411043611075 676.486772636335 -104.49516461330862 -253.86230892856688
2012-02-11_16-08-30_939.jpg 0.2023002889818767 0.9789064991578003 -0.02405724364002075 -0.01542426701381276 -709.3010192107581 -35.47357935783204 -154.23429286960993
IMG_20140521_134226.jpg 0.07939741450870515 0.9522861972423292 -0.015319976889489424 -0.2942997577626969 -625.8847472783941 46.182715813210386 394.7172526975462
IMG_20130210_163245.jpg 0.09569307845003852 0.9497352687062585 -0.04334571059735544 -0.29490151489101646 -682.4456365906553 72.48574267221558 257.79962843503046
2012-02-11_15-57-28_658.jpg 0.04571759659391322 0.4350024097809431 0.09188985134939154 0.8945608196570182 565.340590858442 -90.38890764365946 -427.9851254882883
2011-10-13_14-42-44_697.jpg -0.04181424554921279 -0.318258803276745 0.14625954158417845 0.9357195357058603 487.26772251218665 170.40526524231763 566.300942369194
IMG_20140521_133730.jpg 0.0723126584876796 0.7644080445864294 0.048614255928126564 0.6388175599610187 -27.180463179784535 -131.199686716024 -728.5263881464706
2011-09-18_19-53-53_378.jpg 0.10883215920664355 0.902770545268829 -0.06285738374324916 -0.411351252613135 -595.5294544577737 121.64289181577583 419.4422386946343
IMG_20130210_163519.jpg 0.001182284448633419 -0.07583774690934826 0.15445743906589043 0.9850838227604816 683.689758438904 75.69359129615297 298.4791327643228
IMG_20140521_133744.jpg -0.004092666042253191 0.014228553554893069 0.08190656765190105 0.9965300359366428 731.8077954689459 17.484414632386212 83.17989789501846
2011-10-01_14-01-49_608.jpg 0.06863253906959106 0.7614367419558604 -0.09523030360854043 -0.6375224324328759 -305.06064888678014 172.0884881349995 664.8072434773846
IMG_20130210_163642.jpg -0.01169440642153061 -0.2835646020741367 0.1360968292975697 0.9491743835376788 535.6169181962496 119.23364182346965 545.8975459517865
2011-10-01_14-32-50_305.jpg 0.005750996444743943 -0.04252599008638967 0.16847054229494124 0.9847721272385372 771.2293228842586 -16.015074595154225 37.96193206167393
IMG_20140521_133943.jpg 0.037695165387927915 0.712248166883153 0.033625619118552566 0.7001078067104091 76.00033264180537 -78.84284896257026 -726.9949026422202
IMG_20130210_163507.jpg 0.020204468687049743 0.49948663087664724 0.02559585544671715 0.8657076511181593 540.9380379277916 -40.17727567554838 -526.5702507564841
2011-09-18_19-53-14_634.jpg 0.0019929561282734745 -0.218511452645431 0.1802161525780584 0.9590468766116785 596.9947588227069 115.48325942197194 458.2658573353989
2011-10-01_14-04-42_522.jpg 0.029083797042943706 -0.07630971664345856 0.11769948843946175 0.9896857027948063 709.8328294281923 -17.154213286921813 183.72071584088127
IMG_20140521_134018.jpg 0.03291537928750686 0.2939721272281306 0.08915219614439421 0.9510777319136218 641.4115512940557 -79.12350244059152 -350.210945429248
IMG_20140521_134713.jpg 0.18703176186012793 0.8954115727751281 -0.0827429503348469 -0.39548810293832204 -474.03097523101883 224.37890227948563 533.1071005692113
IMG_20130210_163543.jpg 0.09495960942976313 0.9777600115167705 0.002632231609234784 0.1869788860070248 -600.1861169768263 -65.92515750225849 -439.33042875532743
2011-10-01_14-01-18_320.jpg 0.004232902822737732 -0.2867529640068846 0.054021131934145344 0.9564708764366605 496.3863509964878 36.65537621282445 562.4399834314792
2011-10-01_14-34-58_286.jpg -0.17090509055590936 0.960981681297402 -0.06126497119677989 0.20869178598390517 -654.8900593211637 121.01458686046766 -254.4097442255548
IMG_20130210_163605.jpg 0.06546897094429616 0.6086401701930361 0.03352903485042924 0.7900295949474849 379.17231438350365 -113.10397178021289 -656.8697363616777
2011-10-01_14-01-28_960.jpg 0.032439818890303396 0.3598671518605227 0.022010247369464123 0.9321796179776168 668.8711777777155 -53.11953888810224 -345.4823671546934
IMG_20140521_134049.jpg 0.06413955986813641 0.5289540048642756 0.0723593125086353 0.8431238980667337 360.92393056640043 -137.15291691412028 -620.3760229257574
IMG_20130210_163410.jpg 0.01404977161891938 0.27066972827943087 0.058590521932815096 0.9607849149784958 728.9094957590645 -24.896734553528987 -230.5601608556414
2011-10-01_14-01-40_851.jpg 0.008282257335401949 -0.19823488578462864 0.15382084658758213 0.9679739053437675 597.6446369861759 88.58227483677392 444.7040810355801
2011-10-01_14-06-54_697.jpg 0.054378944134624754 0.291133484290473 0.05099378573568426 0.9537734838922897 713.8959798719152 -102.5026266106795 -337.6602096714517
IMG_20130210_163430.jpg 0.0543743245310313 0.7256001644008377 -0.053853624359237295 -0.6838476594948949 -239.0759116510991 111.02419727989601 719.2044260903873
IMG_20130210_163744.jpg 0.02192141181540502 0.7802282097795864 -0.02739225128646655 -0.624510253668921 -322.89709782323274 52.61478819076381 703.3781299102415
2011-10-01_14-02-31_15.jpg 0.10473613624518782 0.47492947028616606 0.10155179366061973 0.8678476670605516 534.6956468087019 -196.4827921539509 -515.0503707937502
2011-10-01_14-36-35_776.jpg 0.12270607299553549 0.8532236431392836 0.027723102500986637 0.5061462871797672 -325.2879697605572 -117.19524228671786 -558.5175477964747
IMG_20140521_134121.jpg -0.025522001450942758 -0.21776144152643723 0.11895813085700292 0.9683891496342132 650.6867207118091 77.31603946899959 341.9662496532614
IMG_20140520_183052.jpg 0.011506309802815399 0.3647068919207465 0.04241437602466074 0.9300846781485378 675.6823373386186 -24.92406289831389 -344.3152589827201
IMG_20140521_133951.jpg -0.02612627674856767 -0.27877964270560035 0.07277665135232823 0.9572371114275378 572.8419980057988 71.95246085176267 456.54892588274674
IMG_20140521_133853.jpg -0.006440124719214106 0.15514913392627727 0.04964229575376494 0.9866219709229179 715.8069373928025 7.745349036193929 -109.54981867427382
IMG_20140520_182723.jpg 0.015494487533607788 0.7480443803579689 0.012351377227316652 0.6633528241829696 77.29114909254761 -27.49163641332547 -696.3062077065896
2012-04-01_18-11-50_589.jpg 0.06649703844376127 0.6737290644946361 0.08713667040333395 0.7308040039603042 226.5439132173897 -157.00699510486888 -725.0093480470805
2011-10-13_15-24-38_28.jpg 0.1417036233698622 0.9797974927944423 -0.04460188956022193 -0.1338940913006803 -729.4848649983932 67.1406141212105 113.77434154497035
2011-10-13_15-23-25_156.jpg 0.0935950001854694 0.9854849578240904 -0.05264441640401052 -0.13148360834801615 -726.1588032222054 84.34784178655957 158.52623547554393
2012-02-11_15-54-22_239.jpg 0.07285792005473499 0.5895231916228305 0.06540309215211912 0.8017958378297251 340.15017743270124 -149.4662663458317 -681.0537440453708
IMG_20140521_133959.jpg 0.018691463315790406 0.21631099724175826 0.052955878650266894 0.9747080878846593 692.5414975710091 -40.63852419767497 -236.58982647810166
IMG_20140520_211755.jpg 0.005669008873765103 0.018804284527190292 0.2322929342216716 0.9724475584485243 755.9152328900523 62.32214254195523 127.59240443348402
IMG_20130210_163450.jpg -0.0859543941295849 -0.6218479739957421 0.13097677763401835 0.767308297288525 -47.124118039613215 234.43679512061283 722.1804835672207
2011-09-18_19-51-48_277.jpg 0.07451594325501099 0.8412813246094448 0.017896675716970938 0.5351381280216119 -226.37279912197315 -98.02744342911501 -719.9385028762239
IMG_20140521_134720.jpg -0.07569838451064041 -0.47334122834749237 0.12070741610053178 0.8692799064900213 434.06677149527314 169.7427802986963 580.0358829884111
IMG_20140521_135132.jpg 0.0982192991560671 0.9253443650477721 0.041252854957671246 0.36385296110581344 -474.17320718822054 -99.81030778428273 -423.6270727750135
2012-04-21_19-06-12_928.jpg 0.01912198684514035 0.5966438286100039 0.006528297869623872 0.8022517514643489 333.9722218762619 -34.03566619108501 -696.727858153828
2011-10-01_14-32-21_386.jpg 0.011225048988544156 -0.25185598195289266 0.12428108108774 0.9596857691522841 702.4509504709566 15.810912153942805 355.6612594084286
IMG_20140521_135449.jpg 0.5270064152398345 -0.1892105256829587 -0.8284489765158316 -0.011657983389460027 2211.8710388139284 -940.1027147003902 3754.459964073431
2011-10-13_15-28-32_396.jpg 0.0958709689194135 0.9899422300687408 -0.06677089996364455 0.07977960493149684 -630.934078120653 47.087259301094775 -267.01644468925036
IMG_20140521_134103.jpg 0.12407649793994137 0.9921121642399442 -0.0031350173373905377 0.0175683776253824 -729.0974733524616 -15.005447226462975 -67.44824061709853
2012-01-28_14-40-10_416.jpg 0.01316310381597054 -0.0020136114602051732 0.12904566661143163 0.9915492393197769 727.3600963205249 29.292485738425967 192.26616764685136
IMG_20130210_163456.jpg 0.003906741458856178 -0.05816534015503195 0.10471705485413374 0.9927919565540909 702.693467826337 45.88098871420439 286.5460068448357
IMG_20130210_165257.jpg 0.39204330747321803 0.9191477120523045 0.010475112574902416 0.03687547302770598 -715.4707989954942 -12.4114073103872 -11.528713344309706
IMG_20140521_134058.jpg -0.04231780456281961 -0.30026668390178995 0.08868505197471191 0.9487803136194644 570.5227747902601 98.57316023302964 448.69714391513753
IMG_20130210_163752.jpg -0.04688937130805902 -0.1459711377356142 0.39573715026263057 0.9054755224237249 674.8342654469786 264.6034830897308 276.01768624131137
IMG_20140521_134517.jpg 0.35932927381118335 0.8652666706897069 -0.1255668392453312 -0.32623462486041493 -564.3664684073342 363.41485450390525 391.8854794835052
IMG_20140521_134725.jpg -0.00617201606342801 -0.1151940483558183 0.08101260225200435 0.9900147452020445 730.6312179807987 8.757829663254661 132.21936779034323
2011-10-13_14-42-19_619.jpg 0.009725311909443117 -0.06116173540397408 0.16756329313252663 0.9839142255426646 704.8589032700081 61.87161139761452 264.192566426368
IMG_20140521_134032.jpg -0.039973882408358086 -0.39864180592818865 0.052068266439357816 0.9147544451499078 453.8446185904487 82.6861690217221 573.5445352111747
2011-10-03_13-15-48_699.jpg 0.16327145997315928 0.9457278336203349 -0.08125944153790299 -0.268957614197793 -545.9431103969341 174.84623359039423 383.552359258364
IMG_20140521_135154.jpg 0.0880789366196533 0.961099251081558 0.014227817160568396 0.26139605910048613 -554.2840415830547 -52.11641937947633 -322.7277723533944
IMG_20140521_134702.jpg 0.08360797699887076 0.9848590251306988 -0.013416218024852449 -0.15126933560598307 -701.6455032380509 37.81946539582058 262.7499752092252
IMG_20140521_134006.jpg 0.04665173672141882 0.8490564707659473 0.015238009614574319 0.5260176118480604 -261.2994654988725 -63.88085751320283 -681.5433708110987
IMG_20140521_135141.jpg 0.1432487329905384 0.66810128264439 0.11642376909273042 0.7208092553621719 37.1905660750405 -237.6758700538437 -596.3656148364101
IMG_20140521_135136.jpg 0.0944664929910985 0.6691389041176258 0.08769300315298106 0.7318737226436245 50.47486825588036 -169.57826547128192 -618.1254512703613
IMG_20140520_182909.jpg 0.06306986133371256 0.8270224105704075 0.031066340987000857 0.5577553293903496 -109.87455264380952 -102.17801426393821 -738.9556628142437
2011-10-13_15-28-44_551.jpg 0.05862465097168636 0.5213457319691527 0.05823951359806779 0.8493349969899141 453.5430110161634 -101.55295162030701 -519.2068921671167
IMG_20140521_134455.jpg 0.008804888142648702 0.15613790652587642 0.09320362492975559 0.9832886211029118 730.2110796466743 -47.82398315281554 -257.830987553901
2012-04-01_17-51-57_877.jpg 0.05965287824875478 0.9448167187429628 0.004103221168384002 0.32209636085566656 -635.21497999848 -37.70727040220661 -426.8007923014663
2012-01-01_09-47-31_226.jpg 0.009202435639146193 -0.23818822025055647 0.12872353267324751 0.9626068455232902 576.414106778008 81.90663171842856 514.0409156359316
IMG_20140521_134759.jpg 0.3472540794811607 0.9261998902658404 -0.06124999471197222 -0.13347960781714935 -683.2186687122356 170.54692141299935 184.1259820022148
2011-10-13_14-42-35_909.jpg 0.07018262166651042 0.4187872208553144 0.09393165849348606 0.900482374506553 611.1191526869671 -133.73752660545009 -440.5206641369821
IMG_20140521_134042.jpg 0.006587827261936889 0.030236310432356674 0.1835070356520457 0.9825311872554495 732.2409583233358 -2.9629229387700033 11.189647819309164
IMG_20140521_135234.jpg 0.10452817938458746 0.7239628765116475 0.036157922964470866 0.6809142513961797 -54.17701251750417 -126.88624276821298 -617.2065267825375
2011-10-01_14-33-25_558.jpg 0.2813837344056233 0.8938472079617925 -0.1019578690702066 -0.3338636784160804 -542.9326279356088 290.2072505207385 435.7659463019341
2011-10-13_14-40-48_799.jpg 0.10483726582574784 0.9935833675331548 -0.023521638783646607 0.035326646664928206 -692.2942600372396 -9.387269134675606 -224.77743416561026
IMG_20140521_134620.jpg -0.03520030147019093 -0.5356538831913926 0.04214293236816578 0.8426504788165738 366.38807695447923 70.17370755510389 664.3544663373137
2011-10-13_14-40-58_228.jpg 0.0643699881970282 0.9664376977355975 -0.006385386423904709 0.248624029118768 -534.2956584683822 -36.82099945511694 -493.40614450156147
IMG_20140521_135207.jpg 0.022139606992021423 0.41358143553650106 0.057444984193125846 0.9083833484674059 433.000229951214 -60.22082189586539 -473.8087383967755
IMG_20140521_134708.jpg 0.37031167267292203 0.9100350450278313 -0.0925142417645931 -0.16169909391860487 -682.7397951722776 236.22504174531582 201.7278982062427
IMG_20140521_134010.jpg 0.1537492123264949 0.98603121053458 -0.004646166913817378 0.06389088114670698 -714.1442589798316 -33.94364640453761 -158.72598698336762
2011-10-13_15-22-28_406.jpg 0.16470255784702104 0.9858125618846938 -0.024077858991733977 -0.021608261738482713 -779.5397047304158 36.64821394044282 34.60430575820281
IMG_20140521_135259.jpg 0.014323367115315117 0.08564991756760786 0.08861911060909584 0.9922729392712444 633.3560382686294 -35.37279120508996 -117.06858943446763
2011-10-01_14-04-06_46.jpg 0.06419252227080062 0.3033854657168108 0.07685793620145268 0.9475913871068903 660.436343879788 -119.1689727569295 -342.2425600221168
2011-10-13_14-40-10_3.jpg 0.1235776368480546 0.988179027953976 -0.04610456028226156 -0.07813543309001575 -706.3763463371271 37.06965118554201 -60.49387571979144
IMG_20140521_133829.jpg 0.35968274792565635 0.9123401049413636 0.025434715899564503 0.19395084167731536 -616.0372995629265 -208.7278787715471 -315.6533340798696
IMG_20130210_163303.jpg 0.04970936138210029 0.7616001867017101 -0.03263960760422859 -0.6453129403803599 -285.6250419214557 76.3416975048282 684.0732488706957
IMG_20140521_135218.jpg 0.13427794769343648 0.8370376395507643 0.08996980026147783 0.5227263698910087 -260.78549169481033 -194.3131308131373 -555.349710070608
2011-10-13_14-43-25_273.jpg -0.0744713641298089 -0.2816241708844559 0.2760967205194835 0.9159216359583794 545.7022794057295 291.86691797390233 466.0435207425822
2012-02-11_15-54-43_404.jpg 0.06674062464102462 0.7974499950080819 -0.08779498302358843 -0.5932210679333827 -343.2643383066033 165.8672246639703 678.6613961028582
IMG_20140521_135144.jpg 0.009238350722901826 0.37845490256817294 0.05007952091985278 0.9242178212859091 454.94830798941956 -41.250334094959555 -452.4527369090391
2011-10-13_15-21-54_312.jpg 0.002802851719857081 -0.22066670502885713 0.14010912406366918 0.9652293938064961 732.3737144116055 28.939219042974493 316.8172595380748
IMG_20130210_163342.jpg 0.03702932601934963 0.13774738853225554 0.2870964844082392 0.9472223047455791 757.6374581872036 -19.88271565805929 -41.30469251680504
IMG_20130210_165409.jpg 0.06881225198175757 0.4039108632113335 0.1100843830856608 0.9055397932491563 456.6393465862396 -157.57888934594405 -504.74563380115393
2012-01-28_14-40-55_292.jpg 0.06469059907496778 0.6898151763297585 0.043775389839189965 0.7197595877380817 208.14076709365997 -121.23350256350324 -737.7009523699926
2012-02-11_16-06-32_96.jpg 0.0858725683434211 0.4302679445921594 0.18111198396527867 0.8801669427595563 547.4869013577465 -172.13993321740784 -410.8673241200616
IMG_20140521_134543.jpg -0.04188603945874566 -0.4225185375602944 0.06598313106041873 0.9029783339216029 529.1388823871058 90.76828076767629 563.1550110515612
IMG_20140521_134552.jpg 0.24133463480226386 0.906528258931394 -0.09101289316446558 -0.3341867188885679 -563.4266115366885 262.40378669188135 467.87031342402906
2011-12-17_14-51-57_632.jpg 0.23574451098434407 0.8431490731829726 -0.11837807188200504 -0.46851979470343125 -373.08938211663224 322.3004851704492 576.7363643929558
IMG_20130210_163442.jpg 0.10052270891072437 0.8324285112119458 -0.08618251367355474 -0.5380804150418599 -485.5937119077524 168.92000963531643 564.2220280865405
2012-04-01_17-52-20_918.jpg 0.08276176147238527 0.6471203082136864 0.07895798730707718 0.7537582064401196 73.84485277184851 -184.39552171555485 -752.6327595544672
2012-04-01_18-11-32_119.jpg 0.034827889438506364 0.8465654530210269 -0.046256913744853856 -0.5291259300009437 -477.3350727267859 85.35343404565145 605.4084357760281
IMG_20140521_134259.jpg 0.027782004934191806 0.1333694757942178 0.24952278392381375 0.9587382976762332 726.2509897141873 -89.81001769198147 -166.12344832210985
2012-02-18_13-09-02_132.jpg 0.11737901606590204 0.9509248250880412 0.013592995508590836 0.2859709322497352 -651.106900621887 -63.49111527370981 -349.5312301024193
IMG_20140521_135425.jpg 0.050660771135413604 0.4209111003183891 0.0745194518287323 0.902615191095227 391.40727363152865 -116.36457128379065 -541.7639718700019
2012-02-04_14-26-36_868.jpg -0.01140844687384919 -0.2193231463119316 0.16720267972330013 0.9611505962777682 605.2861728590567 55.86637985814868 275.66346930766366
2012-02-04_14-24-57_766.jpg 0.047664205159550936 0.39214516379653525 0.04270009212558209 0.9176747769171625 477.232866066885 -79.35023218151431 -427.13127927722996
IMG_20140521_134229.jpg 0.0899845718329696 0.9895403736778116 -0.013085158335759284 -0.11198841156540247 -727.6757091199953 23.23305745561815 140.305539509718
2011-10-13_15-23-06_588.jpg 0.04980418903839732 0.8818289445934195 -0.06695886433663817 -0.4641268853645862 -435.5066008412455 116.1138387076433 606.4422543035762
2012-04-01_17-53-25_203.jpg 0.06664186659098274 0.7694023474688315 -0.07619401170104594 -0.6306927634812545 -153.7066997949715 148.3641902100054 746.6437225563924
IMG_20140521_135431.jpg 0.09768957136725843 0.7594945042725711 0.05983991572337105 0.6403468045614532 -173.64505415860572 -149.63329850383778 -641.8714034990636
IMG_20140521_134250.jpg 0.09730523363973209 0.991620068295623 -0.012318705457791764 -0.08408080134932967 -738.64275328659 20.051570912241054 107.38522983965517
2012-04-21_19-05-53_128.jpg 0.1320662363956133 0.9874562479314695 -0.03776802532349407 0.07786041284610414 -740.3511013959013 9.433490060780079 -223.3290512534362
2011-10-01_14-02-03_773.jpg 0.07933936609898837 0.6080924099174523 0.004610598450187227 0.7898782364198468 356.76255502186456 -111.71821506188606 -657.5115723713094
2011-10-13_15-26-09_227.jpg 0.07081761221399596 0.4352815609811631 0.029610574846377188 0.8970161884422025 422.49639305742147 -101.63490453853166 -471.65775516685994
IMG_20130210_163656.jpg -0.016222940851318982 -0.1187492557861475 0.1630886221725354 0.9793046164285328 697.4484780533921 106.20908073609567 327.0990415042831
2011-09-12_14-15-33_253.jpg 0.181047478272998 0.8645467041706104 -0.09970489751837404 -0.4580826784867268 -404.4150908407726 265.7944382132064 616.7231934915632
2012-02-11_17-54-57_837.jpg 0.002705628626637705 0.059480333470989785 0.04821791893098875 0.9970605808063414 767.5631948802065 6.84456627138802 72.57002630721273
2011-10-01_14-34-01_838.jpg 0.3281997336353216 0.9250967409147717 -0.016340130483909632 0.1902996451030336 -697.472445500819 -48.97643989141116 -231.10477749768563
2011-10-13_14-41-10_987.jpg 0.07856533612216175 0.4796104507151407 0.09018857920359716 0.8692912766766201 521.7149941279014 -143.46326963651754 -486.78596274200123
2011-10-01_14-03-23_319.jpg -0.00507454281565703 -0.217920292391639 0.04888385511057682 0.9747283538959367 644.6283510614267 32.947918412707104 441.75311024325225
2011-10-13_14-39-31_519.jpg 0.07854107302651767 0.94852855777519 -0.012808680168066262 0.3065302801439258 -455.05866038658826 -40.08103400564764 -517.0858792357324
2011-10-13_15-28-57_199.jpg 0.06988976123562841 0.2480795188300407 0.11692076076046466 0.9591149614695195 680.3092985032757 -97.94106872357013 -165.44037164900888
2012-01-28_14-44-12_979.jpg 0.05538580213387303 0.6353221979387513 0.02854939590827111 0.769729205449251 226.22633772617857 -94.76043633327765 -688.3364094213061
2011-10-01_14-32-07_573.jpg 0.06356237493040871 0.7244312171425408 -0.0793097252164104 -0.6818131735370632 -17.032845249077003 150.90454426196177 775.795818450975
IMG_20140521_133816.jpg 0.029672482852350857 0.9978955995615767 0.003499069070596416 -0.057547134182834914 -724.8179657858129 -11.592331740915652 -30.193087379440506
IMG_20140521_133716.jpg 0.2625620164536761 0.9062046595945078 -0.08154296644747164 -0.32125542340624963 -641.7214379735485 185.49623212309092 330.6471040599061
IMG_20130210_163420.jpg 0.05102548995511428 0.9621862610205594 -0.03207544241787115 -0.2656410444035606 -734.4121780194514 50.07185668924417 215.96244370711267
IMG_20140521_133618.jpg 0.15337136899941758 0.9769312794264134 0.013276585681311322 0.14800753603165634 -695.5626716626937 -92.22325921694143 -322.51463156296495
IMG_20130210_163326.jpg 0.06097491400888478 0.9023100847890108 0.02648490833757798 0.425930886858429 -336.18411946927597 -88.19648739793116 -667.6624410661378
2011-10-15_14-27-51_352.jpg 0.046061962438321974 0.9787222304805467 -0.009484601114402892 0.19972764836450307 -571.6807308142974 -14.733465232250047 -416.36852300253713
2011-10-15_14-27-59_188.jpg 0.03179501616282845 0.7394122979551255 0.0015746265022462233 0.6724998521422182 94.71791999502013 -38.299738588965276 -702.2913576168372
IMG_20130210_163733.jpg 0.06854867320307356 0.8087221189767986 0.04559448620278318 0.5824008555176406 -84.90616742334775 -126.87409105027847 -762.9539654079703
2012-04-01_18-11-58_134.jpg 0.05796981472573004 0.9981614247279806 -0.006310963347402912 0.016536097099978605 -751.055860827104 -11.58133788067205 -190.01808188515506
2012-04-01_18-11-40_213.jpg -0.05084478608961378 -0.4788818485086683 0.1481391869508549 0.8637949780972114 268.27983202995085 207.481988108872 697.4387525499814
2011-10-01_14-05-51_548.jpg -0.3385218982659916 0.3258472802247045 -0.44928533484881666 0.7598481178856332 534.8943917192786 550.7142059874697 30.717165067281034
IMG_20140521_133704.jpg -0.011276406784763816 -0.1984253059178757 0.025758609835839226 0.9797125775658628 643.2144598602684 25.03627706820803 387.42992350531
IMG_20130210_163614.jpg 0.020670147174868606 0.18076161433111984 0.04356078078638186 0.9823443602817997 764.1154588191914 -27.111126715514253 -80.35139295932268
IMG_20140521_133236.jpg 0.07748889691729922 0.7806807161981745 -0.052624037251559945 -0.6178703754948869 -352.93973055582285 118.39017844669891 655.5056919542726
2011-10-01_14-05-02_890.jpg 0.07867477300257707 0.39145564495250057 0.08362910655549259 0.9130054384638384 536.6755453997295 -152.30804810575071 -471.593840002331
IMG_20140521_133657.jpg 0.011692666428789597 0.2262932176768516 0.06739247734794301 0.9716547304377977 719.1106733800467 -29.958307786020242 -230.45331595220736
IMG_20140521_134901.jpg 0.06241753849682319 0.35142938161970017 0.16729198820023175 0.9190292875128664 499.2961999193424 -179.60604184828242 -462.620277823579
IMG_20130210_163537.jpg 0.13984504700286987 0.756758728481343 -0.12468268915613683 -0.6262697635371364 -322.4420385948756 250.9789061699941 624.7619340325538
2011-10-01_14-04-27_991.jpg 0.1410334284015243 0.9723029659780894 -0.01484159136523631 -0.18578547195426712 -715.7223359467147 33.1848006802337 190.30735227567433
IMG_20140521_133638.jpg 0.20232253920782434 0.89493751249172 -0.0975787535537488 -0.38552668613019137 -597.6224742076838 215.20162678729457 425.5202544281269
2011-10-13_15-26-23_83.jpg 0.08616620596773959 0.5099976075761276 0.08180245446324323 0.8519308561494533 321.3674152798086 -149.79376136017666 -533.740532096406
2012-04-01_17-52-30_726.jpg 0.124090091940435 0.8702208088023162 -0.0801828532380471 -0.46998734350646365 -392.03499483153973 198.5240055777618 647.8515619761591
2011-10-01_14-04-16_647.jpg 0.008222144556387947 -0.29290392185181724 0.022387474417842328 0.9558443858138775 566.6730646411428 -2.165896635633909 491.1925657160249
2012-01-15_12-42-51_289.jpg 0.03010049995828958 0.35412271706211196 0.041893313652857984 0.9337751396530063 671.441318547885 -52.179056190155855 -333.84648181116137
2011-10-13_15-25-56_609.jpg 0.04378321353317002 0.35733467519508705 0.023142439482701234 0.9326625261104468 511.81952058163915 -65.71162074000163 -385.82932181323537
2012-04-01_17-52-11_509.jpg 0.10408467046919205 0.9438092923735878 0.019687895888606484 0.3130539694015503 -646.1809863887922 -78.37193319609652 -415.6870521473086
2011-10-01_14-03-53_317.jpg 0.1233962743890649 0.9195945790571104 -0.06943410445853043 -0.366467017306765 -618.2115490309433 142.50346227673728 423.8677539995428
IMG_20140521_134814.jpg -0.058286809604198866 -0.4485018644113269 0.15220857902475302 0.8787953538321609 455.93802865182226 155.40921208084453 531.8293110282015
2012-04-01_17-51-41_830.jpg 0.07242094189425469 0.5829615813436748 0.06763764626001245 0.8064342196737669 194.89813318036968 -158.28197610935868 -724.1166239878753
IMG_20140521_133925.jpg 0.0008525766844118762 0.07949038312203068 0.05670180971411112 0.9952213105029726 728.8491926620322 0.21080327724200862 -10.416460596267783
2011-10-01_14-03-03_624.jpg 0.035378320804398754 0.24381388888559385 0.01325266882213071 0.9690859243496606 736.623824608461 -57.78635367576982 -237.77247116073306
2011-10-13_15-24-27_555.jpg 0.11688624238881652 0.9008968794763614 -0.002878140952684748 0.41798819982702 -427.81071958798873 -87.32019748651912 -598.0218015544177
2012-04-01_17-50-51_52.jpg 0.28281983749884615 0.9419513987944491 0.014949945097112807 0.18032470980955717 -672.1143308870653 -80.78270784971413 -205.4554803827868
IMG_20140521_134746.jpg 0.11495517831614631 0.9072135722672486 -0.05342664926037397 -0.40111648485347684 -458.26244105420716 136.906240958901 549.3985664244553
IMG_20130210_163400.jpg 0.05336197551007428 0.8614314149777836 -0.038691468569326766 -0.503578580877884 -521.9796531013146 79.1957203819144 552.1751301399943
IMG_20140521_134319.jpg 0.13231222048573316 0.7011478382989986 -0.14214901945097108 -0.686060377392474 -22.58343526181481 281.493055181373 703.3449297488455
2011-10-13_15-24-17_508.jpg 0.05277160999446556 0.7112059122992541 -0.08983889722338706 -0.6952195912334921 -71.64330312920652 146.07022915515947 721.777845885506
IMG_20140521_133834.jpg 0.044247604464464206 0.6480745040699701 0.03647811951766926 0.7594148625554243 225.64228915452117 -83.52214466786594 -682.0744650452143
IMG_20140521_134734.jpg -0.06258604071072998 -0.5596222214060065 0.10863219864420041 0.8192099866545135 303.95040907904513 152.37384801447257 650.4133415941623
IMG_20140521_133824.jpg 0.16807959314715987 0.9449419188672055 -0.061770069703702454 -0.2738950142369303 -663.7741679919999 114.62105375259158 263.228211280291
2012-02-11_17-55-15_790.jpg -0.011182632820990171 -0.21787346062662113 0.14780477522518257 0.9646553023222361 599.0647352782579 112.36494846136695 460.38646541001503
IMG_20140521_133802.jpg 0.39003785765419297 0.9167721978237721 0.008459501265549537 0.08560165729841747 -696.3565549355153 -137.87457322861383 -178.3312467499627
2011-09-18_19-52-52_142.jpg 0.05929634055241127 0.8929072212637251 -0.05066033786763274 -0.44343451419496277 -582.8984166493758 97.01608768222017 492.0890689501466
IMG_20140521_133751.jpg 0.28746807186312034 0.9429601749624448 -0.031172028532542046 -0.16497430324526963 -717.9779072599993 51.67810577664256 131.67817992302713
2011-10-01_14-35-09_370.jpg 0.02476126977037847 0.8495636332876096 -0.06361230199767036 -0.5230506548596149 -299.0755790662831 86.94598363861785 634.5519637759264
2012-02-11_17-54-45_951.jpg 0.0483553192150661 0.8244850135800529 -0.051288089313268365 -0.5614764085694995 -420.67459409188785 100.18042806932989 640.4828541818657
IMG_20140521_134934.jpg 0.052586872100402596 0.8916837616237401 -0.034898066352692686 -0.44823745392824565 -408.5379448866799 71.14062556048947 573.5713504280952
IMG_20140521_133735.jpg 0.22377454847416495 0.924676666263648 0.04640471922992922 0.3045400078083676 -532.2044933394475 -206.97792723798284 -470.9712953087594
2012-02-11_16-12-51_455.jpg 0.0720164683081011 0.23134941933067213 0.2691628079843976 0.9321171907360921 719.3284174444179 -100.09760056067837 -144.85853871729185
IMG_20140521_134642.jpg 0.12439642742642579 0.7274516375091475 -0.11593501381091882 -0.6647546287928083 -12.29068954236235 245.26033944627295 712.26188803315
IMG_20140521_133725.jpg 0.03764040830211213 0.5487041696546472 0.04966591209840271 0.8336907286529508 386.65303954974684 -85.53970522250366 -626.0370827201021
IMG_20140521_134624.jpg 0.1117736388911021 0.9808421013138404 -0.015322310757077203 -0.15881011533386433 -705.6853977887918 52.604720344123834 280.6866216909473
2011-10-01_14-33-40_719.jpg 0.23671822606420384 0.8734055939415343 -0.14989117912887925 -0.39832120749466415 -445.0467079390958 340.79244056454183 492.97655636008636
2011-10-13_15-22-10_39.jpg 0.08334142086015822 0.9865536163867888 -0.038309471203027405 -0.1352721478328188 -754.202618016637 73.02829124217767 228.6891767676767
2012-02-11_16-07-09_767.jpg 0.09474571410793285 0.8977695664134359 0.03225587767331906 0.4289436019286602 -315.35601199810884 -124.2336916787212 -650.5712239918411
IMG_20140521_134611.jpg 0.047763893392242164 0.5640366431649558 0.08152917151288154 0.8203257096103015 234.12104476938242 -142.00684973681948 -719.1418524780596
IMG_20140521_134851.jpg 0.39090680339629263 0.9081576088911403 0.029994293753265202 0.14677183249473363 -687.8301624295581 -100.49905622036289 -144.7825312275901
IMG_20140521_133653.jpg 0.07106579548048238 0.5760581364395272 0.07791488741810049 0.8105775388407763 347.9201658263772 -152.2294160992074 -654.2602188966641
2011-10-01_14-33-15_675.jpg -0.006719620565302111 -0.47617456701996025 0.041691859818087644 0.8783361641465761 446.9505811932375 28.312989875785018 610.624376296672
2011-10-13_15-21-48_70.jpg 0.042552980073510535 0.7695069156405766 -0.08961833166355045 -0.6308858100306518 -121.18946755289447 143.66565900011025 776.8107497146632
IMG_20140521_133644.jpg 0.1894221549231102 0.9064829310931448 -0.08359160763179532 -0.36799508963381383 -615.6502895327714 185.08103361763855 408.51057473309925
2011-10-01_14-33-03_50.jpg 0.23626076459751488 0.8854203385871153 -0.1517970223787305 -0.37036379294556965 -493.94635546689494 343.5687294008209 473.12614105239027
2011-10-13_14-44-35_892.jpg 0.21954370422074584 0.21892162502713974 -0.09403095262891327 0.9460613426095631 668.8042857202604 -325.09247347127354 -118.09264277800838
2011-09-18_19-45-01_34.jpg -0.024440634164648194 -0.04528268360171614 0.1204254115207007 0.9913878424852336 760.8664035096543 72.50680430703169 187.25402648941372
IMG_20140521_133630.jpg 0.08952116835496512 0.530211661969711 0.11527661104387117 0.8352082715550169 419.9425995126589 -198.6019241123842 -608.3703558554832
IMG_20130210_163338.jpg -0.009566445030132181 -0.26947415234660355 0.10439503675507186 0.9572846184116147 543.478948856501 87.80282912307834 522.0307647424976
2012-02-11_16-05-59_783.jpg 0.05582837728926301 0.45884603446140143 0.106342479424997 0.880360599991866 538.7089034035764 -115.29105252631561 -467.7726270390074
2012-02-11_15-07-14_158.jpg -0.08653669786917968 -0.5297514940354221 0.11959901655673892 0.8352070579968766 234.33706136259906 222.94580061506997 735.6673089560135
2011-10-01_14-31-58_416.jpg 0.10043245311139375 0.9734013419148602 -0.05073318428694001 -0.1995727785357619 -717.5053971504304 107.41320839489565 328.6460586783909
IMG_20130210_163309.jpg -0.07461435884302688 -0.2880402179841261 0.2517208521051704 0.9209246130349367 501.9611730428851 275.4297728983659 477.22471979660816
2012-02-11_15-06-19_188.jpg 0.13244459922077928 0.8471801553938219 -0.09581508473841852 -0.5055330671486445 -453.2377533276703 207.33953756720638 582.4198302576658
2011-10-01_14-06-32_541.jpg 0.07768109541520139 0.6333104462933211 0.03792394523834736 0.7690548097557203 261.50921820446473 -137.80801537440976 -724.9587936944453
IMG_20130210_163253.jpg 0.04179191921080229 0.6119918080772402 0.04947546613379159 0.7882078663562496 340.02156224885925 -87.04910487859169 -649.0707620586322
2011-10-01_14-06-14_385.jpg 0.11541088541758471 0.9059905292081802 -0.07105516273593658 -0.4010145288649531 -590.4566322767262 149.24582788372263 475.8978759864246
2011-09-18_19-51-28_840.jpg 0.14556337660279015 0.933812780673815 -0.06368777328092426 -0.3205446327373917 -643.5183764341521 130.81494769945795 356.8078745024332
2012-02-11_15-55-18_225.jpg 0.09742258952623412 0.9883315380929234 0.00036930502457201896 0.11708746079183167 -694.7191135293198 -50.18996252701074 -329.77961276219963
2011-09-18_19-51-21_238.jpg 0.14372714177887824 0.9407171558788723 -0.06217584458941151 -0.3008785563991445 -656.9582971858122 124.22463439211273 331.8499381997594
2012-02-11_15-54-53_466.jpg 0.0814520265982748 0.874791059438139 -0.0764247733272023 -0.4714503406638046 -535.1593924017191 149.64931158659886 544.4515601827567
2011-09-18_19-50-03_845.jpg 0.12949114640446968 0.9907696231083051 -0.036645944199348496 -0.016268733891151476 -737.9995226686343 37.052476814657204 -35.81038731602206
2012-02-11_15-54-30_83.jpg 0.0753740596525728 0.8538566669973107 0.019280471228412626 0.5146608657989687 -253.4219558888979 -100.895763714227 -726.6722992249555
2011-09-18_19-49-27_741.jpg 0.09882869024995387 0.9920396707338155 -0.035568010291185385 -0.06946292765027798 -740.411634121937 51.43472309878978 74.15397452864502
2012-01-01_11-00-20_21.jpg 0.016833625957997856 -0.1136692013479346 0.08251413101924256 0.9899431094179949 631.7511316238075 18.05724332937456 316.0751725253734
2012-01-28_14-42-30_955.jpg 0.02892651748778661 0.2771478391294958 0.022841940881523963 0.9601200849834587 727.8309209299758 -53.900408040422754 -311.30675815962576
IMG_20130210_165559.jpg 0.12956439882934503 0.7748114524602293 0.09590936625203643 0.6112950786302738 -158.05172009816994 -203.4796458651314 -593.9542050425352
2012-02-11_15-53-41_116.jpg -0.47982685775294276 0.8699925048272374 0.10282808597834331 0.04801679765870459 -675.6138503939679 -55.93171186523289 -13.638717646097831
2011-09-18_19-48-09_199.jpg -0.09861708345632703 0.5992789475794507 0.7916805525965134 0.06619151364874767 165.03676429223518 -691.2683480013634 -56.582630805459374
2011-09-18_19-48-01_445.jpg 0.11243816733603203 0.8755676606498389 -0.10093730952679912 -0.4588579188548183 -401.9547681718041 217.52164992162508 642.1780008452878
2012-02-11_15-07-21_697.jpg 0.1340468477532038 0.8298479988938359 -0.10508177790442794 -0.5313582231336694 -432.56448615165505 234.45588522469384 635.2484345564643
2011-12-30_15-21-57_182.jpg -0.03985839550445874 0.9622248311744911 0.002888806509501267 -0.2693071431952435 -696.2290701924095 -34.81789461410447 465.50208172348584
IMG_20130210_165459.jpg 0.04293416744435627 0.8070329331399542 0.04132040184883481 0.5874922352545882 -211.3183149242531 -84.38732713704697 -628.9062812379773
2011-09-04_18-03-31_55.jpg 0.049516513793276526 0.9987613034895741 -0.0012549914082376557 0.004732706427827879 -730.8282675163055 -12.634372597881514 -99.48075769999842
2012-02-11_15-06-31_219.jpg 0.08791612775841016 0.8602014448712889 -0.02116738848569411 0.5018726635173604 -282.91012975080616 -62.19756565078034 -712.3955245701802
2011-08-27_19-07-57_152.jpg 0.140224053773042 0.9848058887119943 -0.009585938832691522 -0.10199355900413787 -739.7738900744466 8.050825659661765 70.38576198935978
2011-08-27_19-04-32_391.jpg -0.00820044095262309 -0.0630893717173221 0.08837745862283693 0.9940532725925026 722.9505980926338 31.07937549374664 172.8049714915282
2012-02-11_15-06-07_821.jpg 0.03172586589255456 0.010153166710874439 0.04929100596033317 0.9982288211480009 766.6631291487314 -41.591541545991625 101.60091306684231
2011-06-25_14-52-41_37.jpg -0.008609528651049525 -0.6530460532605343 0.049604822245737985 0.7556428322608596 -67.92945781537028 68.55020951736756 756.8394764984823
2012-02-11_15-05-53_430.jpg -0.06933422004134222 -0.4984552559598248 0.12144138569485148 0.855562454516208 275.0950227177364 200.30814344809832 709.3041451445631
2011-06-25_14-52-30_729.jpg 0.06397280335612585 0.8429108211748388 -0.0679978226001437 -0.5298916154259818 -480.35513760801626 128.44141940685728 579.5467205103906
2012-02-11_15-05-45_805.jpg 0.28288799664748454 0.7806797668241743 -0.2106671005929932 -0.5158806603778318 -409.7009911752478 452.24771771628946 496.78200446680415
2011-06-25_14-52-16_178.jpg 0.04860075296938799 0.41783390135994425 0.06265815279516648 0.905056215697917 617.7422367398743 -91.67350527608414 -441.64745787106204
2012-02-11_15-05-04_657.jpg -0.011758905500150345 -0.6839912081351388 0.0651536450705001 0.7264797023106009 -115.24842251814951 92.654187454311 760.3162608294703
2010-10-30_17-49-44_340.jpg -0.010134934652381413 -0.5084048544705794 0.07856517487359992 0.8574667925625001 207.86064218974036 95.26518706814514 742.4870846742166
2010-10-30_17-49-33_742.jpg 0.005643078581956795 -0.08133185501638847 0.10609421233658475 0.9910082255624271 714.4507563890701 42.42191144874166 296.9278703311899
2011-12-29_15-36-12_252.jpg 0.022356073333592012 0.3392498464542865 -0.0032607459683738813 0.9404249652160324 622.4498504031411 -32.346570267228905 -354.5748588339308
2012-02-04_14-38-27_722.jpg 0.05015021059863449 0.7586378560617508 -0.07699849036705031 -0.6449998389210174 -96.91246523654155 141.0931806938642 813.8440713383534
2010-10-30_17-49-17_523.jpg 0.023305505943877255 0.7447817779833833 -0.04797612807572993 -0.6651730960520513 -257.6696752555033 80.79640484091873 715.9125357122311
2010-10-30_17-48-53_719.jpg 0.011188758570015101 -0.00545836031416581 0.1223595573872955 0.9924077572753695 727.4732734019918 27.863335751633787 183.40516005478165
2010-10-30_17-48-42_201.jpg 0.04882558210819664 0.7435191131466093 -0.06693758735348432 -0.6635621676352339 -258.7117327323166 122.87090291228324 699.1741275056461
2012-02-04_14-28-54_541.jpg -0.01859867352971727 -0.30852358127914925 0.05238381609641467 0.9495910830187909 638.3812014354758 39.930528295986896 410.96026168028084
2010-10-30_17-48-33_797.jpg 0.06304648992722162 0.9809974910090339 -0.04222824858849389 -0.17856605994137237 -748.5240919672829 57.30183732387341 87.93664495474019
2012-02-04_14-28-43_650.jpg 0.0337217736233279 0.49418853729576984 0.03464676888276509 0.8680092931502226 344.8676393945545 -78.11613260838786 -662.4872510044045
2010-10-30_17-48-20_774.jpg 0.046278577114551724 0.5803232697364044 0.04360625749513822 0.8119000493964571 395.01636526527784 -89.02438704023119 -626.0863508620972
2012-02-04_14-28-35_778.jpg 0.2584200891816132 0.9548208361516171 0.004902253261134769 0.14667036602891936 -729.5789623277076 -49.58798466814486 -169.29155052273126
2010-10-30_17-47-59_875.jpg 0.06240069434789353 0.33657964129361867 0.17605471686738441 0.9229436792569227 647.6817314527592 -117.62369336671252 -303.5082905523426
2012-02-04_14-28-12_421.jpg 0.0231046468404333 0.9246237876137664 -0.0107502835087041 0.3800282332638391 -553.3386409550097 -4.1444974619485935 -488.0015330660997
2010-10-30_17-47-51_774.jpg 0.1233356081065001 0.9909889646240531 -0.04650168045892993 -0.023807424909942487 -707.6007470418119 28.081344628010118 -136.06037598080445
2011-12-29_15-33-41_760.jpg 0.06901265741840967 0.9969944746045892 -0.03397408723984695 0.009221286254518153 -725.2232584172081 21.82777284678756 -196.24178830263676
2012-02-04_14-27-59_72.jpg 0.034264606234453425 0.5415302068386095 0.04070007031096098 0.8389961120992242 262.77641580816163 -84.20909537119424 -672.9515830340055
2010-10-30_17-47-33_586.jpg 0.09359054731745836 0.9944794785198747 -0.0264900592680889 0.039365632417495224 -671.8160093963253 1.682712372328159 -211.79287810478866
2012-02-11_15-04-56_852.jpg -0.0062556638524680335 -0.036236719523705434 0.33144189554271053 0.9427587372742721 742.3468381501506 130.342197804768 177.24218553216016
2011-09-18_19-49-47_322.jpg 0.012321978478140564 -0.09540937689220748 0.16916542004010923 0.9808813793268173 711.7924207189211 15.1553692679848 182.55945818193086
2012-02-04_14-29-15_423.jpg 0.15197915144484211 0.9158366750735316 0.026988678830272016 0.3706981701214083 -581.1926565566113 -121.71161578740158 -486.16273955530136
2011-09-18_19-49-18_689.jpg 0.04933543206745627 0.8138775883753926 -0.06614669664351087 -0.5751468515137016 -269.77512085885417 115.68069324323841 686.5555058508394
2012-02-04_14-29-05_111.jpg 0.1273565545586062 0.8432964509473884 -0.09016655024503423 -0.514296993037495 -308.60817517265275 212.64547052815672 661.3812954044513
2011-09-18_19-48-15_986.jpg 0.1269815548574144 0.9654770536252432 -0.01242049749581179 0.22710234453010142 -729.6382023922655 -24.091137426610388 -311.25636356263135
2011-06-25_14-52-08_316.jpg 0.023772409871032848 0.8905367864812818 -0.00229596534301151 0.4542838682978519 -289.9805094402496 -22.299240918908655 -705.3471693417397
2010-10-30_17-47-25_73.jpg -0.002404453906455897 -0.08051212808795546 0.10859823322487341 0.9908170565611985 652.2258167033362 49.23069083667737 259.80641753012344
IMG_20140521_134310.jpg 0.12975014239124644 0.6395341955330307 0.10930831457712577 0.7498083792927892 120.81584555147917 -259.31947019774543 -697.1382452247158
2011-10-01_14-38-39_644.jpg 0.08009032792308776 0.6435306409398113 0.02687152772789127 0.7607442241268332 65.92238926998171 -106.42808108576197 -642.4266687236911
2012-02-04_14-27-02_446.jpg 0.20411579018800302 0.8226418999565711 0.1508444068970341 0.5087661678410348 -312.27109147999005 -316.72166209697735 -524.4353452388002
2012-02-04_14-26-27_329.jpg 0.022245936232951558 0.5211420643965324 0.019291850927633525 0.852961834741406 298.69604111992385 -44.93344797832404 -594.2820447716776
2012-02-04_14-27-11_868.jpg 0.05504104996020733 0.8580591657100165 -0.05953936546223757 -0.5071094703519773 -318.0216389319398 102.34415207096238 603.2365527016201
2012-02-04_14-26-05_672.jpg 0.02073672263667475 0.19917767140012402 0.037772838910289 0.9790155546213615 589.8663106829741 -41.51243186696849 -253.0778409590398
2012-02-04_14-25-57_611.jpg 0.08025545565554448 0.6810708755857925 0.09051276858326955 0.7221557747395746 34.5276660751344 -159.1313954434373 -622.6456437802743
2012-02-04_14-25-24_48.jpg 0.021572266872799672 0.19542674637605645 0.02241191560537971 0.980224836525649 601.2408825952241 -35.74860011867116 -219.33826387011518
2012-02-04_14-25-15_610.jpg 0.07403299833524599 0.55489332860184 0.08822303945838217 0.8239109201481609 266.7637869148775 -142.44557792761324 -564.3730137208627
2012-02-04_14-23-21_748.jpg 0.033640100034487065 0.07994572214577608 0.08558744171825022 0.9925481424094174 730.5501279798606 -48.59864045708099 -26.03577008350075
2012-02-04_14-22-58_90.jpg 0.12294032301180556 0.8888249549548963 0.01715449066475064 0.44111404407161253 -358.6871427933921 -124.99786257231221 -620.8742513189392
IMG_20140521_134138.jpg 0.09791498868052577 0.8004095048460982 0.06441571190711358 0.587884253576515 -188.69671113846186 -167.87897792428373 -686.5506074448721
2012-02-04_14-22-30_751.jpg 0.026172675631258708 0.4592150569967539 0.017401034137678184 0.8877689600840458 508.3267937675884 -45.175916483478176 -513.1592451842371
2012-02-04_14-23-36_467.jpg 0.03891415249337392 0.4982044836379887 0.0315423454858322 0.8656113802740699 428.3208828719203 -75.32172201344258 -588.3461329538139
2012-02-04_14-22-23_115.jpg 0.01680713384182774 0.13671078553176744 0.04007368957143433 0.9896574057599135 716.7035076500501 -23.616241874555868 -75.26510631481605
2011-10-01_14-34-12_690.jpg -0.19987602517092948 0.8820652800748267 -0.24273059615964243 -0.35084508538152864 -736.5796627945582 128.85012281548825 1457.334833335632
2012-02-04_14-22-13_779.jpg 0.25731008198176947 0.7924781748579321 0.14486351626785546 0.5336519706127661 -159.06685849471964 -388.144001221006 -580.5331787642856
2012-02-04_14-21-52_735.jpg 0.005909712685199359 0.47147874885592345 -0.023562013952539047 0.8815427931596581 497.5941828657123 1.68725424161773 -505.97638666697685
2012-02-04_14-21-34_646.jpg 0.033508222458689556 0.42173536756508695 0.040697282352863746 0.9051851799391611 553.3420891521214 -57.55602421742899 -423.25792609458904
2012-02-04_14-21-18_397.jpg 0.053368063202391715 0.963286403145549 -0.0050786175484893595 0.26306912207389915 -509.6645418865129 -27.801117510768773 -474.0763179089541
2012-02-04_14-21-05_53.jpg 0.06275107970799712 0.666237512279095 0.07829458607967209 0.7389586165802896 213.47754270776832 -126.96661964181108 -639.2504796859984
2012-01-28_14-43-44_776.jpg 0.15495720922141504 0.9866837007159249 -0.02716646092482214 -0.04129795942486442 -735.288734483108 18.284451259484126 -26.888040298063515
2012-02-04_14-20-28_124.jpg 0.07089723744450258 0.962541844682326 -0.01040802851006167 0.2614927377592278 -490.96022625616007 -28.020104382543508 -425.8839564353828
2012-01-28_15-19-19_648.jpg 0.06146649441598695 0.9669158872870315 -0.03491977154221353 -0.24510435845080586 -687.1644963140224 73.5177924412482 405.8854415212729
2012-02-04_14-22-01_386.jpg 0.027984021269823998 0.5447523370062847 0.007497095037145125 0.8380964022388865 401.1597608253557 -41.29649600415903 -586.9877227429828
2012-02-04_14-26-51_287.jpg 0.04986961942627184 0.7455241550565084 0.006473241394579352 0.6645787029625655 -91.37265804305797 -57.78491023065918 -672.4530030883448
IMG_20140520_211932.jpg 0.10555384016534515 0.9098633025537434 -0.053012764568946456 -0.3977396187018612 -615.8655661651962 116.46547151578021 460.64526936283994
2012-01-28_15-19-08_964.jpg 0.08681413702926814 0.986492914843119 -0.00018728188120280175 0.13890644154137904 -777.974010861219 -20.411771238013475 -179.49883638128034
2012-01-28_15-18-50_977.jpg 0.20053725028802394 0.9446256826699541 -0.0673199905331881 -0.2508687899318135 -660.2254641466589 184.80808480357464 384.36320329405584
2012-01-28_14-42-20_620.jpg -0.006341669555336982 -0.20885624027215005 0.07267421976895445 0.9752216732146626 664.3620889100413 47.97595627696553 437.50841810739814
2012-01-28_15-18-34_874.jpg 0.10094741536928221 0.8268005915354814 -0.07024765087711114 -0.5488858430612756 -271.72349423475885 174.1888508825103 721.2071813697956
2012-01-28_15-18-18_863.jpg -0.02589804122608394 -0.37436835807293606 0.11864633768086058 0.9192935714391487 590.3947926952908 88.03211689438128 500.21049273890395
2012-01-28_14-45-51_331.jpg 0.2171213813594078 0.9244270756204113 -0.06835186289561905 -0.3059753428875853 -665.7366378045308 151.30285481721623 323.9079307188749
2012-01-28_14-40-46_978.jpg 0.008177431509898025 0.04094606410942182 0.10471657183784641 0.99362517532034 766.7917256471297 17.80146384162107 113.48152101631868
2012-01-28_14-45-05_143.jpg 0.07821657008003341 0.9598654358837931 -0.0034366466228035785 0.269311534510722 -583.6572610181753 -40.54358662326645 -428.6907651114585
2012-01-28_14-44-45_580.jpg 0.04338261729384073 0.2533334007481279 0.07623885345154487 0.9633938830024396 658.4950907422271 -84.99463666740668 -290.6388575256326
2012-01-28_14-44-35_41.jpg -0.010339416046139669 -0.27058078323920665 0.0476237027749663 0.9614630097676583 584.7699149926309 34.103563164746014 435.89908668482946
2012-01-28_15-18-43_310.jpg 0.09633791324298797 0.9849575147621198 -0.00862596057655153 0.14318971118675922 -764.7277672296468 -8.833010194518938 -185.98717849686776
2012-02-04_14-23-07_60.jpg 0.052159724628663064 0.5806062315282482 0.03676970580939827 0.8116795893527929 324.90449482129094 -96.33093816222147 -646.5684297518538
IMG_20140520_211811.jpg 0.06423293491040218 0.6682245398046496 0.05760486249471259 0.7389396283138602 239.93804915363015 -130.04270675840604 -721.036591475151
2012-01-28_14-44-03_713.jpg 0.17708687641390572 0.9745082160931947 -0.044907199246350823 -0.130220268870381 -722.7049981723582 60.751379487293065 86.38957968486422
2012-01-28_14-43-54_18.jpg 0.11243510536175666 0.9492051316541065 0.006950358366088614 0.2938020722227534 -552.417639577897 -80.31542644995062 -473.8508028905711
IMG_20130210_165643.jpg 0.048126603373360076 0.4417155219900452 0.08623153382693481 0.8917036224299305 402.88998723816866 -106.75039352586737 -489.7278041007735
2012-01-15_12-39-00_996.jpg 0.2935404011580895 0.5617196875821249 -0.44045895418908243 0.6358466286340188 194.7102110152147 -87.13665622782973 -276.30392429988194
IMG_20130210_165635.jpg 0.11717840169512245 0.8877771934292096 0.04614299534747572 0.4427094995406082 -374.01098444130406 -126.65483522336277 -507.306740892652
2012-01-28_14-43-28_869.jpg 0.023103271061341434 -0.028090805355880905 0.04381040082065626 0.9983775810286696 725.045098058148 -27.539160687895105 139.64341499089113
IMG_20140521_135313.jpg 0.0813661408499636 0.9380112404089681 0.027336718919677584 0.3358082306738756 -505.48452436355603 -72.0119541376832 -391.8720035858759
2011-12-17_14-27-50_531.jpg 0.04932553251710974 0.693877666821469 0.028995715221029183 0.7178161490431363 11.267952499201805 -72.45645503961404 -609.5242808006938
IMG_20140521_135120.jpg -0.048326494238637725 0.8590371032488285 -0.2194949244362512 -0.4599367166721843 -497.80066243365695 296.71746757327895 573.0156510864701
IMG_20140521_135106.jpg 0.1607785686650321 0.6469581458984868 0.16066596250656717 0.7278611528344228 69.43216796368186 -300.7236058149016 -592.2190664288214
IMG_20140520_182921.jpg 0.08261821832853884 0.8859333566757993 -0.03340378259837667 -0.4551708523592977 -576.3242130412063 76.73886180801834 482.66568390435
2011-10-15_14-27-43_188.jpg 0.10019974281731756 0.5236350090539433 0.133662736300457 0.8354044899071912 440.6051052060561 -192.7642122035672 -518.3221888963261
IMG_20140521_135059.jpg 0.07902311266015288 0.6357667688034558 0.07108023385460567 0.764528327601985 114.89171482940516 -147.11025799120586 -641.0131184672715
2011-12-17_14-52-31_163.jpg -0.0053691364231258 -0.28477661865319404 0.1118011977977783 0.9520367335420972 665.5058631327324 41.42540352161245 388.6017557425466
2011-10-13_15-23-55_514.jpg 0.0037205678246627237 -0.07629166323729418 0.203281673980621 0.9761364149129903 723.1361164913877 28.047407811663895 149.33168847909008
2012-01-01_10-59-53_763.jpg 0.04125908556212076 0.5282327310055395 0.039252845806496774 0.8471877500584499 478.99204783458975 -75.50889922274872 -552.7711339137024
IMG_20130210_165353.jpg 0.3404231691120504 0.8097053360207165 0.18564539189485235 0.44048282965343105 -392.0615853714872 -421.9726610913457 -402.3469406177908
2011-10-13_15-25-11_586.jpg 0.1199489349462864 0.7001968332464154 0.1348971552658356 0.6907527815493241 -14.991418536487188 -256.3526032552122 -646.7840459680507
2012-01-15_14-14-25_544.jpg 0.03898525744325478 0.3337847802749995 0.05504771046994926 0.9402327476379828 530.2836110040638 -68.52995569073627 -353.03474198807425
2011-10-01_14-32-33_19.jpg 0.2719601966266291 0.9011798601408956 -0.11337884845997177 -0.3178958128839241 -585.0651201513549 302.0746367724601 425.2740283034684
IMG_20140520_182746.jpg 0.08089267372369269 0.9926157784001629 -0.0004955148206108233 0.09038830828117896 -651.2475138217549 -35.5463924603205 -282.9028189595033
2012-01-28_14-42-54_940.jpg 0.010516812129665383 0.11624189311378018 0.00990092845736601 0.99311589986448 767.015506212741 -20.15382501577948 -72.59493084838199
2011-10-01_14-34-22_269.jpg -0.028361301023713512 -0.5917117958879341 0.14238834731938285 0.7929680609955065 254.3939384542819 140.5442341197238 670.5399303357714
IMG_20130210_165620.jpg 0.07435119951509588 0.9438219066513197 0.026514941057227525 0.32088793301784657 -508.4009286506613 -68.51593563228009 -390.6837009608385
2011-10-01_14-34-35_331.jpg 0.05283066525834627 0.9698329368507187 -0.04800794784342886 -0.2330841743914274 -619.6332720173826 79.93208687071635 354.03676126628187
2011-10-01_14-35-20_347.jpg 0.28818113134822243 0.8729007539525722 0.10751243746055257 0.3787307553859072 -497.2552537438947 -284.99769414337754 -408.99271232788925
2011-10-01_14-35-34_597.jpg -0.034612324396650664 -0.5975662247221967 0.1001649877846203 0.7947852346975431 205.26280313877947 112.87120062709548 651.690320692093
2011-10-01_14-35-55_354.jpg 0.24060226611471233 0.6756323939320928 0.1975024654399271 0.6682994792420573 -28.937231519964946 -409.0555370808004 -551.1763865550272
2011-10-01_14-36-03_448.jpg 0.20953463239035353 0.8438608429847867 0.05857938948422603 0.4904717837283806 -359.6504567129764 -212.86049760067215 -545.0136096563114
IMG_20130210_165801.jpg 0.17564776835491105 0.08639286007416097 -0.03429740734978053 0.9800550102158704 698.9108766164962 -261.7366104607411 -111.50521023500335
IMG_20130210_165814.jpg 0.0917845922025409 0.6970658268427937 0.06587270928471313 0.7080505687122053 -33.74685986388979 -150.60593728063796 -638.7158166939647
IMG_20130210_165827.jpg 0.015456744276469734 0.42868630467387503 0.03532600309624415 0.9026301649882267 383.15522292799835 -47.570047741927695 -538.0405066821736
2012-02-11_15-57-14_674.jpg 0.030059638267023795 0.15712242264164783 0.12364042583939054 0.9793477459762331 712.7694742053899 -26.993115960937835 -47.55093420207045
IMG_20140521_134354.jpg 0.11854243462829263 0.7913485526153492 -0.10377258160640639 -0.5907168617643573 -218.77442842886938 226.5883340666115 702.6861804061033
2011-10-01_14-37-23_89.jpg 0.0728508167692661 0.4073887861393703 0.034880309196906684 0.9096760409367003 424.2496835544144 -109.532877218566 -476.2910175735531
IMG_20130210_165933.jpg 0.045318235597735776 0.6803978450580036 0.034138439848888424 0.7306432760844492 -15.669468762413842 -85.8371911314234 -699.5052406997212
2012-02-04_14-21-27_210.jpg 0.08033324067715182 0.6618847848553988 0.05909942064895689 0.7429416938752239 226.06080896014763 -136.77354795623418 -645.4822044722379
IMG_20130302_145354.jpg -0.0241159213254921 -0.35787425215504054 0.03324975421855966 0.9328659581244769 412.79295030709625 56.14683212598659 569.4214156782934
IMG_20130302_145455.jpg 0.0027744883325176014 0.15627535314698474 0.030378699565254554 0.9872423465522545 716.4189178986586 -5.598826683035584 -109.9364658079771
2011-10-13_14-42-04_627.jpg 0.07739145529362539 0.9963873068674647 -0.024962485426447398 0.024490236468245535 -710.6608807217035 2.2363492605084203 -229.07109651016788
IMG_20130302_145508.jpg 0.05435491365608996 0.65188912465953 0.039588803156379714 0.7553269750093108 212.11235832094758 -100.59016156280144 -687.9657276186608
IMG_20140521_134547.jpg 0.10887541800123339 0.7482237752254206 -0.10803477274484408 -0.6454733251037146 -70.39205200907713 228.21708707294215 740.1467177899777
IMG_20130302_145519.jpg 0.0068634166125435365 0.10650750385073866 0.08629155611295876 0.9905366285400514 730.9137562874638 -9.350704144011063 -51.17098385511453
IMG_20130302_150016.jpg 0.1641082967226286 0.9844356027333201 0.0019978002668027913 0.0628571381147533 -747.1573244356994 -58.78584684027133 -198.28884745891352
IMG_20140521_134606.jpg -0.028795783751235076 -0.28937479837278995 0.09388210873295162 0.9521655205712467 663.1578704098612 68.8727586964131 383.909741186991
2011-10-13_14-42-58_635.jpg 0.010732273006829 0.03467246274293878 0.07720752623789674 0.9963541722377995 762.8102132053162 3.8073582872157523 107.31647339402434
IMG_20130302_150032.jpg 0.08764922373598316 0.9796128763732477 -0.026300350664218812 -0.17884215827693317 -764.91019842998 41.549560314307215 163.1446519583633
2011-10-13_14-43-11_783.jpg 0.07444509265733736 0.4477671208775794 0.09888082344058036 0.8855422725064885 572.1903824535366 -149.6087821649065 -494.8004599003785
2012-02-04_14-23-47_959.jpg 0.03869263868247925 0.23640503311315722 0.1050888464408802 0.965179710926561 669.037577851958 -81.45758953270365 -262.2009327734313
IMG_20130302_150051.jpg -0.04377760949222086 -0.41838686566157535 0.07205973530970002 0.9043469168942447 415.98030896537625 116.09005245271065 664.1352971494345
2011-10-13_14-43-36_947.jpg 0.028214800221737 0.2543630527659591 0.019996202640638058 0.9664903074092279 732.8297695976943 -47.50639021895566 -250.9941502327603
IMG_20140520_182632.jpg 0.03968275475156222 0.6820726908446878 0.050903155503587635 0.7284304991823123 183.7020529923899 -80.19269803219706 -639.7233634353984
IMG_20140521_134634.jpg -0.06450045079314755 -0.5939133154055893 0.07421658342709275 0.7984976921543552 267.5147275168927 134.6656821749026 695.7874674139506
2011-10-13_14-43-56_197.jpg 0.06467505110215849 0.20734072189703098 0.11837652130220172 0.9689241260349234 746.5372985703106 -112.4213244781164 -188.69454217995298
2011-10-13_14-44-10_424.jpg 0.03833884026039788 0.4279876510011956 0.015802451287468006 0.9028327566339596 579.0061851589207 -68.73592101093537 -524.4385359116361
IMG_20140521_135306.jpg 0.04484810952999924 0.48409379325983 0.07643282373610018 0.8705170129610457 328.3224772226148 -104.54243095308291 -543.732584277719
IMG_20140520_182651.jpg 0.03434928978679024 0.7061760137908834 0.043942911546773135 0.7058360888778307 150.70478230877185 -71.27732542117282 -663.712222108116
IMG_20140521_134654.jpg 0.20516023572521566 0.9526525407784352 0.03528357573170448 0.22162464553643654 -695.6041733609673 -107.84752987414234 -264.066139822072
2011-10-13_14-44-28_463.jpg 0.10302425463180431 0.8647117132367771 -0.09143922942494893 -0.48300985835782945 -500.06014151231346 187.8605136826471 588.0207262982883
IMG_20140520_182733.jpg -0.014319458649841993 -0.13388168871772935 0.10003916371262009 0.9858310262178529 619.8659657953639 69.00410428465382 330.7836921711586
2011-10-13_15-22-43_375.jpg 0.08564429768744886 0.7674698672352103 -0.09112670095359193 -0.6287694184141804 -152.32490257333043 183.22723577141073 734.3740481362382
IMG_20130210_165337.jpg 0.023536372030444327 0.9087195412345335 -0.01272215205650684 -0.41654889438959586 -448.80878696617845 23.528626982189884 548.5896052140688
2012-02-04_14-27-51_236.jpg -0.061165935543186015 -0.24617182479981214 -0.05064005679493324 0.9659677767149705 650.3556064796747 56.34858101519752 393.9937799028275
IMG_20140521_135000.jpg -0.06555544414382779 -0.5873764218427148 0.09240985280620698 0.8013437726161536 215.74317236347724 140.43439538214355 643.0381468460132
IMG_20140520_182759.jpg 0.04625860783029116 0.36231624678901125 0.12042210042313105 0.9230848261368018 629.6330422616857 -89.6712268861276 -342.3171636421025
IMG_20140521_134740.jpg 0.011852713383922596 0.0865881011293498 0.09988455755356555 0.9911534134989296 711.9741379240727 -44.596015896731586 -160.7901371498878
2011-10-13_15-22-55_274.jpg 0.10435361136137804 0.7259209625239874 0.048308485168499574 0.67809687377602 -52.50071518284785 -169.61530603782282 -742.1074361175278
IMG_20140521_135007.jpg 0.0680240445755736 0.3793721575462893 0.1352051801651744 0.9127809456242807 479.2116176675182 -164.27327835845045 -466.79262816731057
2011-10-15_14-27-34_559.jpg -0.007004318287963333 -0.15711579366640582 0.10940433896311247 0.9814765700320823 605.3876761263106 67.18438441285699 358.6511863902815
IMG_20140520_182803.jpg 0.035810247291629876 0.7153555171458751 0.04128470434954754 0.6966201859439917 150.37830615467743 -75.83461498025262 -703.0153840413276
IMG_20140521_135018.jpg 0.07881575756818214 0.6652510139984564 0.08065655868221919 0.7380539846613658 63.80400229535971 -160.70473726331437 -665.7551691713161
IMG_20140521_135701.jpg -0.023655518039387546 -0.6817985487554977 0.015379972410650537 0.7309956305135031 96.44156420346873 36.106200199049916 763.7345126296882
IMG_20140520_182826.jpg 0.03858904102560608 0.548077219900737 0.05492586734175091 0.8337298099716475 441.1800881894312 -82.07101847848689 -589.1347395461349
2011-10-13_15-23-34_531.jpg -0.002866208680704028 -0.3688164343049464 0.09901982296659899 0.9242084706894043 517.7557881804616 59.190893310403375 535.300165191774
IMG_20140521_135034.jpg 0.16684612717236522 0.6588223929317386 0.1549795022436271 0.71700542418004 44.36782591521076 -305.4392616919659 -601.2539087458528
IMG_20140520_211430.jpg -0.0045584576046198795 -0.05994424900658606 0.10201313932276501 0.9929648668914811 693.4074494169602 55.14893723153676 281.8937498611729
IMG_20140520_182834.jpg 0.12082885062557087 0.984626714141455 -0.02105525231758436 -0.12436759628355154 -742.2293823027003 11.445527694251961 13.447274913626337
IMG_20140521_134810.jpg 0.0873828386878715 0.9820338141745196 -0.007669207615316674 -0.1670778578245707 -663.6153954484461 31.183265251288795 273.27498663036556
2011-10-13_15-23-45_574.jpg -0.015339655174449188 -0.5495507184211496 0.07427494380073126 0.8320107785271328 253.93504300326103 77.90567548169219 693.4800870222313
