IMG_20161227_172439.jpg 0.06782662835002135 0.9970004167239883 -0.013352405581008408 0.03480561454797237 -672.9098166734104 -5.3025296607675765 -199.31039367940178
IMG_20161227_172448.jpg 0.5408785467957352 -0.08826136719601203 -0.03234378253505982 -0.8358314473673205 255.53797177066943 693.188186988454 104.75390660446652
IMG_20161227_172456.jpg 0.107549951998318 0.8472887593858758 -0.36148030697296657 -0.37398763845110317 -58.02798791855304 709.7846297768095 1197.6016881501887
IMG_20161227_172504.jpg -0.47386241149345626 0.861591238352996 0.10027136465710683 -0.15185719079700646 -633.3678294472821 -88.16272487143063 468.5997156898439
IMG_20161227_172513.jpg 0.09022682253779798 0.9912992476170784 0.004165691040549812 0.09574742391679146 -645.9929002705766 -45.68428331308398 -284.15544894171904
IMG_20161227_172517.jpg 0.8716063433539879 -0.23601058182236048 -0.37425327920964163 0.21103523519495798 -509.7827875396315 -321.7255128499457 -40.066751157230165
IMG_20161227_172529.jpg 0.0736270752722254 0.5207768250962448 0.15264594873360648 0.8367017189923484 457.1512719311185 -166.291865336107 -521.5546471703268
IMG_20161227_172558.jpg -0.2639107614040596 -0.5257708440900984 -0.21848330619444167 0.7785763767507082 24.60592984236164 377.224830538244 1904.2391817602647
IMG_20161227_172604.jpg 0.11351994653382967 0.7780096335692813 -0.07739776354682913 -0.6130447112652537 -356.5182983122266 172.08305957446925 635.3592327110002
IMG_20161227_172616.jpg 0.45371800430349124 0.8876827832183799 -0.04897454449547944 0.06132489657543959 -697.3435581152688 -78.55028031576302 -92.99847356723957
IMG_20161227_172620.jpg 0.6272498759687919 0.2565790030502468 -0.49593145036829395 -0.5429335178698005 -209.16786298809163 864.5433744686262 764.2945736377167
IMG_20161227_172626.jpg 0.7295767633036419 -0.10105784125057272 0.6676606278795315 -0.10832518243079647 -38.28838837748246 77.14927284555709 2301.875818156181
IMG_20161227_172633.jpg 0.012872303268061349 0.48888972562951627 -0.4357045388526495 0.7556339688008155 477.6568956229059 233.04959328263 -367.6478776665834
IMG_20161227_172651.jpg 0.15980405761191005 0.9699063496666994 -0.058815521203932915 -0.1740260627391696 -727.3380647685007 120.88401865802894 240.38404972392726
IMG_20161227_172658.jpg 0.9870509343674445 0.11110264552133935 -0.025142817565316576 -0.11293579524398609 -716.1662906367166 139.60344349625595 224.7539001202953
IMG_20161227_172703.jpg 0.9602635150835052 -0.011577151571791911 -0.16205075206309705 0.22693502355682982 -701.8991797403855 -355.9715796186331 14.89175788473193
IMG_20161227_172723.jpg 0.10839003779620891 0.6806102373325745 0.11418303981626093 0.7155302495093769 193.67566663287073 -230.5760368100516 -703.4621107766426
IMG_20161227_172730.jpg 0.8850802317644964 -0.02991115101311434 -0.30407143484884097 -0.3511109068282321 -493.0834397651714 468.8947226802887 -270.2809331553996
IMG_20161227_172739.jpg -0.16445752738118366 0.8420437501377667 -0.052597823466083625 -0.5110278989529086 -583.9471294558501 128.2811029451407 1128.5525577464773
IMG_20161227_172754.jpg -0.20539456480066448 0.31540881194223264 0.8072635265866611 -0.4545942726678397 452.8426439034253 -618.7122340861034 -100.14791870621808
IMG_20161227_172811.jpg 0.015046902005258858 0.33980804528527486 0.04170640555809688 0.9394491251977769 679.073279779492 -33.728366860254155 -368.9526251052806
IMG_20161227_172831.jpg 0.08858427546375655 0.9222007445670594 0.009887057261463812 0.37629889577200615 -469.3467787837465 -85.45205271033088 -601.7692345012402
IMG_20161227_172836.jpg 0.6932002175534268 -0.16488990561284422 -0.337362665528706 -0.6152001376123346 -101.4140993086397 763.3732571656236 48.45351564416571
IMG_20161227_172901.jpg 0.6671340973787807 -0.5715394740732453 0.3513121640171685 0.3238124288909427 -95.44853995101306 281.8051921004556 1365.084486594822
IMG_20161227_172905.jpg 0.1826676129000871 0.9440539421023476 0.11372977276986654 0.249920460115045 -531.5937003395015 -183.46634052391045 -191.08277073011442
IMG_20161227_173025.jpg 0.20906645443226993 0.9306246447779095 -0.28635272495962205 -0.0907254378402661 -533.0565104809607 501.2925364837561 53.490071329765215
IMG_20161227_173032.jpg 0.10951164032449408 0.8663979074834882 -0.14029216224892943 -0.46656186701571756 -425.8177631058004 298.6832281311326 647.4328568238542
IMG_20161227_173116.jpg 0.5804027284364702 0.4157042098758746 -0.5240506861944043 0.4644282086761632 3.901361957262853 -128.50507488123867 -647.3253301636471
IMG_20161227_173123.jpg 0.6971095020798453 -0.6015714104591031 -0.3892664051953041 0.02493684050879795 -486.0459324792914 -359.9628861604325 -290.50832713588096
IMG_20161227_173132.jpg 0.42947142194837684 0.7918856864690977 0.3949002738528053 -0.1803472511739067 -430.66278713469325 -381.0769766266621 475.49478034633665
IMG_20161227_173137.jpg 0.12855498321284403 0.9025678821395527 0.03139859589986235 0.40970594649917524 -466.6482774890079 -130.73205538096403 -553.9712407582713
IMG_20161227_173141.jpg -0.2968896310123743 0.3247135389053435 0.762871254430959 -0.47375638656575314 357.1744952396475 -554.2505767724205 -76.08623771311142
IMG_20161227_173158.jpg 0.818668771321276 -0.03419356131252875 -0.32447637822948966 0.47257520374978607 -100.63165559751745 -773.950481695028 1633.529191639893
IMG_20161227_173202.jpg -0.25333483425970166 0.5263037508145946 0.7500728271930744 0.31018797129432163 -385.78622191348984 -466.05820041581364 2227.0281121332278
IMG_20161227_173206.jpg 0.8730345133535138 0.21483002995663183 -0.09451412892592005 0.4274644735598513 -444.7353188820911 -545.4883315601433 -202.9545429666241
IMG_20161227_173209.jpg -0.38988362908125046 0.7509388486174698 0.5328997255734885 -0.009974161378460416 -334.64654413857244 -634.810438265243 88.19169961357541
IMG_20161227_173326.jpg 0.8158934381247642 -0.0369850066342954 -0.2866041794723063 -0.5008073993245494 -318.51634948474924 667.5123298902633 -182.67763002707207
IMG_20161227_190424.jpg -0.3552435386144278 -0.08178861109807 0.9059663071190983 0.21526193749088998 610.1786307401165 158.26390345253856 -169.63338552935784
IMG_20161227_190941.jpg 0.6637472803106907 0.0017741829740382316 0.6100317040762678 -0.43277906624135726 110.38668545131468 399.0908639313627 816.4554804130996
IMG_20161227_190948.jpg -0.3783769662268947 0.7584105176658694 -0.17065419038341323 0.5025151793003878 -57.39597747866471 539.142090991196 -240.61248020024055
IMG_20161227_190953.jpg -0.22657571530121903 0.6361280985641741 0.3143838488616609 0.6672085753554114 204.07092133453997 26.055568658991056 -573.3872110741211
IMG_20161227_191024.jpg 0.15576498969178484 0.7527809501824639 0.12850899149553227 0.6265329585373033 -4.330509650711015 -283.2571999252053 -655.0104555338665
IMG_20161227_191029.jpg 0.6057214732605766 -0.1393350038727812 0.1099227279523639 -0.7756315152224795 192.0613517805986 700.0849047293574 111.11346650109634
IMG_20161227_191046.jpg -0.06668934938585344 0.8463454072385094 0.1920411257604007 -0.4923130999084333 -435.9718058062971 -274.5241732982915 591.7504419811773
IMG_20161227_191052.jpg -0.08434001141376263 -0.4381781274469758 0.8938238248346013 0.044335778552218826 445.80974102209683 594.4931155512653 -87.0367060234653
IMG_20161227_191109.jpg 0.011145900612528447 0.12979800713311326 0.06241890343026152 0.9895110543790664 734.1141029187663 -22.284598557792847 -105.4700154281458
IMG_20161227_191118.jpg 0.0009637625897176425 -0.33737382334031263 0.8280070809468352 0.4478640958910544 582.7359922070616 467.5466399317844 252.10512453675472
IMG_20161227_191129.jpg 0.3292806656976349 0.9195556163687695 0.14470165409049823 -0.15828184641912912 -665.0641838864531 -27.57076801849973 579.4770505959851
IMG_20161227_191143.jpg 0.6377292883821278 -0.413835852801178 -0.4131536524778001 0.5013434961383262 -312.7187521328335 -651.3255566246341 147.87635152811424
IMG_20161227_191152.jpg 0.01885889662570561 0.2386429573012351 0.049456491151085656 0.9696638265046317 692.9339002149121 -41.05309325570808 -261.304945743429
IMG_20161227_191156.jpg 0.23155347973105592 0.9518901013948244 0.15524782975797927 -0.12722551727710862 -705.2600542182962 -164.91612418515086 395.61945458166946
IMG_20161227_191215.jpg 0.8102184195488982 -0.5361345941385502 -0.2126123995298026 0.10441157578428399 -691.1390066939589 -190.67934471719505 -27.8347420299038
IMG_20161227_191228.jpg 0.06958390002764624 -0.08615344402393764 -0.32062947612592635 0.9407084585454576 706.7056637857314 -215.1783689909829 253.33487522145836
IMG_20161227_191239.jpg 0.06390250989972611 0.9241251431647336 0.001317040204034823 0.37670605835900356 -467.1373247083678 -54.947349167701105 -603.0346991621279
IMG_20161227_191254.jpg 0.47835546865180134 0.7577275783861905 -0.06620730442404797 0.43890950707955334 -352.974307109548 -327.1459885304416 -485.14679810871496
IMG_20161227_191326.jpg -0.1739467027184055 0.39026133874249025 0.8297864374249797 0.35901685247613985 481.1050737208428 -345.54497720765283 -462.33953001948925
IMG_20161227_191341.jpg 0.5975180978845476 -0.42363037495611433 -0.6192593882497528 0.2828908591303659 -100.3357359903725 -604.8424765987897 -299.91512287236236
IMG_20161227_191347.jpg -0.2622033839944414 0.7933033108324519 -0.0634378596125957 0.5457974719728065 -419.33263915382514 356.6285530401141 -380.2054953446649
IMG_20161227_191355.jpg 0.03435439920444472 0.43468198993393675 0.043034499003437005 0.8988989791839225 500.5421083368144 -73.45622010359844 -521.8941631911204
IMG_20161227_191402.jpg 0.5089607727254732 0.11365050996671316 0.8061119485139646 0.2796891486525972 411.8719464586413 -303.0995416828147 530.3438787117689
IMG_20161227_191414.jpg 0.6517111827095627 0.7101714434339612 0.2661667888918744 -0.009181271873537223 -576.848318642406 -386.2068176731195 275.04730759300793
IMG_20161227_191422.jpg 0.6704267037475302 0.32836091726134536 -0.008055376788335492 0.6653136507109314 228.525166176236 -608.408809052137 5095.307869430159
IMG_20161227_191533.jpg 0.0542488133758568 0.7069561743106247 0.06765131668044456 0.7019211730691698 43.49344094322352 -112.89904600053772 -631.7062502842176
IMG_20161227_191546.jpg 0.8424661702937634 -0.3503035426127213 0.234468922406178 0.33550335969886036 -373.5547742789019 -229.87532405903306 574.0351147448637
IMG_20161227_191555.jpg 0.08033480933335292 0.6649620772557475 0.09229311072267653 0.7367860856003098 96.98992613790224 -158.3599647043654 -616.7208446280104
IMG_20161227_191611.jpg 0.053606710637958487 0.6292891248789845 0.0718147142512372 0.7719871531966276 143.70992878497736 -115.773938283601 -616.9696459941299
IMG_20161227_191631.jpg 0.2121037943409583 0.9585045772087272 0.027166694497305764 -0.18852831778323847 -686.8837163320351 33.927338944147486 333.221736346801
IMG_20161227_191640.jpg 0.0009668251450937617 0.5342379089213178 0.26727549855961885 0.8019680353918252 284.9328550072175 -268.5301340508648 -290.28157149085797
IMG_20161227_191658.jpg -0.2402642109542604 0.23333378886526118 0.9085821714510567 0.24961348046447943 514.4151053401803 -210.65223293584742 -324.4673943979321
IMG_20161227_191704.jpg 0.505185175337138 0.15099748259070145 -0.8480960421555476 0.05216130894591923 285.2922374361635 158.11293718747518 -514.2511145904
IMG_20161227_191720.jpg 0.5060034764485154 -0.163489797335573 -0.8089964889055853 0.2505119736212734 329.9475756130679 -323.1393552657945 -301.2654030976544
IMG_20161227_191723.jpg -0.07199480808421464 0.7130572037424504 0.0755586144517942 -0.6932943585390261 -13.702153386865325 -115.4060322768077 687.2542384032544
IMG_20161227_191752.jpg 0.030427210090456763 -0.0817933575996764 0.9919593321122183 0.0916554143199632 675.0419930710705 161.71909368703186 219.20388941978948
IMG_20161227_191759.jpg 0.7571803333773097 0.050383228608569156 -0.3858096026078285 -0.5246812590108324 -58.526411354532144 504.037496352372 -161.7640019310702
IMG_20161227_191808.jpg 0.8397767554219961 -0.004990722649195858 0.4257050324545353 -0.33693518528528094 -347.79824384288554 408.24777620901244 648.1836759588566
IMG_20161227_191819.jpg 0.28559015235216473 0.12109284126402266 0.8087183867858462 -0.4997492966964256 551.8444259042402 78.95506961712803 428.4889250005956
IMG_20161227_191825.jpg 0.7671078312013093 0.03619334202883621 0.6102487761940272 -0.19450462322551482 -85.96447954312475 179.205929837544 742.8067798372879
IMG_20161227_191835.jpg 0.5713354552863725 0.19552535108117552 -0.657195166100714 0.4510433995428294 193.2154665732875 -171.2832763582183 -495.0490015271222
IMG_20161227_191843.jpg 0.5520534206322782 0.006867498626103669 -0.706093349272711 -0.44342083886942735 339.251376292894 315.1691661055392 -429.68013167200655
IMG_20161227_191905.jpg 0.32754210642374854 -0.2779214663099648 0.8578869340582983 0.2819677915217732 428.519157679442 188.72685817704496 531.3735346551668
IMG_20161227_191920.jpg 0.6726263226883146 -0.26890860935523775 0.1357408355839596 0.6758967490648229 -25.579677457424506 -598.8815451903967 400.8819486167026
IMG_20161227_191954.jpg 0.15841097512890462 0.8832948613195157 -0.06744448941097152 -0.4360589315371724 -424.63297197255747 196.55101287770844 592.3010280533694
IMG_20161227_192015.jpg 0.41226250232870676 0.6100915004056379 0.535363211384758 0.4137804033569853 -85.53727503937796 -711.971483488147 -36.319258727387925
IMG_20161227_192026.jpg 0.831135366700972 -0.08163439585225786 -0.18773781736766657 0.5170148349541841 -321.9116009471571 -662.5431300129281 -5.354521938717912
IMG_20161227_192030.jpg 0.7585605798179332 -0.32456006253948216 0.27998562634392116 -0.4907694586987362 -139.6812227152194 759.5210137932962 354.34151225803913
IMG_20161227_192112.jpg 0.9922110240128545 0.10036803588828083 0.022463250411847893 -0.07027761791798377 -759.6066836376748 126.47764949755566 33.80791678748716
IMG_20161227_192139.jpg 0.5927566763163378 0.16262692277492305 -0.7189939184488158 -0.3244067692030875 193.21454526737696 470.20441404099455 -526.5495582731172
IMG_20161227_192148.jpg 0.2362459597821566 0.4832673300062026 0.4390705286693018 0.7196232382916382 282.22017880214617 -605.1496169615199 -352.5636991941931
IMG_20161227_192153.jpg 0.849918722306035 0.3616453809024139 -0.3401581174218887 -0.1764744715181824 -501.5398797501176 462.4124836424136 -343.8408612470868
IMG_20161227_192201.jpg -0.02159887169448772 0.302928720741919 0.9266571211288508 0.2215271061346224 627.9746596828578 -438.1788158273129 5.340879821338599
IMG_20161227_192213.jpg 0.06981662328004014 -0.44974568868559234 -0.3414190668285748 0.8223669955855479 446.51289165736483 -303.89246067107007 580.9847518287667
IMG_20161227_192220.jpg 0.9840726493703346 0.1695949387862633 -0.01579458015072755 0.050883285440276926 -768.0771482067768 -44.5933479159046 -45.035106563930256
IMG_20161227_192300.jpg 0.15114602404563848 0.8529411356933755 -0.07635121214662216 -0.49377807855455835 -314.6041055289029 210.84703460930442 638.5941148053296
IMG_20161227_192304.jpg -0.01211777839782416 0.10190160605455706 -0.018665198609457288 0.9945455406823123 707.9946197051676 84.26731136011453 37.751677990305595
IMG_20161227_192316.jpg -0.15810620564808284 -0.0416559724883276 -0.07922745347292699 0.9833566079036704 798.7545120019715 279.28141632623664 556.1471166282677
IMG_20161227_192330.jpg 0.2473882866274132 0.675518241519652 0.16670871494540723 -0.6743013757771825 -167.25571835587652 123.47465747798681 1177.0356639498868
IMG_20161227_192344.jpg -0.23974588537100694 0.8215893203220431 0.49722352263320013 0.1424137202683335 -394.75109986471233 -536.7011084890622 -212.71444462290594
IMG_20161227_192354.jpg 0.1692970420495311 -0.2869824541896196 0.48217220598757166 0.8102404250058504 447.7929200669813 82.32617686535453 865.2313902389168
IMG_20140520_182846.jpg -0.387138105632636 0.213832580387347 -0.020098710192849135 0.8966581046199531 493.7130287705947 525.4182909217526 -81.70536882472084
IMG_20140520_211432.jpg 0.7732467009743831 0.273820923237559 -0.4452219828274506 0.35901118009994737 -329.6768016201012 -317.23075058782433 -493.3465232106201
IMG_20140521_135037.jpg 0.6585307464303899 0.6470864347681154 -0.3376149116552924 0.18339185743350822 -474.4400684223159 127.4757426937794 -432.4934490817289
IMG_20140521_135047.jpg 0.21143286960130006 -0.3098825428991553 0.8895256140259743 0.2607932768501253 479.6133330858833 293.8465322657026 365.88024755356696
IMG_20140521_134943.jpg -0.48552342254390357 0.48246457535548487 0.4715518508069623 0.5559980141051174 67.44727630771494 56.34415937513623 -611.6546271210669
IMG_20140521_135321.jpg -0.0845543295917352 -0.2211759334496886 0.9389500473816615 0.24960885467452296 601.7093797745233 293.4777611590684 -18.344699861673504
IMG_20140521_135225.jpg 0.09672981735134589 0.5287130948402885 0.11525002067349063 0.835358149846124 293.71889581810694 -185.0739253013764 -544.5077864600509
IMG_20140520_211801.jpg 0.03577489513219443 0.3683799498754094 0.09477268710450408 0.9241398742544676 662.7811593731317 -77.29570275037602 -384.56550355655844
2011-12-17_14-28-15_257.jpg -0.4260502069052892 -0.0915764470627333 0.8100508294551011 0.39231700095513206 459.7417806451098 326.6657573530128 -265.54212563987187
IMG_20140520_182958.jpg -0.14769787344291588 0.9779306357911395 0.1407350294502586 0.045062858844207895 -695.2636408627005 -83.14732956729128 664.6592170738946
IMG_20140521_135040.jpg 0.753497051279792 0.05835017574658198 0.4328691092573334 -0.49138761172191164 -127.62897755336637 485.0847201528934 681.9591572730179
IMG_20140521_134826.jpg 0.6246660800175552 -0.08440638362454955 0.09086904090218813 0.7709803293758172 141.57865540187058 -582.2136928566777 504.0834466582356
IMG_20140520_183007.jpg 0.7824137103925114 0.39408097863683383 -0.37440530723683413 0.30389082575713006 -473.6468803300978 -302.8310054702875 -551.8480646443531
IMG_20140520_182943.jpg -0.3213456412188141 0.839511473643567 -0.430754813373823 0.08004845561132702 -366.5777048088389 629.9399009858734 239.50156777069515
IMG_20140520_211910.jpg 0.6806184784028825 -0.2852089347577791 0.2563404445585112 0.6242627066183137 43.508759414065544 -501.0401515149673 845.269850979485
IMG_20140521_135650.jpg -0.21561174780514716 -0.5570268667293067 0.751969454171258 -0.27888094940945923 203.038161870181 577.0202655938066 -404.93066072646803
2011-10-13_15-24-05_816.jpg -0.4752906995424713 0.1850677675924946 -0.05574454820672261 0.8583363080238345 368.3707915339119 631.5101774981937 -145.1733429469402
2011-12-17_14-29-11_706.jpg -0.3239750126820511 0.898537712398915 0.24381900615856505 -0.16799542490924976 -552.5717827276432 -379.3766023413952 320.14346821355247
IMG_20140521_134821.jpg -0.09808553004847632 -0.36849668635075383 -0.04609970604182292 0.9232898992442625 528.2183580506301 109.17297673094967 566.5053736897411
IMG_20140520_211723.jpg 0.8851556393075789 0.12882592208448573 0.20441569847445704 0.3976400359851521 -332.9880834905546 -553.4630518661473 382.246959347581
2011-12-17_15-01-35_152.jpg 0.05143198956310187 0.861935330546458 -0.2497373024405965 -0.43823910844999164 -384.1106681826234 358.4449236128691 529.2305110153682
IMG_20140520_182904.jpg 0.031998305286166234 0.43986607266651023 0.06391851055943024 0.8952141478906697 587.2385331802566 -67.99758307211034 -463.78888355797443
IMG_20140520_182849.jpg 0.5406379012740772 0.17437624915644856 -0.11313610926392381 -0.8151710275866718 167.58722541458218 667.8233081743758 289.10028584315774
IMG_20140521_134925.jpg 0.31203083435272805 -0.44577645801597554 0.039643371683604545 0.8380623550628122 315.21485852028644 -329.5120379223685 585.8665741642981
2011-12-17_14-50-43_241.jpg 0.1097969158924828 0.7101681875570918 0.6423636331616988 0.2664108583254015 -68.44470545267694 -700.5665132838391 -58.30922421463086
IMG_20140521_134908.jpg -0.41740754765098353 -0.30663875622020703 0.7067587044812436 0.4819084414987051 381.1881623968764 573.9056227716907 -78.97429299745595
IMG_20140521_135013.jpg 0.5116948005716363 -0.5169318913220359 0.3760297889720703 0.5740657180217229 -49.33686652312501 -138.02701525142643 754.4702576209928
2011-12-29_15-31-46_760.jpg 0.5004492322209074 0.5833944418755868 -0.4179195132948946 0.4842982258542098 -86.99024247977653 -121.43885472902632 -750.1162021661885
IMG_20130302_145312.jpg 0.022195586725273567 0.8004005212968196 0.013130292147040831 0.5989106418037952 -45.99948165896095 -36.00570290812501 -708.9850393778275
IMG_20140520_183040.jpg -0.03919614623115886 0.7231321304711373 -0.6339601039278749 -0.2713635396081383 -60.605182840542994 770.9143048619862 298.43632540474704
2011-12-17_14-53-09_639.jpg -0.23598529527910644 -0.278484341315305 0.7993974512794665 0.4772013484286345 475.12841237481206 419.4757501435577 221.75511824378134
2011-12-17_14-53-55_436.jpg 0.23856939632552568 0.6407825752590305 -0.1980385224033278 0.7023269025358391 132.6287468668642 -79.97753531423447 -533.6574230746496
IMG_20140521_134950.jpg -0.12130766604896659 -0.5867721004294739 -0.09214696541634458 0.7952935867212152 182.2913611757438 55.86035572552041 809.4881185681779
2011-12-17_14-50-59_577.jpg 0.3950446656893963 -0.10210687664714 0.15940582127218877 0.8989458726732427 445.3080472194019 -498.52586168559725 379.6811509087301
2011-10-13_15-26-30_438.jpg 0.8512962003653753 -0.05947418845496579 0.3504451542699136 -0.38593496084163526 -303.61298006985567 457.9312611662573 412.12594508049614
IMG_20140520_182925.jpg -0.4838294718283563 0.6516067571422026 0.5312272665915392 0.24313631457805326 -270.87976099639627 -151.76997075478064 -640.8478911631249
2011-12-17_15-02-30_957.jpg -0.08607775645570895 0.7185453264499024 0.6773301786484681 0.13231425763155305 -93.09938262729 -700.1629088938533 -80.27528433045784
2011-12-17_14-55-12_175.jpg 0.8243120147617454 -0.20073202377602314 -0.5189451409084924 -0.10446194368132113 -331.61162214929533 -4.305632332952284 -606.5325169402469
2012-02-11_15-54-04_6.jpg 0.25007264152406705 -0.594962775818857 0.6627766912473938 0.37974995311422094 123.44383159565221 573.0150178636272 594.8347225818829
2011-10-13_15-28-19_661.jpg -0.016766197479401855 0.7245491286696009 0.16084237442345864 -0.669982973929956 -131.3673411677909 -118.19045115306666 1159.6109508098918
IMG_20130210_165919.jpg 0.5329984229144794 0.22708915936241153 -0.33414195032237576 0.7434328159998788 399.5264728650579 -663.2555470423273 63.50981137564707
IMG_20140521_134324.jpg 0.7830404379709893 -0.2776376670459619 -0.4554173259954166 0.3199375837919974 -191.6728491068326 -448.9600107603865 139.48414325596855
2012-02-11_15-05-20_118.jpg 0.26417224118015253 0.8036380390440149 0.35917463819965445 0.39417319602617956 -250.57836050740283 -620.6893929342259 -280.0013642838257
2011-10-13_15-26-38_609.jpg 0.06302882209205699 0.5156321807328004 0.05246751839024383 0.8528762989392975 323.9187963152266 -106.9359150308778 -545.2915546399539
IMG_20140520_211951.jpg 0.609281084142087 0.2884745396795289 -0.06728332700351618 -0.7355487437081683 -5.912264416440474 682.8725272603608 402.4134632743013
IMG_20140520_183030.jpg 0.937715068486192 0.12701613716058158 -0.14145588926171498 -0.29077067016450964 -628.8622851872415 397.2529692404671 26.971765214063442
2011-10-01_14-36-23_370.jpg 0.8283799522204361 0.2690828099826362 -0.14669728427509687 -0.46889338118321505 -439.97438073809536 628.6917056958471 268.11538667916034
2011-10-13_15-24-55_789.jpg -0.30289927016660934 0.9389084284412285 0.05145218724940278 0.15509889606896035 -727.6161236435997 20.384237544211842 -136.7041328661516
2012-02-11_16-05-30_275.jpg 0.8009679982411483 0.16625367969688068 0.513716781886147 0.2586601008840665 -87.20973809037646 -400.8332909515217 663.002566799716
IMG_20140520_183033.jpg -0.18203986276095716 0.10063650356145024 0.3372873769768529 0.9181345260085652 660.8645038683944 299.74740084652734 -104.8369424512768
2011-12-17_15-02-21_722.jpg 0.35383240750509726 0.6995163550979042 0.029580173011299192 0.6201649052585212 -124.54657849372757 -373.04607568691233 -597.688801054966
IMG_20140520_183130.jpg -0.016331602002866968 -0.2984220365977348 0.06651880815770085 0.9519731167476103 487.026908558592 76.40393959407993 591.2965524928223
IMG_20130210_165751.jpg 0.056977894208613 0.6057159384333968 0.06769499311929814 0.7907459196264498 139.29302772308256 -119.08304310511065 -621.9082395005657
IMG_20140520_211943.jpg 0.3554870720037944 -0.21962097427317553 0.18856183459943254 0.8887294322964481 496.2854583100553 -343.365850148816 722.0036103863928
IMG_20140520_183020.jpg 0.5328529268719259 0.8388985895908243 0.03621202105692245 -0.10490759856902898 -720.9859152251944 -123.33311115189632 122.80009528776063
IMG_20130302_145337.jpg 0.8782231368421134 -0.1026879667649411 -0.43511733379658746 0.16985938074368936 -514.7553671461073 -277.86259808630143 -359.516450844051
2011-12-17_14-53-47_244.jpg 0.3097945236541928 0.28589024977119115 0.890749926341041 0.16987844749428258 539.0061446024247 -471.7030827843546 428.58923077687444
2011-12-17_14-54-02_921.jpg 0.4017423556720601 -0.2695832300421419 0.845264793292183 -0.2268378076067414 383.1237771835212 457.8823941707335 522.3849354389382
IMG_20140521_135837.jpg -0.1920013414045847 0.8788709900951959 -0.3664169308132743 0.23761292153691954 -467.22851727472346 554.9915881656715 -142.28190680566522
IMG_20161227_160049.jpg 0.01544233990404713 0.7647676634287371 0.6235559727600011 -0.16146177240252943 -165.47663084601092 -708.7462922487047 69.88606074481551
IMG_20161227_160059.jpg 0.6079350503270834 -0.2320118862857126 -0.6122424189713335 0.44915997107721184 -72.39366269193002 -642.5198646141401 -216.74699437183486
IMG_20161227_160208.jpg 0.6485521267640303 0.5629707636219703 -0.0693871381475477 -0.5075721458437629 -481.9042543129181 457.241697568916 449.3748982197684
IMG_20161227_160401.jpg 0.5644087552778709 0.006115829326858887 0.05102907201428493 0.8238940389435345 271.9464805778613 -677.0420122316532 124.18584509618749
IMG_20161227_160415.jpg 0.0842885260049525 0.9769863014227863 -0.015597604812220493 -0.19532006026073925 -708.9030899805093 31.633704632427893 222.62202948453478
IMG_20161227_160457.jpg 0.7287013878690647 -0.3022832979330852 0.549848775625745 -0.2743818854284384 -162.37373340992136 548.4253308882421 535.4351097182977
IMG_20161227_160507.jpg 0.6703175610494652 0.32195561761793334 0.5128179396926623 -0.4289949980621273 -41.24656824886481 264.50432570335573 1165.8457621292232
IMG_20130210_165237.jpg -0.018705496201788963 -0.40902591694597484 0.042708891327822546 0.9113308149513533 546.2561061346271 44.88160967491359 572.2291422108137
IMG_20130210_165320.jpg -0.07927046619064289 0.6974016828409456 0.6958049768102542 -0.1523237348761427 -15.836401014334152 -755.4649887441481 420.352243467643
IMG_20130210_165400.jpg 0.040069795429193616 0.7610229131892651 -0.04670109467275389 -0.6457999263328801 -103.55392970257358 78.68394878815582 687.6575722258623
IMG_20140521_133240.jpg 0.09354939366268365 0.9507879355907751 0.026370798213563078 0.2942029800698082 -500.79783375986267 -110.15894700741951 -565.860738291168
2012-02-18_13-08-53_664.jpg 0.10112011588826608 -0.5273601217525447 0.7653373955825932 0.3548586973299909 138.23107896588425 485.2623842092668 1323.9702392464353
IMG_20140521_135713.jpg -0.04657325255032338 -0.18620901097553355 0.9813211689951717 -0.012880204204397418 797.524563904084 367.11904621498746 321.8330034862099
IMG_20130210_165902.jpg 0.06295126044470364 0.7910636365123492 -0.6063507600459982 0.050933462359449726 -149.1257556000004 637.9059279755757 5.984691818794042
IMG_20130210_170019.jpg -0.22227244562390516 0.42724270926907487 -0.16432523513861894 0.860846005037734 -462679.8871939979 301545.6779356997 4183312.5434544943
IMG_20140520_183116.jpg 0.01744185896089617 -0.0746467674020578 0.9132175400507272 0.40019665942647403 741.8055045352402 247.50282664475336 -19.2404866386952
IMG_20140520_183109.jpg -0.4104657823738438 0.5296724140403841 0.2517643851630986 0.698269052492166 164.83758851707088 415.7732157256802 -613.1986639520277
IMG_20140521_134750.jpg 0.9893649421998049 0.06088876160452866 0.08592107178572544 0.10033513482044068 -722.8189224523971 -153.51930398932532 128.39333610427667
IMG_20140521_134922.jpg -0.2615356972407822 -0.4953317236902482 -0.41886530372692343 0.7147009303957688 121.69359709646022 -89.8528828378274 993.2158886726734
IMG_20130210_164118.jpg 0.2200355900398003 0.35270921256135285 0.8951557059677779 0.160862713403437 539.8668674525545 -511.05987590019936 126.60331020019642
IMG_20140521_134126.jpg 0.9284764926649048 0.31223296748514096 0.011493386211205563 0.20077320204026192 -689.2508773287143 -284.95545419778455 -30.89141972119009
IMG_20130210_165428.jpg 0.005080695621749493 0.8644122540882397 0.12004685614862798 -0.48821551987100803 -362.728301289331 -119.30550311121317 863.1942139858953
2012-01-28_14-40-22_205.jpg 0.011787925473323004 0.6105382076313018 0.1641394143893744 0.774701487335158 294.81957253771054 -89.479607727135 -410.54343068812483
IMG_20130210_164129.jpg 0.6463643068384688 0.6085427620072588 -0.4473067855595508 0.10865325234978031 -486.4136844919197 201.38208783499167 -520.8560731578309
IMG_20140521_135601.jpg 0.1134399842884833 0.9616348668129023 0.027182096235260772 0.2482959656108361 -667.1781445912087 -72.59761857567946 -281.09806564995426
IMG_20130210_164053.jpg 0.3840917042533775 0.3121301877098194 -0.1266682807515788 0.859653101719181 392.0611351336165 -516.5840814606245 -285.5881624625988
IMG_20130210_165216.jpg 0.5717006305594502 -0.41337131321208725 -0.14951740140815797 0.6927677050118555 -2.3568444703229385 -681.6490538478554 351.51916287981913
IMG_20140520_211426.jpg 0.7194277087035088 -0.4051624664852865 0.2842415480121381 -0.48731292829643064 -116.48494850582884 764.8681421605248 151.20617114481988
IMG_20140520_182639.jpg 0.8915368495490898 0.03860719228417578 0.4511104906916413 0.013071181582512404 -318.79765201650395 -66.37516080470391 777.8421444189413
IMG_20130210_165246.jpg -0.37548953923888057 -0.3280990427052915 0.7494727843052501 -0.43548727844080654 304.6695398373627 67.90755846240785 -373.83537003996287
IMG_20130210_165314.jpg 0.13650307778429002 0.8133438462662946 -0.21834835691812685 0.5216921434402869 -251.89871741189293 192.926724437671 -529.920230918626
IMG_20130210_165344.jpg 0.8787029217977469 0.31022378449228155 -0.003617110383191726 -0.36280751821298385 -518.743038498092 458.6679734829157 184.0108376788689
IMG_20130210_165420.jpg 0.303305457910624 -0.29310524269529203 0.8560685536513267 0.29873357252824195 445.8740588356017 217.6435448021044 505.7351301631921
IMG_20130210_165444.jpg 0.7468760001543346 0.2941148755134903 0.43063364057310316 -0.4125861703958366 -194.32554191491792 257.5424763128928 607.2765375496152
IMG_20130210_165507.jpg 0.684548107719059 0.5811730475298686 -0.4014656695925989 -0.18015852236757152 -417.67056568564215 491.20193068064145 -186.47591849501197
IMG_20130302_145414.jpg 0.23778306595104473 0.5621051559043834 0.2620670726864092 0.7475412073365629 307.73813191807767 -432.9351229812557 -464.2431270242558
IMG_20130210_164001.jpg 0.8712843407188186 0.46754617733832654 0.13629702397162946 -0.060723067535893724 -833.2089359921627 -114.70481860983728 551.7226293482752
IMG_20130210_165836.jpg -0.04042985431111061 0.18837514344308856 0.9807270514527341 -0.032475879695621684 630.9365309892208 -241.30150991158686 24.49016595959136
IMG_20130210_164036.jpg 0.20035697944387587 0.9488759026477096 0.02727699720144842 0.24237897513252438 -619.5534719777208 -158.87311261494781 -433.19820635108795
IMG_20140521_135520.jpg 0.11781799715238324 0.8811569787027665 0.04718649885952004 0.455471988991413 -466.5282668118212 -130.82309892732013 -518.4214080548355
IMG_20130210_164048.jpg 0.44862804394606076 -0.07924586996944274 -0.02662420894914612 0.8898000459517577 419.54541720104606 -609.6196268331627 240.02985850393617
IMG_20130210_164100.jpg 0.14416198205150207 0.8937968887202341 -0.07630689049961684 -0.41775794798817584 -568.5060644994581 171.16400165441476 488.8120116536761
IMG_20130210_164110.jpg 0.8011876180711088 0.25479403478091533 -0.09794527665096714 -0.5325271103628152 -342.94556609383767 647.2047972128336 241.44431394694885
2011-12-17_14-53-36_335.jpg -0.04517635778642916 0.44192523894892916 0.8519912840899189 0.2770776636827577 425.72955896259003 -568.7004783974822 -95.2573844194589
IMG_20130210_164155.jpg -0.4637339446826307 0.0053121696027167075 -0.45075715685598367 0.7627192110772543 472.8716693913669 476.48054095214957 397.2860177141436
IMG_20140521_135611.jpg 0.9639435628464317 0.136656455921443 -0.12343604609868325 0.19209727542430532 -654.9997020815767 -281.1400123855875 27.55673859112834
2012-02-11_16-06-24_189.jpg -0.3595609178919683 -0.32207392510323085 0.4782846273769393 0.7336403398860956 237.38925483801273 669.9218670071623 228.3284455538855
IMG_20130210_163939.jpg 0.6474411568242915 0.1271848569872672 0.6719304524285205 -0.3363828588117349 174.76181051222002 134.75336896936014 840.8358361913055
IMG_20140520_211815.jpg 0.0695089729278368 0.9806576180561736 0.016824193447359505 0.1821979290380527 -644.8400374340588 -66.98090633868458 -425.5940388947852
2012-02-11_15-56-27_505.jpg 0.5111246916781658 0.046242681955189636 -0.8334401860389796 -0.2049161297160428 152.67135649819963 263.12544136022575 -645.8752363293685
2012-01-01_10-59-45_309.jpg 0.3819328760487055 0.2189599789499751 0.874584397635847 0.2031894121831477 401.08642393392216 -805.0497319470838 1848.0813706899455
IMG_20130210_163933.jpg 0.14833604893081062 0.9885653260927004 -0.01563240515657699 0.022150407306635124 -763.3784647238554 -19.87044788673482 -150.71221547937935
IMG_20130210_163921.jpg 0.07769244233680977 0.6991644926991439 0.6742650290324221 -0.22472108752050254 79.06491344335961 -588.9695681037731 456.8133854958546
IMG_20130210_164016.jpg 0.4099504307701849 -0.08143779001471442 -0.29127177253387065 0.8605052499513507 584.8443348401715 -597.7241762958687 327.93702202441494
IMG_20130210_163913.jpg 0.20934632259485475 -0.24595853371484647 0.946340199734575 -0.010896938798505059 345.6053627534475 434.5037006203416 1342.9083165815923
IMG_20130210_163904.jpg 0.5393022325622102 0.13328990203041885 -0.14346825314894454 -0.8190261072203548 215.46361650970445 697.7891426135507 253.5240945320716
2011-12-30_15-18-52_399.jpg 0.6563112552311446 0.28831474930005624 -0.6743516320705858 -0.17714405978384448 -54.58910633169977 447.7696482421656 -567.4727833065648
IMG_20130210_163855.jpg 0.8804240929772422 0.32976347316398286 -0.14962476134931163 -0.30614032577102523 -659.5014912257366 426.1084870571845 117.58679953383536
IMG_20130210_163846.jpg 0.5210768100356433 -0.006748569192135516 0.8508345119460057 0.06718666637465397 474.2189141623271 -29.335991103941417 630.2216666443003
IMG_20130210_163818.jpg 0.9086345217756928 0.21329067048515807 0.15895441736853239 -0.3219066462819308 -573.666073838208 312.0868234130643 477.7878155529698
2012-02-11_15-53-21_857.jpg 0.6077423939944601 -0.656411217256319 0.4030223830063007 0.19325230968317766 -468.84814748275016 394.0462476866078 776.7315320863888
IMG_20130210_163801.jpg 0.02139289632353674 0.2096119639772627 0.053127890869738445 0.9761058322519226 754.5683637855517 -33.99984916247648 -163.45237003582582
2012-02-11_15-53-01_240.jpg 0.3963482699833325 0.43472742867298464 0.8045119957610305 -0.08173469469691713 260.71685669957697 -500.87759099361966 583.4625761587902
IMG_20140521_135412.jpg 0.08406911430674775 0.7682881307460483 0.0722571122966001 0.6304321072859302 -177.7140171889154 -149.72398373992607 -626.0179085229785
2012-01-15_12-41-51_416.jpg 0.5313792983343288 0.5800211666455951 -0.07983395729048051 0.6122401708546582 -36.96717331994735 -559.28976711222 -467.7855566526611
IMG_20140521_134219.jpg -0.007593737186368307 -0.16192594000319663 0.13559094976083788 0.9774136378486744 697.947344865414 45.19302810025607 262.2001495376935
IMG_20140521_134146.jpg 0.08451605235284924 0.5639053675077876 0.8098353685843024 -0.1379653912418769 254.8775408250461 -669.2279808243122 310.48971351961774
IMG_20161227_162934.jpg -0.14682432767692702 -0.4719365463891174 -0.534574562706302 0.685527935165225 347.39709265900456 -224.5738669383512 730.1563862998657
IMG_20161227_160409.jpg 0.2343373653698511 0.7137076030972384 -0.2137497837937212 0.6245146006306416 -18.271632573381282 3.7288235121088595 -641.6611436913233
IMG_20130210_165452.jpg 0.33841313060640105 -0.6703012503127134 -0.6177912290127119 0.2334668803435527 16607.908975939732 -50860.33969537823 620224.2240922032
IMG_20130210_165302.jpg -0.44671598052773803 -0.3809931039124635 0.6257041059791538 -0.5135985390099119 227.21678638764084 -9.87069374824568 -590.0199511022435
IMG_20130210_163951.jpg -0.4534602996016673 0.2535910752170086 0.7704211738083426 0.3694814450053256 295.20132624362003 40.75357176331837 -664.2853527812025
IMG_20140521_134023.jpg 0.5692769903924627 0.3652217350460364 0.7314805750899249 -0.08644628809715237 102.69318755589784 -344.2570233498053 652.4333347479615
IMG_20161227_163204.jpg 0.10016899318214796 0.6330589569117931 0.11347099227676738 0.7591619483287825 141.75200824021238 -193.68299862169405 -599.5110030004904
IMG_20161227_162953.jpg -0.3580025940142172 0.17530115055388584 0.9134675931009578 -0.08173497200047421 571.5681951389209 -320.6055309484764 -352.49359632196797
IMG_20140521_134151.jpg 0.6717374664984088 0.22003471781900008 0.06076419953962473 0.7047419464675849 11.191670934084282 -706.993870159495 -119.09586098723841
IMG_20130210_164206.jpg 0.54011780584953 -0.3597243894086202 0.08937925705834657 0.7555676461287785 8.140671496024137 -456.19708760604897 711.4114529982124
IMG_20130210_164238.jpg -0.29447371590388044 0.1918086782462051 0.8716474854812393 0.3416508783033305 498.78702286337216 -75.50127245423407 -350.8983598390511
IMG_20140521_134202.jpg 0.12200852036179964 0.6980229496068335 -0.28647976680857445 -0.6448311608402657 -142.67515528487414 466.15929879923 820.6433397910585
IMG_20130210_164244.jpg 0.3569106912260943 -0.3084725316008478 -0.03534117189511513 0.8810280683981391 411.8949146911208 -272.2709326007114 865.103017799701
IMG_20140521_134209.jpg -0.09890694032602637 0.8690497357326523 0.4802949089285025 0.06547346359948468 -406.91371625593325 -605.2564742143986 -182.63684552111897
IMG_20140521_134213.jpg 0.5297925278133142 -0.5370759693538155 0.30983583120476577 -0.5786804284901039 -73.21706780733524 722.3123642413368 -151.6551068396933
IMG_20130210_164256.jpg 0.032017338751687795 0.17808213143777757 0.2010755476460657 0.9627202442146277 707.0271360024329 -69.92082512634141 -119.0960598288216
IMG_20130210_164322.jpg 0.05867935369452533 0.641077771387927 0.23148301122768675 0.7293775702578498 248.9365717131404 -230.01546994296544 -627.135491155831
IMG_20130210_164349.jpg 0.7028287254835263 -0.43126885338923304 0.4807124043264394 -0.2982524820655012 -118.59211486037032 673.4958534161095 422.7735610485254
IMG_20130210_164404.jpg 0.7094416015557916 0.4208430122712038 0.012752622816622974 -0.56517355176596 -504.28392642655115 512.3475489046845 966.7445495695491
IMG_20140521_134236.jpg 0.18598111458129796 -0.5380481157416127 0.5758901629904921 0.5867416555322988 238.58983562287565 328.40140110552835 626.6436117096017
IMG_20140521_134245.jpg -0.4423345868959121 0.028642745345861313 -0.5871052025901075 0.6773678376379438 480.2717181434817 451.80356509706877 669.9563447687842
IMG_20130210_164452.jpg 0.26777088766122714 -0.23652749556107003 0.7979559677057348 0.48540680791222024 595.3445178212118 168.614041584174 519.8528227264405
IMG_20130210_164500.jpg 0.06443240043487691 0.9921510066963757 0.004351240029368048 0.10707900072271379 -723.0893632712872 -29.89450353553906 -212.44304699232157
IMG_20130210_164513.jpg 0.20705599063535857 0.9667625714272057 -0.020497359759571412 0.14858602044726107 -731.0646057264413 51.18804191323687 135.19556711867267
IMG_20130210_164534.jpg -0.07850951450628901 0.8923414649107271 0.25461332357005434 -0.36432817842376053 -455.7854533186758 -389.00802702946726 471.5971095902488
IMG_20130210_164543.jpg 0.09999595548438624 0.8232484567928284 -0.07909834388900572 -0.5531783069400026 -304.61989726081305 168.05702851779506 644.9898268525286
IMG_20130210_164550.jpg -0.4081218608957544 0.5790469815901567 0.431561534742662 0.5584763034371948 2.2382872769653868 -8.35489986073682 -721.5991059058169
IMG_20140521_134335.jpg -0.21876579081572373 -0.5227601465596294 -0.13836547961242437 0.8122304795988324 211.93393435848577 102.36720145246076 946.869963643583
IMG_20130210_164557.jpg -0.14908847390913643 -0.4448949146896695 0.7133700738103704 0.5205230826990317 426.1446991431525 611.239311696415 228.8328289509654
IMG_20140521_134340.jpg 0.049523259657973835 -0.25013415883907736 0.9448787093312113 0.20538883608244285 698.8418925923861 357.0616572411776 249.24443287809459
IMG_20130210_164602.jpg 0.12855498321284403 0.9025678821395527 0.03139859589986235 0.40970594649917524 -466.6482774890079 -130.73205538096403 -553.9712407582713
2011-12-29_15-09-58_213.jpg 0.7056141147861934 -0.1581437271804965 -0.5739412368010968 0.3843055285410094 -204.24156520331843 -528.1935204275593 -55.47914448113836
IMG_20140521_134347.jpg -0.27675700347321414 0.7137039572008471 0.6106075984840643 0.20295463329991467 -125.27267174025035 -564.3552502138953 -472.4466803839262
IMG_20130210_164625.jpg 0.6762370983252741 -0.5638517686591844 0.4740847990697053 0.004262994201362534 -404.2892647338486 407.0975180114598 484.5137063577626
IMG_20130210_164632.jpg 0.6823665026581517 -0.332029874516481 -0.6257092043795299 -0.18061038185383513 -210.86335277112252 -97.00554328647787 -544.2530258302181
IMG_20140521_134405.jpg 0.05302131367558957 0.4380751129910791 0.05132781323879133 0.895904231077235 473.8327611350724 -116.40394581688736 -601.5596983313065
IMG_20130210_164641.jpg 0.8107372054878065 -0.2715896570100325 -0.48265054265512675 0.18971740963260825 -523.8465499169278 -340.66969019173644 -9.354727419684528
IMG_20140521_134412.jpg 0.10982901498330304 0.9781381334414232 -0.02534390345751426 -0.1747600238414448 -735.2907663700676 66.07317496941455 287.8449141901216
IMG_20130210_164650.jpg 0.40677498657533917 0.38138161478396293 -0.25958913630662117 0.7884767938963024 286.6843160647426 -323.2272819971892 -528.7586147053253
IMG_20140521_134420.jpg 0.47032993110055643 0.0982480374703616 -0.18238026593957585 0.8578312873986225 361.3091542233245 -599.1409261393068 -61.419602481293374
IMG_20130210_164659.jpg 0.1741970838488284 0.7693663703303599 -0.1597950769164999 -0.5934612856593946 -192.82500265877746 335.0790150782931 650.6720246074656
IMG_20140521_134428.jpg 0.6151310602589884 0.6155753356213552 0.4304890210487929 -0.23949945226609626 -361.2740106634036 -198.82166671773652 762.665781924257
IMG_20130210_164708.jpg 0.058932932070404745 0.9642825216817724 0.2490272407298969 -0.06834882055369325 -730.3819485650589 -249.664470345796 394.56472578904555
IMG_20130210_164718.jpg -0.1780045953583793 0.39068611734404335 0.44059440171548164 0.7883877820735891 454.62357557941755 -42.9535089151168 -519.5567941809894
IMG_20130210_164736.jpg -0.1965592584257052 -0.03956516161434199 0.9729175816619045 -0.11502362890606123 643.0012286711097 22.103444532616386 -221.59160528714077
IMG_20140521_133452.jpg -0.05823056729534143 0.8769340435811233 -0.44994571767426383 0.15857091595723025 -368.4965472246977 547.9650342222479 -71.34513295075247
IMG_20130210_164742.jpg -0.2345738985928983 0.007463426880021038 0.22519538054901625 0.9456248854263081 622.3177421322479 319.3223211789579 72.62001262515957
IMG_20140521_134504.jpg 0.7672423905036079 0.6104943671923725 0.1827711596177371 0.07232181588346107 -744.1851084841877 -206.29966174234158 192.19386426856562
IMG_20140521_133418.jpg 0.2069066517898933 0.9677311418950754 -0.13500320378190342 -0.04960049818470892 -707.2714974044203 204.90648703335154 28.837533753794474
IMG_20140521_133846.jpg 0.29846764800556536 -0.07169822666501256 -0.4030091161946243 0.862183321371474 531.2681596060511 -488.6894024383044 42.45429722075927
IMG_20140521_133410.jpg 0.6961233862003626 -0.5883071870722962 -0.07430461398180851 -0.4047044713924436 -445.67389523975044 498.63057652837705 -352.1147471667071
IMG_20140521_133406.jpg 0.9346565107691244 -0.3397004604893867 -0.07715783456754598 -0.07118618254290415 -735.1434998991812 148.32957674857576 114.38419414757658
IMG_20140521_135857.jpg 0.795587087300159 0.36658503313085367 0.2722129191019484 -0.39819182146259147 -410.0176216482682 218.08848801062928 854.7974101526897
IMG_20140521_133404.jpg -0.08031100233196446 -0.4649688261633661 0.0829740647633409 0.8777638852090837 270.8337497898947 173.32830541575245 763.9845585259089
2011-12-17_15-03-49_361.jpg -0.4234681303379257 0.06966524846800079 -0.5987346211214958 0.6762679566669502 484.28554007193617 498.37269116100066 408.88218504443205
IMG_20130302_150040.jpg -0.3355116898715642 -0.08302467989174205 0.8748452054119725 0.3393886784441764 545.0232495048473 323.1684771430788 -322.5723256523192
2012-01-28_15-18-06_979.jpg 0.1798119771478771 0.82914789462443 -0.11497898538743666 -0.5166829343352868 -332.5828404250501 294.78787068906126 658.5837207420082
IMG_20140521_133121.jpg -0.4744591485269841 0.3888455190296129 0.7149763288698534 0.3354050206324104 79.97435719070725 -9.599756857308776 -715.1803597709281
IMG_20140521_133354.jpg 0.6723978556117828 0.029599015716651016 -0.5191831723078881 -0.5267388875235994 -48.10072470370326 658.8482913782528 -359.87327955308024
IMG_20140521_133612.jpg 0.6487711508821746 0.34050989016714467 -0.6579173191041591 0.17405116978685975 -137.13103266976597 94.14045601596095 -714.4314129424552
IMG_20140521_133351.jpg 0.04582651753103066 0.3640951392853613 0.05800632219044055 0.9284233551703072 660.150392264838 -83.44256089037829 -381.37830479884235
IMG_20140521_133332.jpg 0.9844154007873847 0.07531669769035299 -0.05821071279671502 0.14786895095770045 -705.6112260818506 -227.48336953136598 158.436855186556
IMG_20140521_133606.jpg 0.8724379784084147 0.4577271473682949 0.14999942464746177 0.08269223057913444 -647.7390932681435 -300.35593900994957 337.2174442300346
IMG_20161227_160503.jpg -0.3173938139829031 -0.0034479104043214936 0.15114825164500723 0.9361642402825949 584.7991993943322 448.85291185739857 -6.460885645711425
IMG_20140521_133336.jpg 0.047849388290677856 0.767420812202876 -0.03973409027658911 -0.6381198438443817 -310.8932577468929 87.01640122117723 699.7910105358319
IMG_20140521_133024.jpg 0.04966240566618725 0.9571901092097396 0.004523750516133223 0.28513203253188135 -490.0492830906992 -39.943676496387674 -508.37181903101254
IMG_20140521_133320.jpg 0.04445901336031431 0.4117511237347394 0.08097362433326767 0.9066022724417481 614.7781284594661 -91.83903739595188 -441.0661904897319
IMG_20140521_133230.jpg 0.3419500360827693 -0.17273112662757 0.9023660391821072 0.19740735054135902 595.8741231552085 197.14158967446468 561.4259691515408
IMG_20140521_133014.jpg -0.3468068880084037 0.6908448680836201 -0.6099634413242803 0.1743644198805874 14.096165111870844 728.1241529595192 144.3511445979354
IMG_20130210_165503.jpg 0.6003310816068107 0.7020595392980487 -0.3032294796682553 0.2340232432847812 -491.7664110389598 104.26614227639428 -450.08401697839224
2012-01-28_14-41-13_0.jpg 0.6629891347388744 -0.28463114788813565 -0.491988111678213 0.4872147522780759 -141.8649559555995 -718.113176664213 -78.27490452450677
IMG_20140520_211952.jpg -0.11919560211529527 -0.09130687743095055 0.7180024837539045 0.6796527759771203 474.7566284852223 330.9506976692193 628.1401841595199
IMG_20161227_160322.jpg 0.03606439536284089 0.29694796181843797 0.0882268886557887 0.9501248778329654 673.2886167495179 -78.30193407919552 -328.25171453031135
IMG_20130210_164731.jpg 0.6576018719685927 -0.10307812296792646 0.06311672489772774 0.7436067223922845 77.61403897484423 -716.8713006303099 374.640753590678
IMG_20140521_134450.jpg 0.8332847061823229 0.42279506141698436 -0.208708161871847 0.28865522280416706 -577.2281929142115 -187.7964694600718 -453.5201347440329
2011-12-29_15-30-24_502.jpg 0.029898207726536074 0.7304431887670224 -0.042686311031340914 -0.6809821759849084 -213.18155685199187 79.68867857583793 737.8758832801504
2012-01-28_14-41-04_244.jpg 0.45680737988659653 0.8399620352119965 0.039300109667733375 -0.2902521291287413 -713.257765531695 35.935500960334466 390.1145310732595
2012-02-04_14-20-50_904.jpg 0.04082869070005721 0.7758208232838439 0.04064159074267476 0.6283178568820106 0.6802277481043609 -75.30616506404023 -658.9436791154533
2012-01-28_14-40-02_921.jpg -0.4691278816832802 0.3067744591572439 0.6169867589382743 0.5523909857437779 178.66799199114746 306.82090545323945 -557.4463588949122
IMG_20140520_211912.jpg 0.285237428994556 0.7075042947997857 0.08400073330479228 0.6411093188721332 -2.4829689284209655 -417.28272544289433 -633.7321261870337
IMG_20140520_182738.jpg 0.20021928298668273 0.9477794351120682 -0.036361428737708486 -0.24556919106251895 -681.7358831128387 68.72583220749247 230.85583254522695
IMG_20130302_145531.jpg 0.2405390247954244 0.4001752887685168 0.8738822894045479 0.13539002945034978 476.09379754316853 -554.8251218184917 155.49888560712645
IMG_20140520_211729.jpg 0.031998305286166234 0.43986607266651023 0.06391851055943024 0.8952141478906697 587.2385331802566 -67.99758307211034 -463.78888355797443
2011-12-29_15-31-19_299.jpg 0.18102694282407475 0.9676256943830928 0.04041048723666786 0.17116294593954 -661.7455655623403 -168.8530102936592 -399.6960450627769
2011-12-29_15-36-34_861.jpg 0.5554690067501712 0.5578492348391259 -0.5980843207031317 0.15017842407767393 -222.8334100816842 300.53258685038054 -519.5623155970214
IMG_20161227_160721.jpg 0.3885861059013 -0.5593640742562637 0.04797547432570866 0.7306237229895564 -55.5023899691655 -454.40309548805874 956.9928226068122
IMG_20140520_212003.jpg 0.11692936147901288 0.27219334369290454 -0.48235996102525686 0.8243586452952987 657.9140325385871 -44.048584420004005 -320.24216817498876
2011-12-29_15-36-47_728.jpg 0.8769083640914955 0.12947015946079096 -0.0837249740449667 -0.45525742994128554 -443.42925160580654 594.2454074916329 67.74437242546583
IMG_20140521_133252.jpg 0.7756174543406824 0.17614553722088955 0.086063199123234 -0.5999861998378949 -256.3516954478437 623.955107282411 514.6659615519621
2011-12-29_15-31-27_158.jpg 0.10438248744300282 0.7811493648310095 0.2138302553657227 0.5772231700387221 -9.901858574651097 -253.44876528257626 24.59078877148376
IMG_20140521_135354.jpg 0.10475196197966218 0.8651936859728868 0.06326717703680772 0.48627582350334314 -367.1032841306413 -140.05610026824132 -520.2493859948323
2012-02-11_15-55-27_974.jpg 0.03733060114896407 0.9479850291771549 -0.013730700422604537 -0.31582000972033214 -701.0139666010201 26.7391059145503 319.75907621820534
2011-12-17_15-04-45_439.jpg 0.08257743292324962 0.6647493662394268 -0.3282477896567135 0.6659899670727546 292.6352547873132 42.89148915604747 -313.41659434509165
IMG_20140520_212018.jpg 0.20035697944387587 0.9488759026477096 0.02727699720144842 0.24237897513252438 -619.5534719777208 -158.87311261494781 -433.19820635108795
2011-12-29_15-38-28_183.jpg 0.29196031473722783 0.703313638936902 0.05705953732611617 0.645641780791796 -35.1150882022543 -374.55116189770354 -343.51763322247245
2012-01-28_14-42-04_667.jpg 0.0430592 0.640433 0.0134734 0.766688 279.26692798259705 -103.34187284639968 -986.861814513948
2012-02-11_16-08-22_494.jpg 0.02283949672704908 0.6497519068890998 0.020338197085490912 0.759530891157526 286.9477781909784 -42.62368638491575 -660.3128076236142
IMG_20140521_134514.jpg 0.668734716528023 -0.015878242911366434 0.45387686132650157 0.588674404968176 811.0061080855859 -29.569069243238005 2134.2763934275317
2011-12-17_15-04-25_486.jpg 0.05302131367558957 0.4380751129910791 0.05132781323879133 0.895904231077235 473.8327611350724 -116.40394581688736 -601.5596983313065
2011-12-29_15-09-40_939.jpg 0.05514832617687919 0.7467243544425475 -0.07258403445296771 -0.6588573127352991 -63.113975358829094 140.9639510666203 818.5747344813124
IMG_20140520_182702.jpg -0.10954950092348407 0.1480847621670361 -0.33459208155168224 0.924185018826999 623.9464567402545 118.89467324857145 274.19594778011594
IMG_20140520_182712.jpg 0.46440340242255973 0.6212693075172415 0.10666636946427648 0.6220741217738509 -4.751762052603583 -555.8531117678923 -434.3174427595309
IMG_20140521_133132.jpg 0.4909215168358199 0.6739857687579079 0.029362440901514797 0.5512504828875293 -173.8730263447269 -525.5302448269424 -416.5967373112642
IMG_20140520_182813.jpg 0.09812399302352956 0.9732139308059323 0.0032520097687869266 0.20788398521975684 -571.10106937813 -66.09153540835477 -438.51619163472964
IMG_20161227_160446.jpg 0.5240502860778424 -0.6243333917851378 -0.10744619631133497 -0.5692402203481615 -366.3904690589355 1773.6374082826287 2712.0607338358564
IMG_20140520_182915.jpg 0.1192430226055077 0.9721361842928125 -0.029062805509584205 -0.1997190378617562 -744.8060358470409 33.78003420581716 111.01773574092304
IMG_20130210_165818.jpg -0.46025766521909256 -0.07536245976720711 0.7410605374084934 0.4830244933341797 570.9648425113209 349.5169934249774 19.774016801884272
IMG_20130210_165913.jpg 0.8366162985771617 -0.26180769466292764 0.05097258000180276 0.4784680721409666 -445.1387759775586 -601.9082476889902 756.2525329192086
IMG_20140521_133311.jpg 0.08991365278424987 0.34847585886558824 0.425811803545743 0.8301592731470301 687.3860031862024 -191.26048999192537 -285.70271331376074
2011-12-17_15-01-08_996.jpg 0.10600899827785723 0.9882109839462645 -0.006964679886857028 0.11023899820913982 -716.2690497799555 -19.27531208659859 -188.78205227377993
IMG_20140520_211734.jpg 0.10608903260402436 0.8965062755205861 0.051434715807277015 0.42705513124557326 -322.04120252266995 -163.8938814212956 -674.3855058148279
IMG_20140521_135850.jpg 0.14808995902712074 0.9761237299303749 0.03388269062548602 0.15525395704501727 -676.2971828191996 -136.94815459975024 -387.33948092480586
IMG_20130302_145444.jpg -0.12218619998694404 -0.016963907864826308 0.1507401779399555 0.980846653212078 689.1232978419338 218.1176937671723 141.26168762623772
2012-01-15_12-34-19_472.jpg 0.13953152565453483 -0.4670250220352717 -0.40586431628057057 0.7731059040723832 386.17213417613294 -456.60639675507457 702.9175659656411
IMG_20140520_211827.jpg 0.7966678372392411 0.26631779424278024 0.33257842842420837 -0.4287036021834831 -266.79813574211386 262.0056778274764 705.9264136967209
2011-12-17_15-03-59_335.jpg 0.8266912402909321 0.2848079498815258 0.48521232170638107 -0.005918426718833136 -426.99050717553047 -167.93229902034622 795.116812149271
IMG_20140520_211840.jpg 0.3525074159969599 -0.5223033145924209 -0.4272025311827109 0.6484101838990518 7.048824022333159 -708.206152021784 350.26203429872197
2011-12-29_15-31-05_955.jpg 0.6671153281843465 0.6593324872548929 -0.2799851685777757 0.20456323112485914 -592.583721201157 -104.70143786180856 -451.8939849870307
IMG_20140521_134840.jpg 0.68145102141212 0.540083598869724 -0.3843706583748499 0.31015062248654274 -414.48204519291613 19.643864904952473 -436.34536866149404
IMG_20140520_212025.jpg 0.03167559953661963 0.9432504568830276 0.31362966765254413 -0.10445890843824769 -624.9669924150069 -508.70673059976184 208.4721217366653
IMG_20161227_160532.jpg 0.41830090321408525 0.8160376240474685 0.34083132147551864 -0.20722200850897768 -529.512655941798 -317.64460523262363 462.9576764925864
2011-12-29_15-32-54_705.jpg 0.6404329421581778 -0.6543032821458371 -0.3963179999824378 0.06830010586906606 -570.4600966507466 -310.676101234114 -153.36458713016492
IMG_20130210_164902.jpg 0.7497678264852847 0.3968779287708866 -0.42276041501095857 0.3187628389913496 -329.7628747638263 -119.79283533175145 -644.7059749083153
2011-12-17_14-52-45_843.jpg 0.5665196136997733 -0.5240772567687966 0.5107025687578466 0.3789214199478429 171.5932448262804 23.531175814060504 1385.5125025099799
2011-12-29_15-10-15_99.jpg 0.8418833419485721 -0.3280810300815971 0.42760267289109055 0.02740858235108803 -534.8527441637241 162.08876405019166 731.6642107899746
IMG_20140521_134601.jpg 0.03413720591381732 0.3438398908768577 -0.15851705407929587 0.9249222260169826 574.3519027877359 3.783951400034501 -407.2852002037014
IMG_20140521_135310.jpg 0.19633478388652204 0.6368093921193637 -0.3576133545291023 0.6542470018328258 72.51260546525108 150.91621937238182 -549.2588194585227
IMG_20130302_145424.jpg 0.008030649424019067 0.5128709632154412 -0.011807499153132702 0.8583469384369252 445.237373855494 -6.10241380396095 -561.5572204407498
2011-12-17_15-01-27_386.jpg 0.48998611876507286 0.8385717883816507 -0.20798381443728467 -0.1159900516426197 -638.8053578009701 326.1815169364635 79.79443109474818
2011-12-17_15-02-09_761.jpg 0.33666622249650857 0.253673973086142 0.9056655824085882 0.045554613917093756 512.7616501250097 -378.4423491435055 418.1717990759957
2011-12-29_15-32-40_658.jpg -0.3733231673882077 -0.2654655637552567 0.8366933032094187 -0.30017022423260414 857.6691397663037 222.179051859126 502.096911056816
2011-12-17_15-05-47_728.jpg 0.03625435185088853 0.2941462611530966 -0.2648171926508221 0.9176248980373536 745.3093001984677 -26.139672046283273 27.009021191293677
IMG_20140521_133505.jpg 0.7679914527289009 0.09012740111152578 0.002397992050046726 0.6340823524892985 -63.08403473088336 -716.092706951865 539.4674347178492
2011-12-17_15-03-03_393.jpg 0.8480991408845442 0.40563922992515805 -0.2619637459327607 0.21808176951203145 -583.3782254212533 -161.63016505946928 -399.9522807944436
IMG_20130210_165854.jpg 0.0855735095687324 0.782278087473445 0.06993020781951621 0.613048068550337 -219.00588125833585 -150.22890181823692 -628.3985723791252
IMG_20140520_211742.jpg 0.8504140171098014 -0.16423261558000937 -0.10917451646763122 0.4877546231836023 -399.0683806344332 -605.3301163222981 207.65714949284003
2011-12-17_14-51-19_450.jpg 0.8980498321809366 -0.3388780334202196 -0.20171418588748277 -0.1948834641440527 -613.860195664733 123.14793566983826 -304.3401921540406
IMG_20140521_133125.jpg -0.11039111948377633 0.5949228924407287 -0.2366026582442721 0.7601971684377812 454.24554684032233 300.54498625580146 -329.26354100957076
2011-12-29_15-31-55_697.jpg 0.9586737514350142 0.10163242164754438 -0.17642013391357264 -0.19872449655110405 -622.2370999305572 282.1660541582415 172.28797402267838
2011-12-29_15-10-25_282.jpg 0.3564995689875946 -0.2709593152180526 0.779164718424455 0.43862449586264907 1135.8903316176265 -339.1708698364182 2028.0201569197966
IMG_20140521_095604.jpg 0.09754976594781165 0.96833466197854 0.026255390834898418 0.2283039203048001 -592.8160289994436 -104.10193780265165 -484.8176940863404
IMG_20140520_211930.jpg -0.32015532058787705 0.361632261068506 0.8603939347481306 0.16261905024437728 338.78519236783285 -357.06433987139997 -303.54997977655853
IMG_20140521_133207.jpg 0.9871957270081421 0.10196321361671208 0.05240706929923808 -0.11091257247617793 -696.5709936097702 121.13023898129529 274.6697347949546
2011-12-29_15-10-33_314.jpg -0.43415410155494727 -0.32601438501584534 0.8320803670661903 0.11343323855356974 306.29862705719506 448.4575666699154 -389.30163699703877
IMG_20140521_095645.jpg 0.564221009812846 0.16060892559177842 0.6654340670584786 0.46158090028080584 411.1048612072987 -452.73668644989317 468.3409767060134
IMG_20140521_133039.jpg 0.25166933255166785 0.648984415211358 0.3817106341353186 0.6080943739698496 170.8512328507726 -529.8276393361091 -433.25419344048373
IMG_20140521_133102.jpg 0.07266461000712371 0.9600211322108554 0.012979201787451664 0.270020037186244 -508.88091660410004 -67.69447760651914 -505.8485167716492
2011-12-17_15-00-40_564.jpg 0.7620935771718844 -0.03910217387148661 -0.6456504859557048 0.028633016205902716 -137.5006215902613 -67.86323983414036 -716.0115438612941
IMG_20140521_133028.jpg -0.43296405900681195 0.6258104772211176 -0.5961819959909772 -0.2558718387490847 -2.393012277219402 501.68332675357794 634.745956445885
IMG_20140520_211823.jpg 0.3464365932185577 0.20735975482268262 -0.5783184539165352 0.7088944807364387 502.1736613394199 -333.7510261840454 -324.51271436462434
IMG_20130210_165611.jpg 0.13019566519737016 0.051812324953563575 -0.5114332786836107 0.8478210738131325 639.4747807857749 -113.24229653922036 -106.01675685420653
2011-12-17_15-01-44_429.jpg 0.31556179882019136 -0.09566667348493958 0.8807593505272348 0.33989940448393613 982.6412169495273 -199.3827767042309 2479.4363295631456
2011-12-17_15-00-58_832.jpg -0.24345885304728795 0.9043972178921131 -0.32797835848317625 -0.12338417851809876 -368.3403313432803 310.0822609061802 688.4308270592826
2012-01-15_12-33-17_302.jpg -0.0547536089683501 -0.13790894549358587 0.9654537372607898 0.21420141518431238 708.1827297772015 198.25879185436403 76.61797157410848
IMG_20140521_133301.jpg 0.9007160850499337 -0.14043494899643197 0.3749932962734343 0.16842976869506907 -297.3423365281669 -93.62530819451405 875.5327389501575
IMG_20130302_145343.jpg 0.04759142056886397 0.9782614228015448 -0.008559083699209359 0.20165908715643038 -583.2494790736847 -17.764129067561377 -427.87210983345
IMG_20140521_133245.jpg 0.3136300816506913 0.030945605700453974 0.11090245759591588 0.9425386921876461 609.9671945959121 -393.276434093357 198.51048709511574
2011-12-17_14-53-20_749.jpg -0.0748209523861496 0.8901296168013266 -0.36910589450505626 -0.2565773353567601 -440.8184231481137 461.89297532705206 450.38483850395244
IMG_20140521_135722.jpg -0.1420825121734995 -0.44861253246693705 0.8571332788527892 0.20948006523565824 441.209368296669 622.9182219923417 16.79769392947698
IMG_20130210_165200.jpg -0.2442491918990109 -0.06294472002489161 0.9675453387413635 -0.015372441495364899 672.6521333365183 97.05888681527806 -290.9818557731991
IMG_20140521_135704.jpg 0.30234741659862113 0.17506423005548324 0.3295400172116496 0.8771213895963125 601.6770061275673 -442.80547790369826 271.8641817104822
2011-12-17_14-52-17_633.jpg -0.4991241437213441 0.6514885307906436 -0.5254076252773628 -0.22446516590127316 -250.81801230871827 334.866655526671 699.8081765526962
2011-12-17_14-52-06_93.jpg 0.5087208835966073 -0.2601830337884332 0.12218868316597069 -0.8115280507952267 50.69191719623969 625.2376256058259 410.02009558021064
2011-12-17_14-51-41_274.jpg 0.6642891004090576 0.35512600195774807 -0.0438151987372023 -0.6562665176365847 -127.01257707608202 680.6555681316318 562.4642866606603
2011-12-17_14-51-31_186.jpg 0.9431833778639545 -0.21601717119136907 0.2524588630888922 -0.0024939766404897703 -647.4635028468642 90.50405272140421 614.3575110560065
IMG_20161227_160435.jpg 0.9806631405019488 0.1936582259234451 -0.02398942261272857 -0.0148594749485658 -731.326027577141 16.354354339405536 17.482945482940128
IMG_20130210_165742.jpg -0.3427555441919952 0.41279761782713187 0.8330187842289853 0.13489428736443101 297.5967681517188 -411.11822714055677 -380.610926338526
2011-12-17_14-50-31_710.jpg 0.5800706265606862 0.2612522311395017 -0.10191491653907274 0.7647736199117743 164.6736940131644 -603.9303662253965 -197.98013051555995
IMG_20130210_165721.jpg -0.3953656985495491 0.3028466714541517 0.8274113207419685 0.25953875299769635 348.2617230432943 -206.0952894850328 -485.60035471739985
2011-12-17_14-29-19_237.jpg 0.3115063487700884 0.17377030910954624 0.867743397537896 0.3461055769231258 556.8137228115962 -482.7805691972125 634.8715122951451
IMG_20130210_165700.jpg 0.6519555703985852 0.1296212463797767 0.23451337235758607 -0.7093347199303591 109.72926962094516 538.1093692124249 531.0323335860452
IMG_20140521_133517.jpg -0.030783164787770205 0.6717950578327944 -0.022247263359128137 0.7397627027027728 198.81762329419797 58.56640980773883 -738.7722687691595
2011-12-29_15-32-31_892.jpg 0.1468342562080023 0.8601726255383811 0.437496009551804 0.21711747305202928 -559.1931696799259 -515.2215116338616 497.86984383401943
2011-10-01_14-02-41_437.jpg 0.9294921937364394 -0.08277753648445019 0.137455808029912 0.3321114904296916 -541.0246083132927 -420.517301072624 412.7950020474331
2011-12-29_15-32-14_611.jpg -0.40304388214445114 0.6382856434097187 0.20117893140200122 0.6242388197179987 454.6245959940566 447.30659039745717 933.8662934526899
IMG_20140521_133459.jpg 0.44220431495453855 0.30134296525367577 0.8427874889554157 -0.05793970648815731 484.76612571783954 -461.76555679593156 702.7914887883737
IMG_20140521_095608.jpg 0.03577489513219443 0.3683799498754094 0.09477268710450408 0.9241398742544676 662.7811593731317 -77.29570275037602 -384.56550355655844
2011-10-01_14-02-20_999.jpg -0.11580625542356336 0.8098951127844538 -0.5446646880541179 0.1843887064858886 -355.06335287815324 737.6554610488179 179.7743853577034
2011-12-29_15-31-37_791.jpg 0.13213687925797846 0.5824744112790077 0.3143681982989795 0.7378590930817276 378.07390138097577 -353.1677146781477 -417.44808327404337
IMG_20140521_135054.jpg 0.9584641945630094 -0.17782298780042544 0.21854580111228802 -0.04430694715955918 -663.8218242273684 138.54531786378246 519.3969433265175
IMG_20140521_135854.jpg -0.13316956473380404 0.6520903244519641 0.6782045432921885 -0.3115809256719275 56.36553770258128 -732.7902585942121 289.56987121210847
IMG_20140520_211821.jpg 0.03210670709750658 0.8349271845689488 -0.02247770496891999 -0.5489631213537517 -455.7081721536617 49.449117861560154 625.3582185650494
IMG_20140521_135330.jpg -0.3299687463424983 0.34120733001672443 0.880138775293022 -0.007343065144578193 268.13649158229936 -393.3096986121742 -529.0386324508451
2011-12-30_15-18-43_648.jpg 0.7375578386223945 -0.07779052216037131 -0.10266701465671683 -0.6628850227981885 -67.19114581385008 716.3261669127585 -106.31700142087526
IMG_20140521_133045.jpg 0.8986086857124154 0.32549979757712405 -0.13088019939481976 0.2634818497464843 -589.2898486631261 -375.9477300478734 -125.07617121106664
IMG_20140521_133546.jpg 0.7879222574452048 0.1606335855797287 0.32588031432326003 -0.4971693757089492 -161.1974564937679 446.99311515073197 707.1245526587091
IMG_20140521_133343.jpg -0.4746864448372844 0.02402963939177053 0.5483796406063369 0.6880226197494573 346.3041757083842 607.8905505002901 -189.1021780357436
IMG_20161227_160317.jpg -0.05445292226803651 -0.5930164027299495 0.7739334316871321 -0.21539143127497268 244.05186776207753 612.3147176327805 -330.29449708180607
IMG_20140521_134523.jpg 0.2707563824206614 -0.6129463841857269 0.7362524930541545 0.09444563496352049 107.66401083441187 692.9486791857728 563.2349709249017
IMG_20140521_133521.jpg 0.41611875595070713 0.2567098601044075 0.849587240325391 -0.1978553758367404 484.2422311818785 -338.15680837050485 735.3345771523398
IMG_20140521_135342.jpg -0.44008675858745905 0.14447249872087561 0.8411336515596788 0.27918725300989533 372.9742671562585 6.860687693354539 -487.9140213905515
2011-12-29_15-36-03_290.jpg 0.008030649424019067 0.5128709632154412 -0.011807499153132702 0.8583469384369252 445.237373855494 -6.10241380396095 -561.5572204407498
IMG_20140521_135220.jpg 0.08396160834122013 0.8755300869801012 0.06542460649964972 0.4712930468209117 -328.5682121283012 -131.111057896841 -536.6682567451304
IMG_20161227_160238.jpg -0.17514544210266694 0.09956910265049965 0.11792716119852065 0.9723699154949692 701.0582867383006 287.4710391002583 29.325173172649144
IMG_20140521_134955.jpg 0.40324312644326715 -0.12823987526674274 0.669900096237179 -0.610068337507568 434.6527376682645 465.3262335356246 427.69027874801816
2012-01-28_14-44-55_57.jpg -0.4549881700924217 0.10278167703897713 0.821710515037134 -0.32743475902599734 410.91214873773214 -380.4433848173147 -437.76237107814785
IMG_20140521_133539.jpg -0.012562588577718074 0.96103149392766 -0.24532086762765862 -0.1268003192180925 -653.0229006726697 363.7857984136713 112.25610985983734
2011-12-29_15-30-50_650.jpg 0.14862365443202594 -0.6648380420467935 0.291531189165396 0.6714990342021842 -62.44857290308169 249.81137751734778 860.6690819069257
IMG_20140521_133535.jpg 0.569064878699271 0.2657852373449974 -0.7353696973335315 -0.2544696046368554 66.15284145258732 481.97919823492356 -333.2570375717752
2011-12-30_15-18-20_837.jpg 0.21502946264387598 0.7563168053412294 0.5981831921516809 -0.15467413740101632 -173.44696522699 -672.4373228123677 302.53068077660646
IMG_20140521_133153.jpg 0.038571197649685744 0.566118965503859 0.04997119695503319 0.8219029499178055 419.8690814292455 -81.4457256399947 -614.7911972104905
IMG_20140521_133558.jpg -0.44588325527915035 -0.20107172399589648 0.7266117055157549 -0.48248700902560215 425.1932734859499 -163.2009059870941 -433.17103051789917
IMG_20130210_165733.jpg 0.2671131740929768 0.3418891358807508 0.892054657979991 0.12649449857163916 428.79998227474476 -537.4837150040013 427.88775041131765
IMG_20140521_134537.jpg -0.11914715549502633 -0.5361449608782205 0.5773215590526813 0.6041956253692313 267.6280909352168 624.2027885536537 514.4809196929865
IMG_20161227_160600.jpg -0.09906150234321127 0.7858159912020716 -0.5674455630097325 -0.22513458140672096 -179.4093565383687 642.0081397861687 386.7675332823156
2011-12-29_15-33-17_315.jpg 0.04399411018853447 0.890740206285279 -0.026630206167252212 -0.4515941045840473 -572.9299190655231 56.21628372466415 508.1018485553438
IMG_20130210_164919.jpg 0.002629692293938696 -0.5871601452571255 0.8088677703793031 0.0311284208029577 119.31706398610531 961.6035405351296 795.2070025524924
IMG_20140521_134832.jpg 0.4225814898040779 0.8472422087823175 -0.31767321073314936 -0.051858030382167936 -541.1639973689644 383.276653217925 66.13526583834525
IMG_20140521_134530.jpg 0.05441038043549544 0.43793684252972903 0.11167495984469794 0.8903816798427746 442.7770164265731 -166.02100581198533 -621.1970182919248
IMG_20140521_133200.jpg 0.06351720296726686 0.9641040450390422 -0.026540501239864893 -0.2564460119801206 -727.8054770897274 41.76496938124531 209.3677112316067
IMG_20130210_164947.jpg 0.27886212345852307 0.9224623321721429 -0.18831448222956537 -0.1893061478302949 -638.122721473871 348.81507632815897 311.2999715746872
IMG_20161227_160713.jpg 0.040412603308887914 0.37427503064475004 0.10705900876573719 0.9202300753462515 551.2147017322405 -134.1169242222306 -551.4126580100591
IMG_20161227_162905.jpg -0.0705068990929521 0.9614204668789773 0.1482458882405182 0.22073200870350707 -607.774875747179 -191.37440269070785 -218.87201907814637
2011-12-29_15-35-03_214.jpg 0.29946481667505637 -0.4026672142793298 0.45831121596961 0.7335739686185414 338.4149698574418 102.54256204226317 747.0918455460608
IMG_20140521_133144.jpg 0.1463627028008417 -0.5540299074888734 -0.25600029792398565 0.7785195362349835 306.8374729076566 -504.33982941836 1125.4051610316083
2012-04-01_17-53-05_488.jpg 0.023862828948545856 0.8477623853243192 0.5202841002578075 -0.1001696483108377 -283.8803794572495 -613.8010040737688 826.8648650025641
IMG_20140520_211849.jpg 0.7362657279279693 0.273139514563054 -0.13282885298403171 0.6047016448447146 -80.6315738686282 -667.6729366387957 -77.67068423264463
2012-02-11_16-05-04_241.jpg 0.02283949672704908 0.6497519068890998 0.020338197085490912 0.759530891157526 286.9477781909784 -42.62368638491575 -660.3128076236142
IMG_20161227_160604.jpg 0.26274195691036023 0.8497766185821674 0.4135981776357986 0.19437826536503164 -429.44977044009033 -602.4505698995093 -79.3657543252739
2011-12-29_15-33-32_635.jpg 0.03318378374765771 0.7172876486957462 -0.032040084307804646 -0.6952486594897291 -200.7433439599252 66.3619395567698 725.1344281786266
IMG_20161227_160525.jpg 0.6708466525351432 0.676477600805366 -0.09212927849411622 -0.28957731339861964 -593.5469985978013 364.8962574913571 273.3192161741713
IMG_20130210_164850.jpg -0.24818901614736252 0.4943354017852784 0.19514518225671462 0.8099093039640826 331.47627722178913 228.05521841454947 -458.2010921610716
IMG_20161227_160732.jpg 0.705827235898246 0.3794709112707553 -0.3773649932976091 -0.46411787554141887 -142.97442262747006 756.0442435494236 -92.40841720356615
2011-12-29_15-34-53_611.jpg 0.16374648242106346 -0.028759254456825683 0.17425972452299124 0.9705635183680598 673.0944189810581 -160.10356865241732 258.29874581256115
IMG_20140520_211900.jpg 0.03068265273620536 0.8338474855941885 -0.47491301202999414 -0.27966869076447864 -343.43551551844695 731.917851557055 701.5212124309177
2011-12-29_15-33-51_400.jpg 0.13282628095733276 -0.43973781205070894 0.7299989870771436 -0.5060526796749953 521.1252181125797 524.5404723369395 -121.30041633849564
IMG_20130210_165229.jpg -0.2834467576028437 0.2899583979484078 0.8376038897022957 0.3660625452285604 470.81933603463847 -160.45707747038733 -275.80873425027147
IMG_20130210_165147.jpg 0.5194498699256003 0.2604837420903148 -0.04747561781728772 -0.8124445325397729 257.1742453476317 623.0226734613397 414.73355199785703
2011-12-30_15-18-29_265.jpg 0.29244014398657164 -0.4130147366024325 0.7974818747638835 -0.3285121747476312 293.2534742288383 663.338553880167 973.4387508235062
IMG_20130210_165136.jpg 0.03722654672164547 0.7378750579931083 0.6701683247502934 0.07091543916689447 -57.866153548205965 -756.8746349285921 22.361847885420378
IMG_20130210_165128.jpg -0.2861262481490526 0.847344172981064 0.2227413438317711 -0.38797669567024295 -371.71631629778 -541.4305361652829 1011.5440012445683
IMG_20130210_165125.jpg 0.5849180811309331 0.45599936271747116 -0.22235441920546475 0.6328458989573748 -87.00132707713809 -390.2562949552144 -619.8714890335149
IMG_20130210_165116.jpg 0.6514684588565656 -0.5314248221878869 -0.5164791283107195 -0.1625601903819728 -276.6075475297772 -297.8944729964773 -586.8116005672197
IMG_20130210_165057.jpg 0.3685719472054734 0.897043078543641 -0.23573365927699297 0.06243458059434073 -657.1681619984034 309.3897040870229 -168.0939647327941
2011-12-29_15-36-19_806.jpg -0.36361614759117755 0.028100319556131566 0.2687246346819708 0.8915047616063727 488.43881248763574 531.3043411585088 -53.547903903393
IMG_20130210_165052.jpg 0.3650092427346413 0.7083442662521725 0.5958515269593657 0.09988799230211515 -228.576771421985 -659.9873542562689 275.395244903992
IMG_20130210_165043.jpg -0.019511196606277002 -0.10054298251183466 0.12015597910040486 0.9874578282443455 771.7652086570218 31.16121721248138 113.22304180509963
IMG_20130210_165031.jpg -0.18837778502389324 0.8063470814371565 -0.5517252602576503 -0.09958630207463263 -273.2369955142541 651.6889071946665 335.5944133704116
2011-12-29_15-35-42_606.jpg 0.9405346094164667 0.19063546450707283 -0.24127816230154012 0.144352404061652 -640.5806780219606 -204.4841935829439 -199.95151378050838
IMG_20130210_165017.jpg 0.08914619755782617 -0.41519112153716353 0.8942347155772 0.1414692953055807 489.84070782369736 526.3595270893893 303.1914395303007
IMG_20130210_165003.jpg 0.2835241215116468 0.23488064026120795 0.2513529575697379 0.8951351004582937 511.367753527354 -502.93206841290464 -272.1370991967949
IMG_20130210_164956.jpg 0.05441038043549544 0.43793684252972903 0.11167495984469794 0.8903816798427746 442.7770164265731 -166.02100581198533 -621.1970182919248
2011-12-29_15-34-47_696.jpg 0.04138448519643087 0.5519298025701915 0.07268047400159948 0.8296857032146322 420.53125877827 -88.07850524153261 -554.1190494009388
IMG_20130210_164938.jpg 0.6315759213852957 0.6354710686041031 -0.08595576860613367 0.43577515112360765 -368.8148148991376 -374.45554816994746 -294.9203980057534
IMG_20130210_164929.jpg 0.44946238348378176 0.22335491011145112 0.3872066609979145 0.7734126658136845 378.751135002023 -723.4574897204891 18.790503179371385
IMG_20130210_164844.jpg 0.8248706896079674 -0.21954284642364935 0.4024604435445767 0.33077919431515174 -85.90008231560617 -892.3261942337018 2706.560638242048
IMG_20130210_164834.jpg 0.4798577668361125 0.10674560860980117 -0.4219474715871701 0.7617757083753569 416.0537296363598 -499.51605902497045 -347.1005341773203
IMG_20130210_164819.jpg 0.5897941482245806 -0.5395767015571519 0.2682704203817552 0.5376158734681682 -261.1987533027846 -196.16323788645207 844.8146022065207
IMG_20130210_164807.jpg 0.05302131367558957 0.4380751129910791 0.05132781323879133 0.895904231077235 473.8327611350724 -116.40394581688736 -601.5596983313065
IMG_20140521_134509.jpg -0.0175575062334407 -0.16684205923392928 0.09868643503664087 0.9808753482401338 742.4926533639941 36.04948088713714 211.89289641077517
IMG_20130210_164749.jpg -0.2344082531559829 0.3336726109616826 0.5328315061305722 0.7414890057317104 502.39517668904824 -5.059653716259691 -523.0528561028356
IMG_20140521_135831.jpg 0.4806673854887552 0.5052937475534943 -0.1724907496722299 0.695617735892539 -9.749437163526839 -345.464445086768 -683.0051209148744
IMG_20140521_135826.jpg 0.18102694282407475 0.9676256943830928 0.04041048723666786 0.17116294593954 -661.7455655623403 -168.8530102936592 -399.6960450627769
IMG_20140521_135822.jpg 0.7076449090513286 -0.6554173592613227 -0.054769407080615146 0.25819969000889414 -627.7388532597769 -309.90582728162303 336.18087597011925
IMG_20140521_135727.jpg 0.16927628783786658 -0.6081103471601431 0.0559023696804537 0.7735775779562846 63.468256616924926 23.62650718152683 1091.9425409547941
IMG_20140521_135635.jpg -0.1940413251236428 0.15480643569410618 0.3872219834412899 0.8879426035233026 673.4423992308261 131.81305691675988 -321.6690522169215
IMG_20140521_135627.jpg 0.9072415933677337 -0.2781680183655087 -0.08742646007229786 0.3031367000239464 -578.3223122051579 -463.4861968514396 39.59540748772288
IMG_20140521_135615.jpg 0.6124541653069908 0.44660799181277583 -0.6111110542709121 -0.22800104472341948 -85.74962263727765 596.558148934912 -196.04963144480905
IMG_20140521_135553.jpg 0.06255781436955662 0.7726631774810613 0.043350609957653594 0.6302371447657409 -37.84000443849799 -120.67103255790471 -768.3701839923523
IMG_20140521_135550.jpg 0.9712092432663624 0.010726898619564489 -0.09632293035817371 0.21762222434117298 -716.6990605921793 -339.44985706864844 33.05819004529459
IMG_20140521_135542.jpg -0.029364888554096247 0.9311590465569034 0.284367957323099 0.22630819292136106 -613.5620557726056 -365.55372294488916 -138.3510322724897
IMG_20140521_135532.jpg 0.15173099880259588 0.9694909923491407 -0.012396499902171471 -0.19212299848383735 -617.2935740775863 68.94375088487672 316.6427947091049
IMG_20140521_135527.jpg 0.17332806773873585 0.9571553740680657 -0.03041691188730242 -0.22996908987474235 -595.1910290181648 111.26798733656157 361.67497905349387
IMG_20140521_135517.jpg 0.20367499037939776 0.9162926344146168 -0.05720680642152469 0.34007600284425243 -584.8073120832009 5.054464221622277 -398.44362313786183
IMG_20140521_135510.jpg 0.49819797871294647 0.3385235431831313 0.7978014680422814 -0.026709592034583396 291.69115510579337 -438.78376820612306 645.4033108492756
IMG_20140521_135502.jpg 0.10136200218611233 0.8809300189993483 0.0537115011584161 0.4591330099022939 -451.86877209789674 -129.22594203178625 -515.1677508940753
IMG_20140521_135458.jpg 0.1461329895014059 0.984581929264938 -0.001468389894506849 -0.09613229309359284 -662.273190916223 32.065396633399196 191.2030113868597
IMG_20140521_135439.jpg 0.19055146864486144 0.2256611873367797 0.954609279718768 0.03857835405841883 540.2227618877366 -293.98492318735856 285.3521066567956
IMG_20140521_095557.jpg 0.03210670709750658 0.8349271845689488 -0.02247770496891999 -0.5489631213537517 -455.7081721536617 49.449117861560154 625.3582185650494
IMG_20140521_135339.jpg 0.6499435454478644 0.4722668815262564 -0.3155337229902152 0.5049513342888192 -210.13577298194792 -225.4609494820369 -437.9559462381808
IMG_20140521_134437.jpg 0.1421905285981918 0.700433273835459 0.24768810990647028 0.6540838498939323 -21.909382375286686 -368.19298348570425 -588.9210130002704
IMG_20140521_134157.jpg 0.14737897122273472 0.8440875202289992 0.22408264393638375 -0.46430880426874016 -348.2174640627893 -156.7672199491755 715.4299005818191
IMG_20140521_134905.jpg -0.2214156493499961 0.0469288654370927 0.9127209674276808 0.34016647017245083 643.9750319632293 20.12514713344358 -293.9777930970312
IMG_20140521_133901.jpg 0.4981774278284341 0.6415023536442787 -0.031244826392929328 0.5825098638604945 -42.81929894277923 -334.61925389905394 -252.16591226234067
IMG_20140521_133440.jpg 0.9159787836559943 0.3363144772223076 0.1825087208030572 -0.12068971428254786 -726.2618744407043 64.7281309468842 643.4009620397162
IMG_20140521_133430.jpg 0.3505043429936048 0.6541643860458838 0.47461468125149314 -0.4732404947934789 -148.4346741975913 -334.25954970236427 809.0654477398683
IMG_20140521_133129.jpg 0.07118719688504767 0.7915559653637282 -0.054481597616037894 -0.6044859735493869 -346.1607128622467 114.6360842014939 633.9914656947585
IMG_20130210_164315.jpg 0.5613158343290653 0.6144108280849776 -0.1327737642626119 0.5383261056152991 -214.77966787185028 -425.20136108905507 -502.77956048801633
IMG_20130210_164224.jpg 0.2664490562510507 0.9490342003541379 -0.05622191186921681 -0.15867603349868728 -713.1693199628621 81.92914232471362 110.2030540590216
IMG_20140521_135349.jpg -0.07903187726140655 -0.3879452711299515 0.9064872090418769 0.14674252562878723 452.32146758687384 471.78808548036966 54.45297382337056
IMG_20130210_165539.jpg 0.790021854044611 -0.03963855436168702 0.41334497730660225 -0.45104344012016767 -150.29968713982768 529.0557666673072 1183.6775947433337
IMG_20140520_211939.jpg 0.6704918365179435 0.4556690407762048 -0.42804900322638784 0.3994752473906045 -271.10763595408827 -234.54572872233595 -691.7440961248801
IMG_20140521_095640.jpg 0.6429306204554947 0.1745767510582413 -0.3017184912351429 -0.68200375902003 -35.162707898033595 739.3023581596908 87.19612279930271
2012-04-01_17-50-32_648.jpg -0.3178851145603732 0.25776623515611397 0.9123681774346669 -0.009483182953266044 512.8711144279245 -354.1367837166799 -321.1428569207095
2012-04-01_17-51-28_674.jpg 0.5498582325876802 0.6459468787794317 -0.51999167612907 0.10008601604191891 -567.0840779919491 552.7288266059686 847.3714009772746
2012-04-01_17-54-56_5.jpg -0.06776127113491244 0.991826200389178 0.03296516189580857 0.1029684245627262 -712.7944839479851 13.111387073204222 30.076160903396893
2012-02-11_15-55-43_341.jpg -0.04189418516850996 0.7580664007810682 -0.2967900550805539 -0.5792200552995256 -280.1568412526118 390.3668179718309 824.8054998769226
2012-02-11_15-56-05_505.jpg 0.873757576819912 0.272595367835738 -0.1261715651003316 0.3825182329568449 -495.63662182133135 -539.5269129386693 -146.307929567967
2011-10-01_14-36-47_800.jpg 0.05430319465386568 0.9502029064527898 0.021083897924296147 0.3061389698607041 -522.3038197027593 -53.18568280669435 -378.2458743614076
2012-04-21_19-06-20_584.jpg 0.15359804900606 0.9674318545435423 0.16652609695260587 -0.11292610499661448 -724.8794810847407 -257.0516811762795 140.4613707521
2011-10-01_14-37-04_651.jpg 0.08920153403448386 0.525639200555507 0.11256304294797291 0.8384963199248732 294.8348275417865 -175.92888721538782 -547.7916395839234
2012-04-21_19-06-34_639.jpg 0.8201069205242957 0.0870771006448217 0.17677326854871928 0.5372089248868177 -225.67520174847064 -692.7866387708099 332.4628634025521
2012-04-21_19-06-42_262.jpg 0.20688670169667253 0.33496737064446686 0.20793313635266564 0.8954097185485247 629.7118555451144 -374.6480968211876 -261.1800829079471
2011-10-01_14-37-38_417.jpg -0.39004293593183387 0.7413884993887412 0.38782371178079145 0.38445073765614646 -354.2321357513428 -160.99037676701758 -339.9567633082604
2012-04-21_19-06-59_420.jpg 0.9731546534810002 -0.11895653515083822 0.03180239473030572 0.19444271866696153 -602.7176256477965 -261.51222035509807 466.1716726312546
2011-10-01_14-38-10_16.jpg 0.06242060062385146 0.648623006482546 0.08058700080541231 0.754253007538246 72.09083108673791 -135.62002991486963 -627.8731274213873
2012-04-21_19-07-18_263.jpg -0.36126356852273594 0.2297920831238945 0.8603227823071804 -0.2766386502913712 353.0596566790262 -522.3525024089533 -307.8552212117845
2012-04-21_19-07-28_94.jpg 0.09754976594781165 0.96833466197854 0.026255390834898418 0.2283039203048001 -592.8160289994436 -104.10193780265165 -484.8176940863404
2012-02-11_15-57-37_244.jpg 0.2504635162934765 0.8182318429066812 -0.04136021087964239 0.5158042372988372 47.120909349965075 -227.13438751359672 183.3797994742563
2012-04-21_19-07-46_32.jpg 0.05293599129518407 0.8889408538222047 -0.02694719556879221 -0.45415392531874393 -579.3713607773991 58.45973289808714 494.9592755611067
2012-04-21_19-07-58_895.jpg 0.8939854360974993 -0.1583334878862408 -0.22633822699021813 0.35283360619740683 -543.0172360570128 -472.6994285796834 72.38410738056228
2012-02-11_16-05-22_472.jpg 0.19256408836740704 0.3070791415779201 0.3868459216443912 0.8479219926302767 644.5568327675015 -301.72710970454665 -86.45127203783716
2011-10-13_14-39-23_451.jpg 0.6070943544684982 0.38197911597026585 0.3509150089091643 -0.6019859269595368 -51.02393798306226 200.15157277077518 753.6359513785363
IMG_20140521_134111.jpg 0.3682099759479132 -0.0015219364522210072 -0.40234588161761975 0.8381747364763583 498.20208767135824 -467.93605105788174 -120.02704466840444
2012-04-21_19-08-10_84.jpg -0.026945008866644096 -0.5413401781357995 0.032366810650766235 0.8397482763312915 134.27620948199575 62.626133259737145 738.4973682868055
2012-04-21_19-08-20_123.jpg -0.41042616802627735 -0.4330405061287735 0.8002807009000434 0.05980869851398282 74.87519565748526 473.74008105723993 -517.5467289818016
2012-02-11_16-05-39_713.jpg 0.03914869123700315 0.9432807888571414 0.011302997469950385 0.32948592624825906 -452.5825471001739 -45.34620447054264 -574.1370806983798
2011-10-13_14-39-58_742.jpg 0.8177060741119132 0.3311949635577564 -0.16390700439196904 -0.44136285116184165 -446.88316202096973 606.209465679806 449.6767077847604
IMG_20130210_163122.jpg 0.04138448519643087 0.5519298025701915 0.07268047400159948 0.8296857032146322 420.53125877827 -88.07850524153261 -554.1190494009388
IMG_20130210_163137.jpg -0.27666071727088076 0.9117490497178562 -0.28862157733490434 0.09418122400170785 -415.0715978304129 462.3733969972444 142.67131445023384
2012-02-11_16-06-13_994.jpg 0.14873012953350662 0.1478729770922491 0.48392815076014256 0.8496037171038562 728.7640756835422 -138.82271529103522 157.3972053219675
2011-10-13_14-40-18_252.jpg 0.21253499690977262 -0.41797751568773256 0.8814052164704058 0.05699575288415105 470.1796119844527 530.9359650469546 245.1563839348653
IMG_20130210_163148.jpg 0.48490967914114164 0.6492114428536631 0.2701606836297671 0.5200002986189497 -71.3073871240931 -641.323023031252 -284.08577782740474
IMG_20130210_163156.jpg 0.27527545161012484 0.367191919982462 0.7923298874516486 0.40200356850567004 520.5881883990355 -480.7443781836374 82.0929213548103
2012-02-11_15-55-54_45.jpg -0.2960227255219954 0.830749398477389 0.1821610081473307 -0.4347911567807397 -449.8062683068753 -362.56887240220937 593.7063137316347
IMG_20130210_163204.jpg 0.03189419115374018 0.5946478350668551 0.06463828207174985 0.8007487779021358 357.85218909251176 -77.80399215634353 -610.3149811704908
2012-02-11_16-06-40_96.jpg 0.5168303772132723 -0.013977651463096616 -0.8290315455349284 -0.21306732024674943 325.8010542794807 193.04525626819446 -399.6634152806998
IMG_20130210_163213.jpg 0.5615258082013493 -0.6603107142918445 0.11579638674635802 -0.485046105160843 -99.77717826745028 577.8071137576972 -103.59625425362907
2012-02-11_15-56-19_244.jpg 0.21681963859426134 -0.44384974175812625 0.434026547166002 0.7533973768312823 280.4134796389553 215.97463866655534 663.5000319188172
2011-10-13_14-41-53_189.jpg 0.49467551975735047 0.6967184744098726 0.24944585657007734 -0.4556931667348057 -417.11905620025743 -105.44411224720214 624.4056847316713
IMG_20130210_163222.jpg -0.4109216216605824 0.8309305195582187 -0.360537521425877 0.10349197148876652 -425.0054884316485 588.4489094232403 39.778210943254095
2012-02-11_16-07-27_41.jpg 0.31985598405940746 0.1903662972485329 0.7750949595308843 -0.510568923890877 544.6693459795142 -68.18917559197119 1584.9842367948797
2011-10-01_14-04-55_608.jpg -0.07445121590798816 -0.6743041773903818 0.1509534689025245 0.719015954642174 8.41240437854831 233.8350452132656 722.9914466486348
IMG_20130210_163228.jpg 0.11153504080356075 0.9407223441503318 -0.032484211883902166 -0.31866311657851865 -662.1249770391985 60.070600802888414 282.9044245776668
2012-02-11_15-56-35_310.jpg 0.038571197649685744 0.566118965503859 0.04997119695503319 0.8219029499178055 419.8690814292455 -81.4457256399947 -614.7911972104905
IMG_20130210_163239.jpg 0.07627499595089644 0.9632659064562953 -0.21861002938989946 -0.13605356850067607 -562.8401697340711 417.2599589342363 464.17537788249274
2012-02-11_16-08-30_939.jpg 0.8268035042332746 0.1620511513786876 -0.45425375026572057 0.2894631584398051 -398.9508191271416 -353.5767011594892 -288.12026044273784
IMG_20140521_134226.jpg 0.6234893780508818 0.3563909078981527 0.6943244212875991 0.04647702904549765 23.50050939287306 -429.91814300267635 598.1644330420597
IMG_20130210_163245.jpg 0.09009554298724531 0.9837054693549419 -0.03216331534606798 -0.1522230726301252 -713.3148371677661 36.68691238348563 55.70457150961167
2012-02-11_15-57-28_658.jpg 0.032941182560507085 0.37511180141090594 0.10903994227282833 0.919954512964048 626.0365299282637 -67.35781225877655 -349.70210278608175
2011-10-13_14-42-44_697.jpg 0.9554542956349398 -0.03975805201552847 -0.18404304428216434 0.22727636063617554 -734.1205182433212 -277.70545834345535 246.6116563879712
IMG_20140521_133730.jpg 0.5917966546848684 -0.12267997893166996 0.7890732234179688 -0.10995358274244209 309.9158620433404 236.24328645735656 772.3769019993915
2011-09-18_19-53-53_378.jpg 0.036187909287673355 0.8109202081237118 -0.03735030958600488 -0.5828411495869289 -393.2541757105092 74.62343176039333 660.8222804566695
IMG_20130210_163519.jpg 0.6506880051133579 0.4157842957601082 -0.1979031148221773 0.6037904409184942 -136.99562893072502 -522.4234343492093 -289.8052469067196
IMG_20140521_133744.jpg 0.16170521600781762 0.94482860783229 -0.058775845398176936 -0.2787395288352394 -514.1589208558182 301.33905410141347 1272.4772540215567
2011-10-01_14-01-49_608.jpg 0.07158349466160559 0.18120787248914752 0.8043174484120219 0.5613492250105664 721.2051927642615 -95.09024390628903 -98.65900298911914
IMG_20130210_163642.jpg 0.993198716355287 0.10051053794773 -0.0543612755812559 -0.02233368104109388 -742.571395866083 -2.3498674011597687 99.54467469219121
2011-10-01_14-32-50_305.jpg 0.003656980509426416 -0.023515603275781612 0.12026001675251732 0.9924571382517303 771.3537237883417 -17.035197723667753 5.502880966999495
IMG_20140521_133943.jpg 0.4117806450307332 0.6040411348502749 -0.008023962018150088 0.6822804583310275 46.84352932271327 -454.21241207771175 -499.8629744601454
IMG_20130210_163507.jpg 0.506617268240692 0.35160567270197474 -0.7871190204489057 -0.012491680899133275 83.15753162012786 279.30748323264936 -302.8024478705041
2011-09-18_19-53-14_634.jpg 0.6059201135824748 -0.7329285075667157 0.2428837736904517 -0.19153091455457988 -510.2761639289815 556.6061080434938 100.3322871388119
2011-10-01_14-04-42_522.jpg 0.7465845266667049 0.0984490586838221 -0.159763986457662 0.6382748593022272 -114.30811937512412 -706.8988140815471 -148.5676949644666
IMG_20140521_134018.jpg -0.08908972940532392 0.6178256271873771 0.7724802028497283 -0.11674266876447685 151.5950719830163 -754.1495340314802 91.95793464267327
IMG_20140521_134713.jpg 0.1783030606149381 0.9032213070542 -0.08716002963044933 -0.3805291293626119 -497.2172442276898 225.91014185930874 527.7280008962904
IMG_20130210_163543.jpg 0.2652818279620782 0.5733862798936586 -0.37629041676836744 0.6776866886925682 61.026004670303145 -68.05173238950987 -38.52703994032744
2011-10-01_14-01-18_320.jpg -0.016331602002866968 -0.2984220365977348 0.06651880815770085 0.9519731167476103 487.026908558592 76.40393959407993 591.2965524928223
2011-10-01_14-34-58_286.jpg -0.21302293745240286 0.5980364551563209 0.559347672121329 0.5330138911094737 135.15452922334612 -335.4519334421282 -611.1121343393194
IMG_20130210_163605.jpg 0.054955197809855534 0.6967359644551927 -0.022722106979954252 0.7148584670567759 237.58726369418324 -40.99201979978712 -677.4945850260133
2011-10-01_14-01-28_960.jpg 0.031998305286166234 0.43986607266651023 0.06391851055943024 0.8952141478906697 587.2385331802566 -67.99758307211034 -463.78888355797443
IMG_20140521_134049.jpg 0.2316550502287338 -0.5338254722138925 -0.3470302111760435 0.7354837424785462 210.47174096336425 -541.4386614690111 509.9407809892285
IMG_20130210_163410.jpg 0.031998305286166234 0.43986607266651023 0.06391851055943024 0.8952141478906697 587.2385331802566 -67.99758307211034 -463.78888355797443
2011-10-01_14-01-40_851.jpg 0.7442603670587471 0.3989370687941119 -0.31641843238186984 0.43220955197281535 -315.73130697726515 -416.27578524872536 -440.4920997277828
2011-10-01_14-06-54_697.jpg 0.028343347185126887 -0.25417470881129817 0.868875938754465 -0.4238472308799271 674.55880095625 320.9661948875786 169.46147508564655
IMG_20130210_163430.jpg 0.0907115184232278 0.8428951711893927 -0.0627180127378337 -0.5266551069620173 -493.56118783609423 130.2310989745627 561.7914330161544
IMG_20130210_163744.jpg 0.03207858784378984 0.7216337265362404 -0.026020090139663082 -0.6910417381291023 -202.58301270738755 59.48597940691035 745.7707530414314
2011-10-01_14-02-31_15.jpg 0.08515797058384472 0.45329684341747184 0.13840195219175272 0.8764216972572673 562.8801461939294 -179.6620099600727 -489.18101726233897
2011-10-01_14-36-35_776.jpg 0.2182694377480661 -0.30888395080458536 0.920766924459822 0.09558989643939353 483.12729712090385 315.36864565108476 651.4731731684606
IMG_20140521_134121.jpg 0.5542261735007125 0.390304282712206 -0.533978167483491 0.5053347723581285 99.35239810281159 -93.73306437841765 -594.5762648845897
IMG_20140520_183052.jpg 0.202963349507187 0.9661199979079075 -0.05551801069899617 -0.14945159379302259 -836.6888963513778 128.97729302582536 234.084893374015
IMG_20140521_133951.jpg -0.0451202985649478 -0.45913798539710515 0.09020359713107239 0.8826209719282184 358.3441863610031 123.78505489061715 633.2472712444628
IMG_20140521_133853.jpg -0.0034592793605130443 0.11078497952014223 0.024763395422205986 0.9935298163347647 733.1831736573522 4.242262017697185 -51.94853270741176
IMG_20140520_182723.jpg 0.8180518671568539 0.16161724964840493 -0.5181179930955572 -0.19032801288276655 -486.1538260666292 332.01258820448896 -340.04359332360656
2012-04-01_18-11-50_589.jpg 0.11233002921030459 0.6332061646589525 0.11017002864861798 0.7578221970641098 292.68640680311694 -230.65810939471638 -678.3972972858911
2011-10-13_15-24-38_28.jpg 0.24013742774728078 0.922535240794709 0.2503749203199324 -0.16904184263535232 -603.3836076493626 -317.3422833613175 284.60366163401716
2011-10-13_15-23-25_156.jpg -0.12411449544084406 0.7984157152423851 -0.43369469719009457 -0.3987942418148082 -245.76478022435816 526.5109899389657 871.4126207936101
2012-02-11_15-54-22_239.jpg -0.11533177462274465 0.2068165981345251 0.9706252865499395 -0.04256794108573737 703.1887491184916 -301.9254445810151 193.33899056279057
IMG_20140521_133959.jpg 0.6877794840163641 0.3820672299053969 0.04652833201621468 0.6154828409617844 -140.08640311050033 -702.447451893283 -175.00451668788116
IMG_20140520_211755.jpg 0.22254233307202975 0.3466608705426699 0.5415644920150715 0.7328090145555752 641.0785740325606 -326.3340326513804 262.7683794633272
IMG_20130210_163450.jpg 0.4164324776255082 -0.21191804061635344 -0.286468042569936 0.8364274004515608 260.57446520058517 -583.2127272225903 509.25605227341623
2011-09-18_19-51-48_277.jpg 0.0611294324243662 0.8450054482090706 0.01936331027071638 0.5308992816004017 -231.51193111818938 -85.93854576675308 -715.4245250716407
IMG_20140521_134720.jpg -0.23951450187847725 -0.5743877396809329 0.39680783048800944 0.6747259247705939 218.07589333331106 562.9935985022397 454.75279933271736
IMG_20140521_135132.jpg 0.4889628340075476 0.33292545234993015 -0.027277992372364303 0.8058113310626966 212.72283989816668 -520.6791621674475 -282.9400383988314
2012-04-21_19-06-12_928.jpg 0.4224624422793543 -0.5366623216496013 0.6311173751731959 0.3677089829464576 110.89439182092069 407.2498290871873 775.1726928548412
2011-10-01_14-32-21_386.jpg 0.4444989555194274 0.2530991436003563 -0.07559209446697944 0.8559482094759006 362.2149686633667 -528.1654116191465 -180.77668734453965
IMG_20140521_135449.jpg -0.25991305957887106 0.7203100725202443 0.43452416779400055 -0.4741174416630991 -62.4088930961583 -786.9706798096323 845.182098710132
2011-10-13_15-28-32_396.jpg 0.47057022879431687 0.8406808005306742 -0.2678321465354447 -0.009240815645047726 -736.3492091584251 133.71081039832643 180.03656597507788
IMG_20140521_134103.jpg 0.21189639053902656 0.923332490529003 -0.06225927753853751 -0.3141350250615495 -570.1112417264542 266.8822903435287 821.7339558494558
2012-01-28_14-40-10_416.jpg 0.8647118666051131 0.07453124106422329 0.05833525967334884 -0.49327018898020875 -407.38331101020503 623.767354418791 443.1081112488611
IMG_20130210_163456.jpg 0.6611695524206554 0.30664190796624136 0.6489432518187277 0.2183992196635062 100.59616827596562 -525.9848535068943 620.3638652671278
IMG_20130210_165257.jpg 0.2744566339595943 0.13224006897007493 0.8472930698084807 0.43506387357361687 583.0395892233375 -338.6074840623664 388.066641702695
IMG_20140521_134058.jpg -0.16075347774959114 0.9018912462351792 0.398597984379148 0.04324518706917093 -512.5483327247307 -497.55377523249274 -82.4883881572222
IMG_20130210_163752.jpg 0.5284364244567535 0.08622962888358587 0.2171640120969724 0.816185755977098 399.5129839224606 -591.3139927978566 302.654974399255
IMG_20140521_134517.jpg 0.5596567990059532 -0.22961099494233211 -0.7812767497831512 -0.1538495972574465 183.17499017917774 -111.9840301171888 -549.0843206797431
IMG_20140521_134725.jpg 0.12393320932206969 0.9654392053546459 0.2213970371532074 -0.05959070675116633 -622.0273469543359 -280.41974285556404 259.04102978271726
2011-10-13_14-42-19_619.jpg 0.4586432225582307 0.5600777888669607 -0.08441056119093225 0.684714628132574 165.9313215842238 -495.88682721909623 -305.16182729163023
IMG_20140521_134032.jpg 0.42746550924884 0.1994561001260589 0.8800211638433053 -0.055256254967266966 433.30207028052297 -232.39310911756738 561.5838273454483
2011-10-03_13-15-48_699.jpg 0.14938305875294366 0.9870783882218067 0.010697104207213095 -0.05697832240979798 -673.3539910927243 8.008456382565374 139.5229753451721
IMG_20140521_135154.jpg 0.05430319465386568 0.9502029064527898 0.021083897924296147 0.3061389698607041 -522.3038197027593 -53.18568280669435 -378.2458743614076
IMG_20140521_134702.jpg -0.0744049029123578 0.5186194707023734 0.8307506161924391 0.1880190647963009 343.41422870280735 -634.6382687885051 -189.75508622721918
IMG_20140521_134006.jpg 0.7646914836849985 0.002955478066435361 -0.6410128659760495 -0.06588403131416706 -231.4750343467736 75.0692321108683 -689.6440209883009
IMG_20140521_135141.jpg 0.151589165666668 0.7199726056317092 0.3175499501706255 0.598182414601937 -68.48357788522502 -415.62371497013777 -443.47343612376113
IMG_20140521_135136.jpg -0.36308393186835486 -0.1084430063038931 0.9120422055612145 0.15680940047658268 459.51249128352185 198.05960893140568 -340.5392660843647
IMG_20140520_182909.jpg 0.07539999693656001 0.8754909644295208 0.03344059864133593 0.4761429806547015 -252.68443775210147 -113.2990032722102 -698.5160526107911
2011-10-13_15-28-44_551.jpg 0.38619006566643543 0.5584266989666943 0.49719279028933605 -0.5402001336042227 -3.982060221197698 -236.66524789243414 721.4133876409151
IMG_20140521_134455.jpg 0.38210707177597286 0.23798385707125488 0.36557869091254247 0.8146840431866526 449.4049914505919 -646.3688583822366 -93.27053940366403
2012-04-01_17-51-57_877.jpg 0.8365164281403826 0.2851609680773828 0.2767870920072417 -0.3772431489564805 -421.88850100256246 382.41224632808115 507.49517652687604
2012-01-01_09-47-31_226.jpg -0.2040796712131129 -0.6792172542414191 0.04203367831148798 0.7037389993640409 -130.5718088858429 225.33484604829334 751.7135863493498
IMG_20140521_134759.jpg 0.22655110367760667 0.9517134355369258 -0.06049962768671836 -0.1981310906716275 -655.612819852736 162.82498079138725 298.5859736972731
2011-10-13_14-42-35_909.jpg 0.6033528253615029 -0.10018851085934141 -0.744196619294458 -0.2685126109715875 37.3683277903681 209.5451847724996 -637.9116286471885
IMG_20140521_134042.jpg 0.5288028444279727 -0.36314382664437184 -0.08441320512980025 0.7624752610378136 155.49373089925194 -597.7603898868722 467.58612120999817
IMG_20140521_135234.jpg 0.5779676045376302 -0.5453799802070611 -0.005598221242440501 0.6070278290270558 -277.4367103320456 -495.74151336814447 783.9958247885266
2011-10-01_14-33-25_558.jpg 0.6908722518435284 -0.026872548975930704 -0.5389994642631774 -0.4810955988867458 21.643238253224084 467.94343962039903 -520.2715105450308
2011-10-13_14-40-48_799.jpg -0.4299546324206431 0.41583171416355674 0.7991136677340329 0.06033527655103215 102.71787597710198 -325.7527770852419 -542.701077577329
IMG_20140521_134620.jpg -0.49270988074501854 -0.4019206247930206 -0.42983581416843725 0.6410444271970347 91.54153122423308 137.03285966761052 1045.2930293509673
2011-10-13_14-40-58_228.jpg 0.4952879633460623 0.5880811354963685 -0.4960362435886308 0.4034829073012789 -124.99384305368547 -51.692424734701135 -694.2096847010445
IMG_20140521_135207.jpg 0.033940390461442205 0.4348718777842422 0.0793649776953825 0.8963457480922992 406.7510183535096 -87.63819856621306 -491.901019587291
IMG_20140521_134708.jpg 0.30119769475042096 -0.08283565694386993 0.9402710273829438 0.13530926679253463 576.7044930556508 49.29865975435757 486.22822516061365
IMG_20140521_134010.jpg -0.23316583195234955 -0.3008839135164155 0.8862929093440333 0.2637943218560702 457.96590559773614 502.2589099293822 -223.02675054437304
2011-10-13_15-22-28_406.jpg 0.6880912226098765 -0.07262656371872368 0.7181541479427419 -0.07423254947992936 -10.450662702178992 116.95350481570236 1037.3964350736242
IMG_20140521_135259.jpg 0.07976438774892441 0.7034578919553445 0.055789491431247756 0.7040398918659546 -31.61578383870379 -129.02207232166148 -634.6243436796614
2011-10-01_14-04-06_46.jpg 0.5077535669222817 0.6424772083223855 -0.2755837884565667 0.5034510180781246 -238.5937456698894 -198.707732766396 -629.5134374950856
2011-10-13_14-40-10_3.jpg 0.5719340700259931 0.49755815499499484 0.1284733393781211 -0.6393918227585594 -173.63855801063343 295.8288077361725 687.8843474158153
IMG_20140521_133829.jpg 0.11249798967524709 0.2026100785556349 0.08729265810050973 0.9688515625360034 704.0166813142542 -156.84450806907086 -113.61063044676509
IMG_20130210_163303.jpg 0.05546570994601493 0.8158331462937852 -0.04864510872295654 -0.5735621028501617 -399.089979035676 97.02435953159441 616.7637300191274
IMG_20140521_135218.jpg 0.08033480933335292 0.6649620772557475 0.09229311072267653 0.7367860856003098 96.98992613790224 -158.3599647043654 -616.7208446280104
2011-10-13_14-43-25_273.jpg 0.4057245287089347 -0.1625640595000442 0.7333075281944219 0.5207884430900577 532.0236410462304 -8.108363939427713 567.8954564139464
2012-02-11_15-54-43_404.jpg -0.13326501589005504 -0.6033700719437399 0.1595390190228754 0.7698910917991247 47.08947420917901 314.7709404350899 710.3298520014891
IMG_20140521_135144.jpg 0.03185360580757671 0.40974907470580235 0.054604409955522806 0.9100051659129215 422.5009782836941 -72.31709665735345 -481.31597296487894
2011-10-13_15-21-54_312.jpg 0.615582237731784 0.044457233969773705 -0.3713742321259494 -0.693659313099556 217.0123458487175 655.5977493234661 -287.8831196818805
IMG_20130210_163342.jpg 0.052079900131422156 0.8241132277909351 -0.06781706178030451 -0.5599338513733506 -394.2882448137401 229.39225220882122 897.8879357996319
IMG_20130210_165409.jpg -0.20867775600656738 0.3174418351583145 0.5204130892840653 0.7647577995294984 505.7143040499227 -13.288392822507372 -461.28251883284236
2012-01-28_14-40-55_292.jpg -0.32633924640463036 0.5277851950525527 0.28018571833261446 0.7324216322459582 173.13775420568217 174.22244068609348 -355.3221512189328
2012-02-11_16-06-32_96.jpg 0.580328937685346 -0.790282273619032 0.031408584658852844 0.19412818676910135 -686.3004139525194 20.178892048250283 270.4432071924379
IMG_20140521_134543.jpg -0.25254253373777874 -0.29222650895370117 0.3114003086573463 0.8682486878113578 407.2638728609137 593.486346552577 606.1612808746727
IMG_20140521_134552.jpg 0.32391844873682235 -0.04346509497643911 0.916641586198017 -0.2301213300391844 584.4001129350297 176.73780159326296 505.3140957737755
2011-12-17_14-51-57_632.jpg 0.567947754136965 -0.26838311881876353 -0.6815812068537652 -0.3753037550673531 163.04535914555007 55.49302953078432 -616.8174229212502
IMG_20130210_163442.jpg 0.22148478805510638 -0.14376103501743462 0.7756177006932501 0.5733187907632337 666.5128504133716 173.7271496987537 323.0401716213432
2012-04-01_17-52-20_918.jpg 0.8070064737794748 0.12938308135230447 -0.3015820098939824 -0.49096727064653395 -231.24109592164368 668.7509587730041 -287.22513416420514
2012-04-01_18-11-32_119.jpg 0.047849388290677856 0.767420812202876 -0.03973409027658911 -0.6381198438443817 -310.8932577468929 87.01640122117723 699.7910105358319
IMG_20140521_134259.jpg -0.38924477824604636 0.0015096118839216862 0.3128781475466308 0.8663679867515507 512.8380498695956 501.3880090453674 -139.9976800664116
2012-02-18_13-09-02_132.jpg 0.16741592740028846 0.8749335446307519 0.3380224909371595 -0.3036511079400295 -439.52013480681694 -353.4135668586406 730.5442641928029
IMG_20140521_135425.jpg 0.0017584636887185616 0.11491927917556208 0.9922485753651865 -0.047257081638443166 655.8202156864064 -136.89239229485815 76.44336768486495
2012-02-04_14-26-36_868.jpg 0.5611336495886793 -0.1394352869114988 -0.1232622475761975 -0.8065316152424913 242.66888420028573 683.5571844518314 118.34196990928787
2012-02-04_14-24-57_766.jpg 0.06340076940385359 0.5433147378054333 0.06696996768141845 0.8344485973091227 295.4030241847498 -115.58101661506207 -555.7961075547177
IMG_20140521_134229.jpg 0.12401565846618186 0.6442658104031617 -0.5984600702558811 -0.45976866608119654 40.88433578919934 650.2804633362601 311.9520934113548
2011-10-13_15-23-06_588.jpg 0.14775166059007072 -0.008865331862259723 0.009680568900392433 0.988937378841357 703.817261821117 -208.1791361255048 73.85329411042093
2012-04-01_17-53-25_203.jpg 0.37234626468400434 -0.4761738182008452 0.5981574712696657 0.5261410396463834 215.50570274520933 130.04387415093458 874.6305994954097
IMG_20140521_135431.jpg -0.2713544710939577 -0.21491474764610222 0.17778546482827004 0.9211789895331562 466.3212991218518 470.85901140883175 450.84636603845496
IMG_20140521_134250.jpg 0.0585817671789186 -0.4465697942831688 0.790035901362458 0.4159169026939057 480.0884284885991 557.3177082995152 409.84718581488767
2012-04-21_19-05-53_128.jpg 0.42406799927695676 -0.3526903256230231 0.1304942175482757 0.8238611080683617 262.3501850244349 -376.11414543696185 749.107624649316
2011-10-01_14-02-03_773.jpg -0.41958383874292077 -0.4443322313531985 0.7875088107496881 0.07967523729525049 142.85157131181077 515.1478205610291 -376.9015280877722
2011-10-13_15-26-09_227.jpg 0.2705802379304996 0.8126468162279704 0.4147657347215011 0.3071821482719187 -352.413080068493 -548.7741789704228 3.2726936964158
IMG_20130210_163656.jpg 0.9000689050299107 -0.04547081698753011 0.4253490443718171 -0.0829853086559703 -347.43953463671846 132.09059489986717 712.100451689508
2011-09-12_14-15-33_253.jpg 0.7041562009234419 -0.012531567628028891 -0.5121009144024948 -0.4916906120539399 8.962628151304617 493.96305394620964 -434.51519592629046
2012-02-11_17-54-57_837.jpg -0.009952432166301883 0.006657521449113242 0.04093120890931517 0.9990902174675478 755.924574965743 27.180397838268423 150.27508494056588
2011-10-01_14-34-01_838.jpg 0.580307633399749 0.23672166718497045 0.18413562671468214 0.7571657505972805 158.63280601231384 -709.5937476999238 -54.86984945032754
2011-10-13_14-41-10_987.jpg 0.036622609627700614 0.3608850948729128 0.07865952067876439 0.9285652441100802 647.5495862360087 -68.80641105669547 -349.60902430689964
2011-10-01_14-03-23_319.jpg -0.47929749248165626 0.8114506156064674 0.3343971122508287 0.0006192341950456895 -574.2802155364801 -210.94700640580285 244.6407838120263
2011-10-13_14-39-31_519.jpg 0.49491163067954985 0.48440008436956966 0.005233618560920307 0.7213817611484379 192.51184102088158 -518.9624082974817 72.57888837214985
2011-10-13_15-28-57_199.jpg 0.8255226426573433 0.2877422764311843 -0.3834968575647059 0.29773630791731087 -433.5151295118126 -313.0173397292025 -482.5726771272575
2012-01-28_14-44-12_979.jpg 0.47273615238714745 0.7849609247153367 -0.2039728980206148 0.34460402459825046 -464.8217751628927 -80.12863314904374 -542.5577878549287
2011-10-01_14-32-07_573.jpg 0.31265719626734073 0.4980310139113071 0.7398793941769565 -0.3267859679929065 229.62036086434782 -392.3511905821605 632.7817159631661
IMG_20140521_133816.jpg 0.8497082048840046 -0.07552572618315467 -0.2643345287060933 0.44991008898560714 -399.9195130965684 -604.1475216247624 -128.47070460729242
IMG_20140521_133716.jpg 0.46807770607566573 0.4575551289383609 0.32538858964280104 0.6823993191580804 234.3430801573784 -680.1980978439772 -155.98419335731884
IMG_20130210_163420.jpg 0.06464729224853834 0.9959798805781401 -0.008025009037770219 0.06148499262771034 -715.818938233757 -19.23495093383764 -277.5816105679417
IMG_20140521_133618.jpg 0.7139943289237848 0.030096003975028613 -0.6899137441159259 0.1154354992597778 -166.93576619500897 -122.00862849153182 -665.5215260655868
IMG_20130210_163326.jpg 0.07539999693656001 0.8754909644295208 0.03344059864133593 0.4761429806547015 -252.68443775210147 -113.2990032722102 -698.5160526107911
2011-10-15_14-27-51_352.jpg -0.1287483763421796 0.4803573381197384 -0.4284856733341305 0.7543743838779047 543.9647867466356 334.03205250794576 -283.343045078733
2011-10-15_14-27-59_188.jpg 0.0397969836254666 0.6178057458028248 0.047952080270038874 0.7838576774804885 330.421490622525 -81.65677058659655 -640.862779839919
IMG_20130210_163733.jpg 0.5653761327840122 0.38209750430809275 -0.48072890718461203 0.5506823435310151 30.49086428367054 -377.9892884505338 -659.9038758337498
2012-04-01_18-11-58_134.jpg 0.057760580246779256 0.9935686602149599 -0.001763439396931133 0.09737516669920636 -711.5608043448455 -25.03053988613893 -299.4384874962352
2012-04-01_18-11-40_213.jpg 0.907320393140502 0.37833049408979025 -0.16229915779143367 -0.08540916117918232 -771.0261806148726 105.33794783029386 182.21991647946263
2011-10-01_14-05-51_548.jpg -0.3035298616524446 -0.5533408082489827 0.7608996810548722 0.15071578677167344 207.57938199774662 690.4230092730351 244.91879199561163
IMG_20140521_133704.jpg -0.2549322719339494 0.1343102988060525 0.28892548122527345 0.9129580202068263 650.3858844982433 391.43841069186544 -59.332607564475175
IMG_20130210_163614.jpg -0.014457604683086949 0.19577606341550677 0.0011979603880416419 0.9805413176155627 761.4511734870767 22.189206471096032 -110.48753520132799
IMG_20140521_133236.jpg 0.8536598410143166 -0.4971754773568944 -0.15092640456366596 -0.03609211769682202 -722.8044294786699 102.12814870329083 -84.13299419640644
2011-10-01_14-05-02_890.jpg 0.5180126826125155 -0.34522006919690296 0.051705049118174244 -0.7809049573232061 313.4530996362457 1214.7047587721888 1401.2842413302938
IMG_20140521_133657.jpg -0.1854519797725221 0.46343917212409524 0.8662853678300465 -0.019528400419544366 266.0394191985343 -655.0127106064161 -112.73599245280346
IMG_20140521_134901.jpg 0.21917890158452352 0.5534532903794508 0.8035106563748808 0.004548577840337946 185.08568260368094 -622.3313096205663 315.4503673783037
IMG_20130210_163537.jpg 0.372170588335555 0.840544362043472 -0.014934274110867302 0.3933842854915293 -441.3406808892096 -233.60743985306718 -339.51602815433824
2011-10-01_14-04-27_991.jpg -0.29419381381522797 0.3578131716991286 -0.22698715545534712 0.856677632093748 507.1886411186058 513.2504749404395 -124.86140549500661
IMG_20140521_133638.jpg 0.9067897072192312 -0.27035370275524656 0.13032324579530008 -0.2960695085502161 -536.8228773813152 348.7666283532411 570.1539336081133
2011-10-13_15-26-23_83.jpg -0.47481201228205955 -0.47441030321907596 -0.4160960917444042 0.613475720487191 40.68592683843568 104.62699650073043 685.8272094734614
2012-04-01_17-52-30_726.jpg 0.111490384450356 0.881211373990556 0.0695678049731349 -0.4540888999260036 -422.5046992582121 -17.503799037550376 676.039382089048
2011-10-01_14-04-16_647.jpg -0.14151589014116184 0.9704300847144326 0.020766794853265713 -0.19444136326979355 -637.9169903221712 -38.006067831305444 401.9824201310982
2012-01-15_12-42-51_289.jpg 0.8473127622267569 0.37344187469108164 0.07235195339332669 0.3706311428294225 -515.6054199163382 -656.3694079825865 140.83469105265803
2011-10-13_15-25-56_609.jpg 0.41899361135664287 0.7862580184624581 0.28205894271461934 0.3559289744886168 -346.68786699389716 -494.9476114130906 -177.61800264984106
2012-04-01_17-52-11_509.jpg 0.0831580793377157 0.5621722861267509 0.8209858327360722 -0.055039231449420536 422.70940495721914 -814.5818583220992 652.7784910677856
2011-10-01_14-03-53_317.jpg -0.09055805910621004 0.4445913322645288 0.4883833675981911 0.7453988673586895 510.1999671129133 -106.53673662432915 -470.8754007270932
IMG_20140521_134814.jpg 0.5689426479396903 0.7503634327133921 -0.2973020983951229 -0.157703660362735 -522.2425775215395 476.60973414014194 -49.003206205755205
2012-04-01_17-51-41_830.jpg 0.7187295395184572 0.41003017260400126 -0.5471488746671695 0.1262189190587898 -275.76653916604636 124.10039223730158 151.63698522908874
IMG_20140521_133925.jpg -0.2582574334015821 0.7227567778961601 -0.6297889825652334 -0.11954737779406194 -66.60209871791582 691.8542791013708 592.5585657827122
2011-10-01_14-03-03_624.jpg 0.015046902005258858 0.33980804528527486 0.04170640555809688 0.9394491251977769 679.073279779492 -33.728366860254155 -368.9526251052806
2011-10-13_15-24-27_555.jpg -0.23821353308402463 -0.16865240640050203 -0.33751636442866534 0.8949264674898171 708.6586175629682 250.2916322026349 765.1954326408796
2012-04-01_17-50-51_52.jpg 0.41857481640202987 -0.5568752531922018 0.6077682190139596 0.38118613224083575 27.482054274757925 254.15353001205057 833.8031354066949
IMG_20140521_134746.jpg -0.42456267169176554 -0.2808566640683024 -0.29952801308040217 0.8069380654266359 281.7117203761669 380.7573523862042 893.3740490065861
IMG_20130210_163400.jpg 0.05293599129518407 0.8889408538222047 -0.02694719556879221 -0.45415392531874393 -579.3713607773991 58.45973289808714 494.9592755611067
IMG_20140521_134319.jpg -0.1166763134942966 -0.5103939692955602 0.15139000923784598 0.8384304974647979 333.8431798914733 260.8534924847216 625.4852210891128
2011-10-13_15-24-17_508.jpg 0.5076880226566587 -0.15403207858986584 0.839732915051067 0.11565302328990469 370.99693827870874 119.20327838910471 695.058034280966
IMG_20140521_133834.jpg 0.030956494063222033 0.9033368267597692 -0.01765489661417727 -0.4274489180246538 -610.9309072363718 36.49613545140174 475.96850169261603
IMG_20140521_134734.jpg 0.9894943247025713 0.1386847339501773 0.0369579132117423 -0.01736774601392585 -705.0784383282388 -49.820309324383494 304.1108519538834
IMG_20140521_133824.jpg 0.18389805674305892 0.9543252944638859 -0.05820411795929633 -0.22816007040041938 -686.4309131132155 100.24426867106608 202.06854484623116
2012-02-11_17-55-15_790.jpg 0.49739524455692763 -0.3825164492460312 -0.01930210357456289 -0.7784000035624102 218.08199186768255 612.5514647238602 -283.4343123162268
IMG_20140521_133802.jpg 0.24748654349945495 0.5130753738489551 0.820543967991179 -0.04702837579311357 272.46246754505603 -617.0356087055486 358.27641023780797
2011-09-18_19-52-52_142.jpg 0.04399411018853447 0.890740206285279 -0.026630206167252212 -0.4515941045840473 -572.9299190655231 56.21628372466415 508.1018485553438
IMG_20140521_133751.jpg -0.43941013146456315 0.3462423323700885 -0.2814593230617518 0.7796253158427046 359.32622252075913 624.3431036272417 -90.42048827896217
2011-10-01_14-35-09_370.jpg 0.3979094451636148 0.8558503166743164 -0.11086843334556687 -0.31128202547779155 -545.1424179960482 317.6672830432093 494.51386437924435
2012-02-11_17-54-45_951.jpg -0.02171598775717137 -0.49795071927018053 0.04699827350376991 0.865658511967453 221.46378243989898 73.989954974643 739.6185103063435
IMG_20140521_134934.jpg 0.6042813291487283 -0.5316502154665425 -0.40027582106047227 -0.4381453990526318 -180.20487341555202 91.18958708846725 -497.81229614787395
IMG_20140521_133735.jpg 0.4125319131124499 0.1546538953970534 0.8961984649061902 -0.052229348091734795 493.84440670579374 -222.66693034547052 601.0920452173862
2012-02-11_16-12-51_455.jpg -0.0654118254616476 0.9510570279497067 0.3020009097048947 0.0026968898126813884 -664.1523886172747 -352.2524453467263 374.301642164072
IMG_20140521_134642.jpg 0.7007525773752507 -0.31393803889219934 -0.5433033549074698 0.3394262770982102 -48.387183843013396 -576.0409714338136 -327.2463954322954
IMG_20140521_133725.jpg -0.1544663606841246 0.966293689588185 0.19107129832323377 0.07686616834556398 -731.1144151009145 -208.58316649109213 -80.46941387875603
IMG_20140521_134624.jpg 0.3796950200646682 0.6253665875133125 -0.0023712965208382876 0.6817203971665041 -52.98834139544681 -396.205423992114 -489.1135535775891
2011-10-01_14-33-40_719.jpg -0.01900943147714516 0.5039049341858197 0.8624457528366696 -0.043655265800249254 276.6507389139203 -645.903635824478 420.6909187104759
2011-10-13_15-22-10_39.jpg 0.05179476767880815 0.22561662176809602 0.19580865497064862 0.9529288602312534 692.6441893765791 -72.95183721215565 -161.43529604069153
2012-02-11_16-07-09_767.jpg 0.3333516073443495 0.7942833572479323 -0.03562896040112844 0.5066766537552594 -213.6988225851854 -263.7306474696077 -557.7760886483412
IMG_20140521_134611.jpg -0.489145139966127 0.039096523821968154 0.5587030078941356 0.6686250390484952 427.911402194749 434.55867241913387 -468.74343870512337
IMG_20140521_134851.jpg 0.332100632210767 0.7479057362637089 -0.4733205199753813 -0.3260580701643243 -210.8854508795147 660.1616712742449 189.9858238105026
IMG_20140521_133653.jpg 0.6518292733932954 -0.42872442486047757 0.004247892749004907 -0.625536506754653 -55.237643521072314 667.8635425854792 -232.1004585520726
2011-10-01_14-33-15_675.jpg -0.3463020661357049 0.9123619114187674 -0.217866457110658 -0.01431182897063604 -703.604226817068 256.71432468278647 238.31269027770128
2011-10-13_15-21-48_70.jpg 0.05081967859792383 0.7219970096236786 0.5132162313481162 0.4612448137838582 -28.58152550549493 -618.7015023414484 -267.10122480003537
IMG_20140521_133644.jpg -0.48979440775223765 -0.22244104027680398 0.7939391575242198 -0.2833408475404496 235.315737873538 -34.92753782377518 -662.72744776442
2011-10-01_14-33-03_50.jpg 0.9371137810079541 -0.13348137529335377 -0.2505214858319077 -0.2030750330083567 -582.5108215864195 218.8049277934946 -320.7907901971627
2011-10-13_14-44-35_892.jpg 0.12844582892488884 0.45183234553045204 0.8548551854912247 0.22039013680973057 482.6835204932568 -616.1892323426757 25.78253080557544
2011-09-18_19-45-01_34.jpg -0.01950469482789931 0.03280959129981211 0.18747895028581496 0.9815267397265033 777.4902526580307 63.16828274283116 61.186521889991646
IMG_20140521_133630.jpg 0.8629750521090429 0.17487234294128745 0.3982407110608534 0.2570954281300331 -374.5006603672616 -461.8736383707296 760.7143533021166
IMG_20130210_163338.jpg -0.06963834025777084 0.16453153281218935 -0.023654899718940685 0.9836261088421255 734.9042027054419 110.77842032913115 -78.88311901512516
2012-02-11_16-05-59_783.jpg 0.5249084179504274 -0.06868360827726287 -0.059779440479664894 -0.8462742659532625 396.25182523583464 655.1032542317112 277.8813267816135
2012-02-11_15-07-14_158.jpg 0.6575890684955209 -0.1076807031181047 0.3655047219127203 -0.6499136722909347 119.18743694324544 796.5262014862188 853.5153606150864
2011-10-01_14-31-58_416.jpg -0.47755878680330105 0.4175490671491592 0.042466397633134624 0.7718723901927641 298.0979018880334 616.800404868439 -201.31887626691488
IMG_20130210_163309.jpg 0.6317198768922837 0.1463556880141723 -0.4673852489198244 -0.6008835484661318 -366.3584923499818 1175.7473090782178 1809.842004924285
2012-02-11_15-06-19_188.jpg 0.1281137844983994 0.8799568058569763 0.4542403115511824 -0.054116701759902165 -386.3728653586937 -655.5241483110997 368.8812551708314
2011-10-01_14-06-32_541.jpg 0.1715497668354287 0.21552554324810583 0.24310772284439194 0.9300634670815391 744.6704071754668 -264.5464093494341 -104.00285302355302
IMG_20130210_163253.jpg 0.0397969836254666 0.6178057458028248 0.047952080270038874 0.7838576774804885 330.421490622525 -81.65677058659655 -640.862779839919
2011-10-01_14-06-14_385.jpg 0.5020892617169327 0.6333795180775296 -0.5445836925110564 -0.22397625141841493 -291.1922179060816 663.8070200928389 -109.64439424900642
2011-09-18_19-51-28_840.jpg -0.1349649124607839 -0.2662431927960502 0.7979253563716772 0.5236546193373554 452.3663337944163 518.8150801735345 271.5723877715105
2012-02-11_15-55-18_225.jpg 0.057760580246779256 0.9935686602149599 -0.001763439396931133 0.09737516669920636 -711.5608043448455 -25.03053988613893 -299.4384874962352
2011-09-18_19-51-21_238.jpg 0.19363299344434604 0.9532969677251022 -0.03695539874883509 -0.22883499225254436 -706.0397982976398 80.49527805428534 236.36394601977662
2012-02-11_15-54-53_466.jpg 0.7398350439236356 -0.35789254758605765 -0.29675875675751456 0.48630368336319313 -343.73748883370257 -634.0311886048793 110.97252219314755
2011-09-18_19-50-03_845.jpg 0.7279855367616028 -0.05571854082587461 -0.31792889630636645 0.6048584291944457 -409.44571735139004 -299.6810047742731 2179.0651060631153
2012-02-11_15-54-30_83.jpg 0.08605896415776518 0.8455206478536559 0.043312081961184086 0.5251787812711158 -234.66878693573892 -141.27593413954648 -728.824668466448
2011-09-18_19-49-27_741.jpg 0.07019658032457202 0.9938237214407459 -0.014196696020802311 -0.08476617624085407 -739.4417098785713 19.640185108467183 96.21260704427533
2012-01-01_11-00-20_21.jpg 0.10688720488975294 -0.046077827072442276 0.5046044032471361 0.8554685005929439 724.400763544687 17.21406759546412 283.57912523562425
2012-01-28_14-42-30_955.jpg 0.4931150476694066 0.6871522452176393 -0.5305684506952192 -0.05618238853262855 367.02270962809064 -1019.8600037664419 16390.886377695533
IMG_20130210_165559.jpg 0.3811620968866054 -0.4987332917180283 -0.44027975065550107 -0.6419768693588856 179401.74137945066 -28234.100294634558 435718.90926427644
2012-02-11_15-53-41_116.jpg 0.2572015154036827 0.9268134815137744 0.024082429399997496 0.2725512567436811 -544.9130541476169 -316.88585049216016 646.6591861208225
2011-09-18_19-48-09_199.jpg 0.3985173243856208 0.3705547737900188 0.22077223952402625 0.8094026933742561 333.4673503954154 -504.87848174260546 80.1339569397066
2011-09-18_19-48-01_445.jpg 0.2606162533282626 0.333539278479675 0.9049606498143683 -0.04332367135819864 483.2031816734161 -431.5191822895601 441.8062299543866
2012-02-11_15-07-21_697.jpg 0.576558346994517 0.781101158641404 0.23968897541890746 0.0032630572537131496 -593.0425619050136 -295.4044288132428 299.49919831569434
2011-12-30_15-21-57_182.jpg 0.5082645193110605 -0.7087089965552985 -0.19550202993202673 0.4485283635440857 -429.167941928043 -525.854974995293 625.3017575081676
IMG_20130210_165459.jpg 0.470414037423509 -0.37024907376670674 -0.09815723521090061 0.7949788764146889 333.40851074180404 -563.1770025122312 723.9684933775811
2011-09-04_18-03-31_55.jpg -0.4058368497897463 -0.4569381825156442 0.7431487076624608 0.2724590740123164 91.76587711323275 650.3083926278485 -263.46158833888114
2012-02-11_15-06-31_219.jpg 0.08858427546375655 0.9222007445670594 0.009887057261463812 0.37629889577200615 -469.3467787837465 -85.45205271033088 -601.7692345012402
2011-08-27_19-07-57_152.jpg 0.30590141279690164 0.3297999356065972 0.885669965139671 0.11508710167624661 487.5084758045777 -478.4548489150056 322.3311032945759
2011-08-27_19-04-32_391.jpg -0.31312181773738135 0.34218771644710716 0.8338326369696643 -0.2993082482888979 473.98546704331636 -573.6563404030546 176.52711902212027
2012-02-11_15-06-07_821.jpg 0.039987919376413994 0.8128518584762641 0.5303979290614297 -0.23738335940620434 -277.4598398905544 -679.28741106323 309.37353014907876
2011-06-25_14-52-41_37.jpg -0.04081609334223328 -0.6610448921728582 0.04893149201848015 0.7476358780484641 -85.75179778512569 95.38170423178943 747.0320188388988
2012-02-11_15-05-53_430.jpg -0.13929098099646806 0.8031364351431336 -0.21585598199929298 0.5375649581155212 -176.80776876230715 436.005997917413 -424.70266084558415
2011-06-25_14-52-30_729.jpg 0.05293599129518407 0.8889408538222047 -0.02694719556879221 -0.45415392531874393 -579.3713607773991 58.45973289808714 494.9592755611067
2012-02-11_15-05-45_805.jpg 0.28095144282722 -0.37724893181033575 0.8801889140361241 -0.06337985349598464 511.92318906705964 600.3980410868944 486.11506732897374
2011-06-25_14-52-16_178.jpg 0.7949350287295043 0.5602165453901745 -0.22570430409607217 0.05738718918389881 -701.8883997115935 -34.11129012954589 -189.3355347327793
2012-02-11_15-05-04_657.jpg 0.6813375635266249 0.43013848649272457 -0.4993614465393808 0.3184307659059466 -207.14329984920886 -168.25922488207064 -381.08486344592046
2010-10-30_17-49-44_340.jpg 0.5551626718697226 -0.8265715868488598 -0.08947614161702502 0.023829386436887708 -679.327756842802 17.811465436611194 113.62049542027286
2010-10-30_17-49-33_742.jpg 0.7972370281955667 0.40473722316622657 -0.04866574724030251 0.44523313679816745 -384.55325633858826 -596.1485754269139 -222.36571516259656
2011-12-29_15-36-12_252.jpg 0.005580991862917703 0.4483021496418614 -0.02422640808669957 0.8935362982596337 520.0220031391134 1.669505372478938 -494.5471488491357
2012-02-04_14-38-27_722.jpg -0.40305040368002093 0.6993094634811624 0.0769221995719966 -0.5853201018178574 -256.8420541121144 -465.6454120759595 1287.2075428709518
2010-10-30_17-49-17_523.jpg 0.0450046925557949 0.7562948749016192 -0.057493990489945974 -0.6501438924600036 -288.1558457558765 108.20603165859316 696.2332510884946
2010-10-30_17-48-53_719.jpg 0.03792772932332671 0.29394443978466844 -0.07705728738784111 0.9519560536750012 760.5351647784836 3.59031654974099 -94.64046191257293
2010-10-30_17-48-42_201.jpg 0.03548672620034126 0.849233840486764 -0.15117609445677524 0.5046665878582411 -111.96728804904042 115.46141479649962 -566.3077285709672
2012-02-04_14-28-54_541.jpg 0.297928807219921 -0.417116407421125 0.8578655918814553 0.03631741668249249 388.0911726279318 387.9891400095779 935.5608185535224
2010-10-30_17-48-33_797.jpg 0.06351720296726686 0.9641040450390422 -0.026540501239864893 -0.2564460119801206 -727.8054770897274 41.76496938124531 209.3677112316067
2012-02-04_14-28-43_650.jpg 0.723154965611021 0.43898126702548923 -0.13195616026173368 0.5166526054147016 -361.0971661404141 -446.510088841243 -475.3267376490002
2010-10-30_17-48-20_774.jpg 0.038571197649685744 0.566118965503859 0.04997119695503319 0.8219029499178055 419.8690814292455 -81.4457256399947 -614.7911972104905
2012-02-04_14-28-35_778.jpg 0.6117973320542653 -0.26016904075496194 -0.27956532928859346 -0.6927187895413881 68.43854161521172 581.4626948062452 -198.07195799093532
2010-10-30_17-47-59_875.jpg 0.7730935165240279 0.10719196339641639 -0.17924278370253902 0.5989226345549975 -69.08729714221714 -683.3114302750496 144.14676401501123
2012-02-04_14-28-12_421.jpg -0.2357544232808652 0.329707691707166 0.797181622128453 0.44745295984414624 501.2724319170037 -252.981290750583 -430.1085834810386
2010-10-30_17-47-51_774.jpg 0.07011723155580582 0.997211448788552 -0.021402409632015798 -0.013958406281890316 -705.5197375100005 8.679560928680202 -142.4432687425755
2011-12-29_15-33-41_760.jpg -0.24835044933522019 0.878081906694788 0.4039120779300977 0.06441469360658714 -721.3494897609586 -620.7203220211969 1722.124782218707
2012-02-04_14-27-59_72.jpg -0.010903150996364226 0.9566432828314819 0.23836665145644384 -0.1670212267503721 -622.5461742479977 -349.0596497666252 397.700765547072
2010-10-30_17-47-33_586.jpg 0.26090977392208364 0.6906649604020214 -0.2928009403375165 -0.6075982321256935 -249.9667944729242 498.5741836771734 452.6319774417254
2012-02-11_15-04-56_852.jpg -0.213792842385206 -0.431049692767465 0.8729255423252278 0.0805591736932264 388.17620215231364 585.2280771845479 -192.2406147316661
2011-09-18_19-49-47_322.jpg 0.35007729913300173 0.011393356948353682 0.14983642276469136 0.9245891641492835 553.4923629385736 -467.81464726864044 125.92399256771382
2012-02-04_14-29-15_423.jpg 0.09954447762855281 0.9248777921446255 0.043163890299424794 0.36445691809260655 -590.1323241222715 -116.80007283280716 -473.7183248169383
2011-09-18_19-49-18_689.jpg 0.03968379824404276 0.7071889687077939 -0.05340499763689726 -0.7038869688539032 -31.615698775180483 91.83125489315985 738.2396675950963
2012-02-04_14-29-05_111.jpg -0.3929205852030307 -0.11940212557696984 -0.424804466381133 0.8067823197579693 451.14654491086503 406.211385271535 585.2923715110413
2011-09-18_19-48-15_986.jpg 0.39359264679657047 -0.5778448213402221 0.41549090844900816 0.5818483443597439 122.21458074189472 95.46724381957249 1105.259583663747
2011-06-25_14-52-08_316.jpg 0.09127372693751404 0.9153572701483783 0.03780811115826601 0.39033411519887556 -381.80687476757987 -128.9409102909065 -643.859549835891
2010-10-30_17-47-25_73.jpg -0.41606509424353455 0.8931504871454138 -0.15236298650561406 -0.07718526418377207 -640.6564609150588 245.67038201828223 394.9682666000071
IMG_20140521_134310.jpg -0.2149472252251907 0.43812929460425326 0.871820928489639 0.0420556800567338 370.7336304784645 -548.0700519843043 -226.47390750205204
2011-10-01_14-38-39_644.jpg 0.5665853166934466 -0.18704399897115442 -0.3383405573904905 0.7276821343010684 234.7558642413053 -716.2470143107101 282.7865857874131
2012-02-04_14-27-02_446.jpg 0.1428999356934044 -0.3004927256808764 -0.2831199361447795 0.8995147758369924 588.3156145649721 -303.4723264385964 701.511773123785
2012-02-04_14-26-27_329.jpg 0.9150729790794517 -0.31654712842471977 0.23301745086562434 -0.09023428415412646 -675.9901059860764 206.77950001503166 464.818506416119
2012-02-04_14-27-11_868.jpg 0.32432967521777817 0.44121393038263623 0.4937181747650944 0.6755611691890384 259.0326070633316 -598.4243776055529 -88.53881686110743
2012-02-04_14-26-05_672.jpg 0.03185360580757671 0.40974907470580235 0.054604409955522806 0.9100051659129215 422.5009782836941 -72.31709665735345 -481.31597296487894
2012-02-04_14-25-57_611.jpg 0.6668592989355088 -0.2679222614909765 -0.09830524198609943 0.68836938965853 -14.355884503487058 -662.0907639090328 320.7803221077587
2012-02-04_14-25-24_48.jpg -0.17712255763313958 -0.059828450147094335 0.0609853760854965 0.9804738344464896 641.1131160192878 191.01244014860055 712.3589923176723
2012-02-04_14-25-15_610.jpg 0.06687320164322538 0.6131640150668228 0.09289550228265202 0.7816190192061421 180.07504079753357 -142.88204294425657 -600.5001814161641
2012-02-04_14-23-21_748.jpg 0.23335269302368034 -0.5636552862136022 0.7918661896406798 0.028056669189502503 526.2951967642903 872.7942871855877 1105.4193909712656
2012-02-04_14-22-58_90.jpg 0.6664105734371474 0.1263787870171247 0.7110585637428556 0.18525946327030196 170.9008386321373 -298.64361628346484 759.788311156661
IMG_20140521_134138.jpg 0.8433010919885551 -0.3291658723011459 0.41611249449659626 -0.08569415783445691 -454.53974537193284 325.6591143390152 525.8715941655731
2012-02-04_14-22-30_751.jpg 0.6073896579879705 -0.06827564603821282 0.09776726595353975 0.7854029546896873 176.01118747265414 -639.4488702325266 382.74324195355206
2012-02-04_14-23-36_467.jpg 0.636041308906058 0.009198860252001827 -0.25234616948388466 0.7291695585266456 128.45344819018945 -746.5735871903101 -49.13096016876824
2012-02-04_14-22-23_115.jpg 0.7208104141284875 -0.129619788612613 -0.530603041571028 -0.42672177066504835 -159.88504847415993 305.9056650939657 -339.3614731783108
2011-10-01_14-34-12_690.jpg -0.033724928463435756 -0.47886415140899474 0.7396107818404476 0.4717283594197422 640.0688324023611 810.9240668652276 1048.1975711890593
2012-02-04_14-22-13_779.jpg 0.1360129861741364 0.4602227936331008 0.8461558960938567 -0.23176636364697278 406.1605238113435 -536.3281099434255 333.6077989877535
2012-02-04_14-21-52_735.jpg 0.5915433955373665 -0.7132341448949899 -0.3628413984612815 -0.09858795724984336 -435.2230789764173 -349.3479792705947 527.0983315549615
2012-02-04_14-21-34_646.jpg -0.20343489822752678 0.9157766474806412 -0.20368444097296595 -0.2801428610866316 -605.6007029647419 243.47108116355452 935.7616030105413
2012-02-04_14-21-18_397.jpg -0.20960863147446712 -0.5615990741580983 -0.31009906399252435 0.7379087152399869 -539.0494858764176 -277.58423340945797 4209.361193438541
2012-02-04_14-21-05_53.jpg 0.09926223970858446 0.4974161989849636 0.153885061559743 0.847964339217246 454.04461627523807 -191.87899873176133 -480.06801192261315
2012-01-28_14-43-44_776.jpg 0.826691772293456 -0.5140999660287786 -0.2180019141138627 0.06897176229592211 -788.9836534931158 -75.84751952951399 300.3880398033477
2012-02-04_14-20-28_124.jpg 0.08564528610042582 0.9952368384806813 -0.0005356949130608172 -0.04656429244297187 -650.7861448762518 -15.13385957512282 -61.492760680020865
2012-01-28_15-19-19_648.jpg -0.40332152037244035 0.6153647850914542 -0.4699524636622898 -0.4876500941982434 -74.88241300904566 128.10332472285413 816.9126760001143
2012-02-04_14-22-01_386.jpg -0.04647897316979475 0.7745856860398221 0.18537354011635176 -0.6029041139849942 -523.012690775323 -311.51414678118346 2770.599752317741
2012-02-04_14-26-51_287.jpg -0.1377343179237292 0.9045232423583431 -0.2787576068961812 -0.291823848061034 -547.7719313090134 381.93072825612165 801.9410566817227
IMG_20140520_211932.jpg -0.038549525928238924 -0.23284133034004934 0.9337471801051664 0.26910045072766803 649.6205686404608 405.803418800193 315.38514961205675
2012-01-28_15-19-08_964.jpg 0.07278193411286113 0.9676314535284449 -0.008270823876531585 -0.241503113192405 -749.0442557525238 14.30987335823994 200.2888524432446
2012-01-28_15-18-50_977.jpg 0.9405948432738824 0.02734975647501839 -0.3306228191493572 -0.0722625981062782 -321.02604183946596 -381.5374378098225 654.0759472415829
2012-01-28_14-42-20_620.jpg -0.29068642958597246 -0.39127459166774525 0.11927515984459269 0.8649734272299038 332.79179896243045 508.8900977413031 931.2045141547856
2012-01-28_15-18-34_874.jpg 0.7544961709566862 -0.24905766066064308 -0.4492626190821387 0.40849591035089206 -207.43296173940377 -644.0855956982712 -195.96192807947082
2012-01-28_15-18-18_863.jpg 0.9240786186870099 0.029177481056537908 -0.04858320278545468 0.3779775833191838 -491.49352204391727 -485.93190217086857 298.1201420556353
2012-01-28_14-45-51_331.jpg -0.40832299660951893 0.4770312772118366 -0.5494186491087575 0.5512283002649401 283.67945428811095 698.7296486446744 -8.781008039619914
2012-01-28_14-40-46_978.jpg -0.20802135437028937 0.8819175250453072 0.2817985901479955 0.3154966715109884 -430.53184942841096 -167.10475331981473 -572.719857716979
2012-01-28_14-45-05_143.jpg 0.015150720906131121 0.24872176826780304 -0.21417140813530294 0.9444779222316967 619.3991966260825 85.21324461236914 159.52958474072597
2012-01-28_14-44-45_580.jpg 0.10166318438042704 0.062351451493812785 0.5008650429612084 0.8572695621435028 749.7067126475674 -161.9777367533315 116.10376973354617
2012-01-28_14-44-35_41.jpg 0.8680090907483122 -0.13748661670861811 0.06917199351831953 0.472094147302217 -370.4111494484578 -550.5883443903438 313.303097720166
2012-01-28_15-18-43_310.jpg 0.13663704549052033 0.9878703288912981 -0.0077810325905362625 0.07336202442439127 -786.5145129502356 -3.5245620169161103 -86.06249465490379
2012-02-04_14-23-07_60.jpg 0.8470946351916803 -0.29054699021668146 0.440359382180172 0.06400578123419082 -343.09752599708133 71.84582638200304 942.8343026307608
IMG_20140520_211811.jpg 0.0455084837714241 0.6107297822103969 0.060916678276777096 0.7881797189307722 353.6528654965014 -104.47594515920547 -682.3976374471208
2012-01-28_14-44-03_713.jpg -0.21165462356353232 -0.05876604000365772 0.9639296798342528 0.15029452818084685 627.778329015469 197.40234982302067 -112.91598502165415
2012-01-28_14-43-54_18.jpg 0.6106332248195778 -0.6381149143484971 0.29832236578299093 0.36185658333943854 -184.61108857000895 186.88204461890624 1103.5470700308654
IMG_20130210_165643.jpg 0.5118934822751371 0.3309022793446478 0.45207709838849747 -0.6512257991214624 155.5238844147136 222.64241901645937 632.982256849648
2012-01-15_12-39-00_996.jpg 0.002117969572247823 0.02715009451667664 0.06292258729194505 0.9976467985119354 789.3693809247278 6.002420671779998 82.71255419652783
IMG_20130210_165635.jpg 0.12060199383854982 0.9246909527583496 0.04096349790721079 0.35878098167019407 -466.46104426207074 -112.58401536554531 -432.5310546418148
2012-01-28_14-43-28_869.jpg 0.09472066323767248 0.381286569871653 0.8316073010602215 -0.3925275078445571 419.856689369744 -23.551489236099542 1776.664619560648
IMG_20140521_135313.jpg 0.4226471652529434 -0.33525120631017874 0.734186555648202 -0.4122451987308649 303.13507010395614 572.7920748907123 310.56346322493187
2011-12-17_14-27-50_531.jpg 0.7870124834285308 0.010533310783308275 0.5315003140587464 -0.3130620009631523 -142.09622808495212 263.03913834117236 939.2375240146047
IMG_20140521_135120.jpg 0.03814320165579109 0.7225630313663608 -0.028700201245871748 -0.689655029937829 -237.87957229306488 67.57970350437361 741.58698769286
IMG_20140521_135106.jpg -0.23366764534978918 0.13948182750858426 0.22473178887591794 0.9356494398973265 636.5814975695853 304.5975213428704 -96.64005588362706
IMG_20140520_182921.jpg 0.5729618466229858 -0.5639332477124156 0.5890927587483797 0.08163170970357489 -74.36230337654364 552.2973533341425 524.9798882510036
2011-10-15_14-27-43_188.jpg 0.9040522498788984 -0.33553761551713407 -0.22635380289726975 0.1373608167416092 -931.1010241017761 -43.4519208556253 435.61048022217693
IMG_20140521_135059.jpg 0.5583031328880791 0.07503866937477759 -0.8063421815071761 -0.18021957781569464 253.79311308873733 214.78952472604539 -554.4508389418835
2011-12-17_14-52-31_163.jpg 0.1764428999052658 0.3347086271883587 0.030347526333255215 0.9251578598294224 579.9399342981342 -277.17136040427994 -378.5414149729671
2011-10-13_15-23-55_514.jpg 0.9096487159426206 0.061130696442618405 0.12274949282402874 -0.3920903129992189 -524.7444416573261 443.10742184698296 577.4130172177752
2012-01-01_10-59-53_763.jpg 0.16529835885140534 0.9587450023867037 0.13119502285749363 -0.19045298353392487 -756.4481967999077 -171.5706777220783 291.4260314750689
IMG_20130210_165353.jpg -0.06906439060258938 -0.02007351921111742 0.9937901683762147 0.08490150184742495 703.2349854995475 30.969547261616686 -44.003895869000885
2011-10-13_15-25-11_586.jpg -0.17676059739837072 -0.11368246938142877 -0.47751867455793956 0.8531165821921063 636.071437347062 113.37605290012347 356.9119133324256
2012-01-15_14-14-25_544.jpg 0.043615399401789504 0.4574549937257395 0.085007998834066 0.8840849878742617 415.0831882650262 -96.20814695807395 -480.7202177450874
2011-10-01_14-32-33_19.jpg 0.41659245704409886 -0.31245576583166024 0.8114148664379648 0.26538280587854723 319.30512384438447 -7.5761982365998914 1114.2318559709222
IMG_20140520_182746.jpg 0.3161573134258793 0.5783415412065586 0.6960996723715989 -0.2846240696186921 105.61082673974322 -580.1090439468313 423.5272200469457
2012-01-28_14-42-54_940.jpg 0.866081811944329 0.3378957529271963 -0.0838225284635743 0.3587513608266376 -500.56945449826554 -468.2960585151631 -20.443167951031015
2011-10-01_14-34-22_269.jpg -0.08249612377511252 0.9584456454040149 -0.2637406861920271 -0.07083208888012306 -615.3135258132825 341.53387769441593 223.26265530879863
IMG_20130210_165620.jpg 0.05430319465386568 0.9502029064527898 0.021083897924296147 0.3061389698607041 -522.3038197027593 -53.18568280669435 -378.2458743614076
2011-10-01_14-34-35_331.jpg 0.8315556394327648 -0.33431255227352036 0.3106531604684618 0.31661482879184094 -381.4897723274178 -280.0219294779102 920.6621419351854
2011-10-01_14-35-20_347.jpg -0.08268799223539414 -0.6881085264894469 0.7202813241069858 0.029396698033779728 36.18047817809962 638.1344587109495 158.52536649011566
2011-10-01_14-35-34_597.jpg 0.545353839301496 0.1478489190308894 -0.6576438647320686 0.49823130600232707 -235.73867616619697 -258.84351832380565 602.0456231475338
2011-10-01_14-35-55_354.jpg 0.3201133623843155 0.5397615376268627 0.7417596053550995 -0.23659586975503147 154.33677269345455 -445.70173861950417 881.23149736543
2011-10-01_14-36-03_448.jpg 0.6091054528964617 0.1694769024377175 0.7637209578594228 -0.13037800933515625 361.15354238406724 -41.36374729721586 1285.2450315613016
IMG_20130210_165801.jpg 0.051955407708833286 0.793409595620137 -0.2897866312488894 0.5327528109143301 -184.47296887875598 291.1641511574356 -638.8961335451025
IMG_20130210_165814.jpg -0.3030859276500577 0.7185511903063622 0.6183693316700299 -0.09717240873712465 -167.8404590430801 -595.2638777345601 44.47146672130418
IMG_20130210_165827.jpg 0.02484569441832545 0.47577589311523555 -0.003445669225918024 0.8792088024825825 531.471134954375 -36.86231569056889 -565.4744027247317
2012-02-11_15-57-14_674.jpg -0.0726594030782753 0.9947425095703001 0.0721536494449871 -0.0013422629623179292 -714.0939808233818 -58.28738837193211 -126.38020451346725
IMG_20140521_134354.jpg 0.8563097189486221 0.22004181770629128 0.25904619703239246 0.38885772655008155 -419.0503523892057 -583.7441072625113 216.50059195863986
2011-10-01_14-37-23_89.jpg 0.2818405957460263 0.7001834788419179 0.30099307707232104 0.5828483011049188 -93.21378655269615 -512.8306585543637 -381.3575987966907
IMG_20130210_165933.jpg 0.11781799715238324 0.8811569787027665 0.04718649885952004 0.455471988991413 -466.5282668118212 -130.82309892732013 -518.4214080548355
2012-02-04_14-21-27_210.jpg 0.7659168788997669 0.19773373862959018 0.21750053412991313 -0.5718096019456189 -177.3004395236392 452.6379849668054 740.3557156313624
IMG_20130302_145354.jpg 0.7863371033331852 -0.16691822980235899 0.15103950755094803 0.5753254136921033 -321.7430663589891 -544.6810565386938 802.4307186315083
IMG_20130302_145455.jpg 0.7628620934885013 0.4084085146068169 -0.22264117909545098 0.4490821939088458 -237.26963587786986 -630.6764670193693 60.43687040806999
2011-10-13_14-42-04_627.jpg 0.399645227171427 0.7208198698256288 0.5298495123144097 -0.1999047322197365 -324.29253978786335 -584.8362251787363 761.6102618898759
IMG_20130302_145508.jpg 0.03617480401197971 0.5649230626529963 0.030519503384776547 0.8237850913621831 360.92402885768274 -70.43849346833487 -629.1018934137632
IMG_20140521_134547.jpg 0.314338367400023 0.28852579186805416 0.6637955639260396 -0.6142635489098399 469.6662868314875 2.4823929076664486 700.4499970109862
IMG_20130302_145519.jpg -0.3506294732703705 0.9056740705111237 -0.16236348404491124 -0.17450372353263066 -848.0599588941707 103.22633170505044 819.2405163393545
IMG_20130302_150016.jpg -0.4409021349833673 -0.4326654234445265 0.7485988627401049 -0.24084368670757936 124.96840066610909 239.93796023349967 -674.1758955995302
IMG_20140521_134606.jpg 0.6220231289112554 0.21840911049126915 -0.343894688398865 -0.6686711679479772 139.76289097149026 756.9315688077934 -18.942713888033463
2011-10-13_14-42-58_635.jpg 0.648651607645608 0.2054716606393556 -0.1996789089837996 -0.7050963209944536 -67.22991272838198 714.3419548877773 298.3977168810816
IMG_20130302_150032.jpg 0.10319396603512493 0.9907746739001385 -0.023166892374935903 -0.0847339721109781 -775.9558983612079 22.307592633126028 17.871962704625986
2011-10-13_14-43-11_783.jpg 0.034786404675103175 0.39007905242449836 0.07568361017146466 0.9170061232406244 638.1761789823404 -75.62444647888361 -426.71926884061867
2012-02-04_14-23-47_959.jpg 0.8098846450141634 -0.3869028581587417 -0.11425638948147782 0.42583860508593685 -412.5629636168783 -599.0564381377295 188.20564414603732
IMG_20130302_150051.jpg 0.7861431777093766 0.09281186877423056 -0.10830020082236577 -0.6013617277957365 -245.14403613056743 717.0467047348513 163.95795268850082
2011-10-13_14-43-36_947.jpg 0.015046902005258858 0.33980804528527486 0.04170640555809688 0.9394491251977769 679.073279779492 -33.728366860254155 -368.9526251052806
IMG_20140520_182632.jpg 0.05741558214383567 0.5506658287437111 0.0642732800111014 0.8302647417888471 384.5640539199637 -102.1769536733751 -539.5857245235226
IMG_20140521_134634.jpg -0.4123459582480891 0.11397562577974348 0.032812741524356696 0.9032738739929528 -7443.747600363631 3654.963928151227 91868.06957006994
2011-10-13_14-43-56_197.jpg 0.9732822132637781 -0.007697889020257108 0.171206367177803 -0.15280986776636082 -629.8577180290424 222.2154367173164 448.00914062462664
2011-10-13_14-44-10_424.jpg 0.7704626594940148 0.06214375599329996 -0.5418842311622736 -0.32998018718421074 -338.48360479863777 404.568623017691 -109.65007757991552
IMG_20140521_135306.jpg 0.054021331269120856 0.5291203062702532 0.07736064477859568 0.8432844881176372 265.97701247789917 -118.85401661573331 -576.7350612586991
IMG_20140520_182651.jpg 0.9038855527021555 0.3630575476202471 -0.17874316791272726 -0.1386758978943812 -684.1688658864433 166.02434667317 -46.99683136432911
IMG_20140521_134654.jpg -0.314630899237307 0.6675648120358598 -0.39112486335609725 -0.5498963177193729 -65.68655366267782 107.10204522536985 823.488111252254
2011-10-13_14-44-28_463.jpg 0.08726910167919673 0.7457730143498624 -0.08285300159422392 -0.6552420126079016 -218.859928218219 180.55390501474193 745.4715960138815
IMG_20140520_182733.jpg 0.9070327991483002 0.23491288370478833 0.31290550753527036 0.1555557189331029 -463.54793529972727 -288.93962486825876 695.6595165930946
2011-10-13_15-22-43_375.jpg 0.0338872586079396 -0.1449622370187394 -0.00989847365495807 0.9888071721836688 703.8698048044118 -76.58469029503637 544.5927816878692
IMG_20130210_165337.jpg 0.4473411165331824 -0.16097480696369193 0.7235206765924964 -0.5004906268103174 400.77183241679234 484.39964579196067 399.58117480662645
2012-02-04_14-27-51_236.jpg 0.16439780998931813 0.7703454670931326 0.4756178954701134 0.3915722652440542 -204.5460556238834 -595.3512806220264 -116.15466436078206
IMG_20140521_135000.jpg 0.6977426528931805 0.41900626149611714 -0.5351020108986492 0.22639518787477864 -218.69598127508033 100.9174846988389 -630.610703564813
IMG_20140520_182759.jpg 0.6946245563928487 0.2906500148811507 0.04271480342365082 0.656654201291748 53.25830285219132 -692.2651888673103 408.3532983236761
IMG_20140521_134740.jpg 0.317718517255189 0.5711286635508872 0.7565699659276396 0.02165363987859347 145.68757347566054 -629.5530547057181 530.0986790410493
2011-10-13_15-22-55_274.jpg -0.05138876846087172 0.9770542200061216 -0.20589490962950005 -0.018208015624011836 -617.6114281763354 299.56238682389414 186.65343544773282
IMG_20140521_135007.jpg 0.033536083415706255 0.21825289206938606 0.09765585170714151 0.97041452010975 625.0020402575452 -82.513700481101 -290.3090161946545
2011-10-15_14-27-34_559.jpg -0.3430580356433666 0.8776286519137142 -0.2862189994428058 0.17366006414426552 -466.995835205699 526.50720970965 671.8846586003754
IMG_20140520_182803.jpg 0.020704597351052227 0.6197939207035181 0.03941009495786943 0.7835008997588347 328.1552321613147 -50.91524757786118 -640.1544439824728
IMG_20140521_135018.jpg 0.8495812903039096 -0.4346010535133078 0.10536445005231279 -0.2796996391056673 -654.3751757310191 420.2636619494071 309.21171353666654
IMG_20140521_135701.jpg 0.7031364309270616 0.155348400930541 -0.03081054797921021 -0.6931931505465835 -6.877870076230182 674.6644045264964 479.564375805343
IMG_20140520_182826.jpg 0.42512386560041976 0.24459377017297668 -0.07419444357076972 0.8682964764599411 673.1205903807295 -657.0722778434684 17.71580822249713
2011-10-13_15-23-34_531.jpg -0.09112469320082084 0.9436963945484406 0.3158406220865144 0.03712285879797435 -599.8674317564021 -411.2763899631115 -1.7035192543858506
IMG_20140521_135034.jpg -0.0429625666372842 0.5074219936800307 0.5630078250308042 0.6509219055707094 328.3281158229696 -362.28401982293633 -468.3288859696725
IMG_20140520_211430.jpg 0.5010993327386547 -0.18251773022023457 0.4671742853748589 0.7052197699785641 356.73829836235785 -263.02210047458067 620.0232613682435
IMG_20140520_182834.jpg 0.07935143780584106 0.8357033981587568 -0.049232723456216654 -0.5411832578389099 -460.5630592487273 108.11601573460688 583.4860831122243
IMG_20140521_134810.jpg 0.08519009343001205 0.9871299238710576 -0.010690999175494088 -0.13491798959492202 -678.231865027714 31.26499209803052 230.65592808152087
2011-10-13_15-23-45_574.jpg 0.6063373672000681 0.4553463574762368 0.6493026332525899 0.058487454392081153 -72.42107083756046 -480.9454917139779 603.9019518374585
