IMG_20161227_172439.jpg 0.07851413751138463 0.9822489562090818 0.009659186028013217 0.1700859146498867 -584.882440968391 -53.61193344651712 -367.5695180830925
IMG_20161227_172448.jpg 0.11549379663470334 0.5573648781877398 0.1583319205465967 0.8068064070380787 384.2509341734431 -225.91160029131223 -534.2825176714684
IMG_20161227_172456.jpg 0.02517303005471076 0.823916568783619 0.012373789259870796 0.5660165152900095 -97.43818123299168 -37.37574332398538 -692.8318048676806
IMG_20161227_172504.jpg -0.011063147585534505 -0.06520455006527183 0.12939655094240846 0.9893849129739625 658.2165861747046 67.06546084250954 237.8595044029802
IMG_20161227_172513.jpg 0.09202942952669367 0.9949366354251633 -0.0025685685169069905 0.040312256766670454 -675.4483664911415 -31.026528980053644 -213.8713447219292
IMG_20161227_172517.jpg 0.12176723567462958 0.8898375363818992 -0.06028225159277317 -0.4355777190179239 -550.5572054916915 121.01928962967598 429.6462501295319
IMG_20161227_172529.jpg 0.09048722810820167 0.493071971352157 0.17084256006187581 0.8482363540238632 490.8543030357065 -189.95137253147456 -483.4462962158683
IMG_20161227_172558.jpg 0.1149329498260785 0.9888628810972716 -0.0044542597777800785 0.09444987560665037 -669.6267365523601 -53.77384284759212 -318.13267412268476
IMG_20161227_172604.jpg 0.13148032612618896 0.7075412931363249 -0.12065149323820572 -0.683770034096347 -217.22083657361426 246.90483088764216 666.2245719202677
IMG_20161227_172616.jpg 0.143414015982058 0.804205582549557 -0.08932387569564527 -0.5698307171842657 -425.3154159329744 197.11276279018838 586.8720630234243
IMG_20161227_172620.jpg 0.13242227313353186 0.9803931219792507 -0.02582713672849696 -0.1436197304075371 -750.9102124643784 14.546470096465933 20.437792028073165
IMG_20161227_172626.jpg 0.06593305523462835 0.7165572008379069 0.06541831239626646 0.6913168987938856 167.42775969835614 -136.2642514994509 -721.4726972706354
IMG_20161227_172633.jpg 0.00986698622624749 -0.015862224412575697 0.16150384696051387 0.9866952618901396 723.2352339456818 49.95642393304381 207.27131090211938
IMG_20161227_172651.jpg 0.046677699745044855 0.41512261847181336 0.11198495215113631 0.901639492519779 618.1918903355701 -102.26573288341193 -432.550848919466
IMG_20161227_172658.jpg -0.08486096635278005 -0.690793257338312 0.0892107073996639 0.7124919239478077 -157.1548960837876 181.66344487984713 721.4276927937567
IMG_20161227_172703.jpg -0.05915195355317068 -0.3992286222295961 0.13541550189340643 0.9048647387485371 365.58015854792416 193.96259800562902 638.1517934911391
IMG_20161227_172723.jpg 0.08713399410248174 0.5264216882285634 0.11444489902335829 0.8379679220124547 473.202908303351 -184.5194563266 -579.4706586867176
IMG_20161227_172730.jpg -0.07920543784213162 -0.413299216682129 0.20474458237849408 0.883736336297671 362.1778879446454 281.38840906182975 620.8494554676356
IMG_20161227_172739.jpg 0.06511730782352491 0.7955662702744455 -0.05931040913306117 -0.5994299969069725 -367.41345160606124 124.2021577342147 668.347465488362
IMG_20161227_172754.jpg -0.03489487979608769 -0.11903069226616037 0.1720709622068223 0.9772438926019822 696.8081410563292 132.19599177077458 307.2169220596728
IMG_20161227_172811.jpg 0.002240466987382239 0.26137817625827187 0.039875377540650514 0.9644098628433704 727.9169200623306 -10.04361481148923 -262.14564989667804
IMG_20161227_172831.jpg 0.12401793675871305 0.7932080469919416 0.06258384111700671 0.59289443274531 -101.61767353483582 -206.5416002788291 -741.0498127538335
IMG_20161227_172836.jpg 0.18653774289157748 0.9501192570912155 0.02763822642653138 0.24842140854070585 -609.7257529883491 -156.42299988509953 -453.89179953836043
IMG_20161227_172901.jpg 0.17067402952750155 0.8621593304777742 -0.08662851366147745 -0.4690918514915446 -506.5890074047026 210.22506247519482 544.4838014003267
IMG_20161227_172905.jpg 0.16372641234923785 0.9849055087604794 0.008297356509742086 0.05555136890715282 -749.0740043993331 -64.87140809859179 -180.92708507196988
IMG_20161227_173025.jpg -0.1349543225446161 -0.6315920827776697 0.137461732194498 0.7509880451652858 120.08796442690185 283.68429301107574 708.8651120269648
IMG_20161227_173032.jpg 0.07179344810791988 0.49140340592858334 0.11778319095676995 0.8599392498186165 397.81731524335424 -192.12242537301907 -635.1458235596921
IMG_20161227_173116.jpg 0.0627693800607757 0.8346404319692089 -0.052005005786680804 -0.5447300557360184 -326.0707243135859 107.64440252909833 659.73543484046
IMG_20161227_173123.jpg -0.03394956940912479 -0.27304206372742384 0.15968237103032007 0.9480490486016743 611.3502715281951 115.22589922491082 402.2594406940548
IMG_20161227_173132.jpg 0.10604720466561116 0.9933351879878402 -0.013283102935712537 -0.04315963234518501 -736.2156767414177 13.030256541583773 29.671668907544593
IMG_20161227_173137.jpg 0.1350543805113762 0.828082489459679 0.07764868042414626 0.5385261250703973 -269.88498334652905 -212.29509719790587 -652.0637871271593
IMG_20161227_173141.jpg 0.10125422876559627 0.8544127336499486 -0.06909313950175888 -0.5049283115529333 -383.0107415254971 152.52951844975826 609.8880859914954
IMG_20161227_173158.jpg 0.11457182822564516 0.993187997148064 -0.008958930772545502 -0.019251910488650176 -731.4105476841034 -0.8487237058683894 -22.63698035721988
IMG_20161227_173202.jpg 0.09220826628784898 0.9468753855959827 0.014931304227914884 0.3077364065798871 -560.8128648442465 -77.46619045513778 -465.22574330399505
IMG_20161227_173206.jpg 0.0762156576428867 0.5073148106846025 0.10793119700183361 0.8515713200336537 390.95185783963956 -174.58366580874494 -593.9218624679716
IMG_20161227_173209.jpg -0.003568127520459903 0.030565189415485174 0.1488691252180165 0.9883779748754093 731.9877502646698 8.300112528765515 5.388749689809397
IMG_20161227_173326.jpg 0.027088681830769415 0.05541921441769246 0.15801220643220884 0.9855085269080229 788.3929977040983 -71.35308197846652 -99.2647780720828
IMG_20161227_190424.jpg 0.20300478431550065 0.9043454378508667 -0.07371754295550169 -0.36812241230865683 -530.1721374141683 227.08248122042 527.7160639296786
IMG_20161227_190941.jpg 0.21355085190627537 0.5995514566294556 0.22511186235657582 0.7377389334513643 273.8485906040197 -387.176245794113 -511.69397613913634
IMG_20161227_190948.jpg 0.0823560759572351 0.9951812501067873 -0.016461082821842745 0.05060423837141403 -664.6161214686363 -7.499593343505657 -216.57428248479826
IMG_20161227_190953.jpg 0.046129273935118544 0.8119309942248845 0.017964319756527136 0.5816506115520681 -80.9902028248421 -64.1890901800437 -692.5097278994062
IMG_20161227_191024.jpg 0.20025909313634446 0.7463309758218083 0.13419911325019612 0.6203845324860519 -14.224254657170903 -333.3181726409966 -631.9109776271301
IMG_20161227_191029.jpg 0.052599519790845276 0.5374670175800011 0.06069817461979826 0.8394511463624645 407.2393496568145 -103.71719765586836 -578.3600280407458
IMG_20161227_191046.jpg 0.19798126207750016 0.8278203742344098 0.1134375470754316 0.512492703150114 -215.98676863775464 -304.1667625566591 -617.5486086404227
IMG_20161227_191052.jpg 0.33292364228079707 0.9428021265329751 -0.007971224009089145 -0.014915032791954375 -715.355426886308 -56.31020031890597 -73.18057410971447
IMG_20161227_191109.jpg 0.0068916426502128175 0.17560605964481554 0.07214323498709699 0.9817893718732138 713.3616264681906 -16.49933203780701 -145.82051158761254
IMG_20161227_191118.jpg 0.04973047106624923 0.5730213098959213 0.051992343404347274 0.8163762949032851 345.99043937806795 -103.07005194819541 -638.465585019349
IMG_20161227_191129.jpg 0.33300267473158096 0.9377155620265399 -0.03193420830361947 -0.09369604951589053 -731.2933428543482 21.57713642024121 35.30239193522211
IMG_20161227_191143.jpg 0.29805244091428107 0.943630174707314 -0.0028822954198100196 0.14393932131282386 -676.5239147758862 -119.91034669984005 -278.4429271878695
IMG_20161227_191152.jpg 0.016733782992150212 0.30983813021720297 0.06300574708482833 0.9485518380165429 653.0601396768059 -44.922671914869284 -348.2978629337414
IMG_20161227_191156.jpg 0.0022595227005841353 0.021690350038519973 0.08162202836120937 0.9964247426467161 738.2512868043464 6.538537030107354 68.89067794684088
IMG_20161227_191215.jpg 0.24416266445596635 0.9068528651897043 -0.0851934471174619 -0.33278303855700253 -642.6065492913899 192.17833987542633 350.84294478694704
IMG_20161227_191228.jpg 0.17258440011885393 0.9403964621700327 -0.043706609384035575 -0.2897565375791436 -686.8916240133997 101.7714538421911 318.6050481810065
IMG_20161227_191239.jpg 0.135581982498013 0.9573259297283409 0.014153530447916392 0.2548416525365033 -607.9304675715312 -104.62975475290493 -458.7963269092819
IMG_20161227_191254.jpg 0.09638504151996084 0.8979801068752699 -0.03060002842905396 -0.42825843796429186 -559.1307838366224 83.94491138913104 509.7002927533863
IMG_20161227_191326.jpg 0.0832705820253454 0.5618204596964711 0.06504785469709087 0.820483124649686 342.5528195945796 -158.49911037421217 -642.3934642295246
IMG_20161227_191341.jpg -0.04170884699787938 -0.34651436419657206 0.11001038113364815 0.93063735339303 508.12987809466676 121.28480849118088 521.9037265010537
IMG_20161227_191347.jpg -0.003298691993024259 -0.035803273041679295 0.11132503503139166 0.9931334154311284 727.8002857890057 22.03349857961487 123.57464577500228
IMG_20161227_191355.jpg 0.041455882904957574 0.3286190092845459 0.07056759096804768 0.9409097574233038 614.4011846813768 -88.35922046360217 -392.7980628207773
IMG_20161227_191402.jpg 0.20693061315263406 0.9777519761023171 -0.007445708470157276 0.0335463260829867 -724.7698748246386 -32.43114428248721 -112.3257365443986
IMG_20161227_191414.jpg 0.11654090905258362 0.9920784339953078 -0.008340434776645195 -0.04614146146745758 -728.9205099727595 -0.8361583275431177 -2.1450108126581573
IMG_20161227_191422.jpg 0.03971658685952809 0.2634280951077535 0.10248383491429928 0.9583972532396934 655.5002211506265 -86.60989986882647 -300.0529734886829
IMG_20161227_191533.jpg 0.03411838077622104 0.38696334089637796 0.04613627571653351 0.9203079663669826 480.6898531852392 -64.12860366538509 -423.23712254226683
IMG_20161227_191546.jpg 0.05607896802958434 0.9069014507456655 0.013760202688100623 0.41736742182653364 -389.7993953602826 -53.262712075094406 -508.5292658520356
IMG_20161227_191555.jpg 0.10016551722842991 0.5766977494305416 0.1136589755370827 0.80278777534288 232.09552840314012 -189.61616694468898 -570.0043131691588
IMG_20161227_191611.jpg 0.05027278584473045 0.49352572098120223 0.07012426445262053 0.8654406954080529 340.07113221923095 -104.6309827122646 -539.1890752454799
IMG_20161227_191631.jpg 0.010038757347642951 0.07135719780525664 0.05752978336405827 0.9957397740867746 646.2897165747822 -24.48846919014277 -94.25772916989503
IMG_20161227_191640.jpg 0.10847376462263102 0.6758029586402481 0.10069005248669582 0.7220701605882265 35.56959706877498 -198.27004797730183 -626.6504319772764
IMG_20161227_191658.jpg 0.0474179942729346 0.540590529359169 0.05484675851197138 0.838155860486005 253.18722391239024 -95.94178119338278 -586.711359310212
IMG_20161227_191704.jpg 0.0753848294766376 0.9021392961717909 0.026335798034355547 0.42399085311989687 -422.6299721140303 -76.16377226814087 -482.3578396125221
IMG_20161227_191720.jpg 0.05842339237953993 0.6060405917769833 0.0608534632465984 0.7909477633525266 142.75664369940344 -113.53445688005493 -617.5684283502184
IMG_20161227_191723.jpg 0.10556902348597277 0.8045556744553656 0.07086683378441341 0.580106231522522 -226.73850724870107 -155.93573117132473 -582.1263415331565
IMG_20161227_191752.jpg 0.030534159477181317 0.17730990604367627 0.23930322722970274 0.954129355884858 619.0037061242342 -103.72758978642798 -218.24822282300764
IMG_20161227_191759.jpg 0.09985699448281353 0.8081331970473202 0.07023916941106652 0.5762081009178718 -225.09028831499126 -158.0440774174174 -608.6177054945623
IMG_20161227_191808.jpg 0.06507676854670072 0.5065700293424706 0.09962142825824333 0.8539481193838858 316.04286892052136 -150.12726712248184 -576.954722783091
IMG_20161227_191819.jpg -0.05145850089936367 -0.42947869596668675 0.11070238738502107 0.8947877143899556 430.82885751278 119.709874147981 512.9028377573986
IMG_20161227_191825.jpg 0.1300800653289793 0.9054497455187871 -0.05911431129617113 -0.39968166475828143 -453.62102841269143 138.68299474494384 489.32539837948053
IMG_20161227_191835.jpg 0.23438142227057435 0.6692213986269855 0.21890709192086613 0.6702893059126876 -12.542756338542741 -423.6412054957868 -543.1240693600156
IMG_20161227_191843.jpg 0.1398139904602421 0.8991314248283147 0.04497934535039714 0.41230036071975174 -463.80243425808726 -140.57576519639622 -496.2485786347553
IMG_20161227_191905.jpg -0.02663751833772493 -0.4458381935632667 0.06505473465506639 0.8923489391913959 425.17174842753593 66.02870860998506 552.7701893626858
IMG_20161227_191920.jpg 0.15157886195483364 0.914007917025774 0.04500459764798585 0.3736147245669345 -514.9599025057515 -140.62996715156595 -457.8255343844587
IMG_20161227_191954.jpg 0.034430206855770355 0.43484606396198366 0.08724299640395396 0.8956071242967526 414.69691756500737 -108.70734627170685 -565.1632043947305
IMG_20161227_192015.jpg 0.3037876136907958 0.9442829072279739 0.010608303789810803 0.1262154537916835 -701.917737798089 -51.241801830029715 -128.9902913023519
IMG_20161227_192026.jpg 0.08414528742132654 0.9035044788867238 -0.03166630065094714 -0.4190423279807128 -433.1212352663407 89.63375607963795 567.7560221388968
IMG_20161227_192030.jpg 0.06499265005373206 0.7276369800511752 -0.050253656903780496 -0.6810249266134066 -6.577756981313426 109.65722511231903 710.922215660605
IMG_20161227_192112.jpg 0.12924299857081956 0.6724381959745256 0.1165696059683002 0.7193988093396766 -8.037459760836516 -264.8125001834573 -706.5432458342356
IMG_20161227_192139.jpg 0.2814257714442401 0.9396044520422039 -0.07582967939561684 -0.17942371245808483 -698.4369784863917 205.3499144142915 268.7159695701847
IMG_20161227_192148.jpg 0.08101789077087745 0.5090061979899875 0.141115663695072 0.8452426641164744 326.9845111500439 -232.68161171702985 -668.392079077924
IMG_20161227_192153.jpg -0.04464315258407432 -0.3559334540907014 0.12754658385672415 0.9246892635544635 606.5874686864203 118.38457456285332 474.4712999357531
IMG_20161227_192201.jpg 0.23591053753478627 0.9010603654506009 -0.10821077393536851 -0.3474577161301596 -543.4255654000348 287.4801167034625 479.1105438739363
IMG_20161227_192213.jpg 0.2309128720274407 0.8967203836128379 -0.09521972965473059 -0.3653833633729962 -528.9940699188181 272.79867385733877 508.02272575815607
IMG_20161227_192220.jpg 0.09977465534373323 0.6148995018069479 0.11724666359109469 0.7734318591222912 134.32966168526522 -243.58910590950316 -732.4867626487863
IMG_20161227_192300.jpg 0.19427245126707754 0.8241491029908089 -0.14123329159639952 -0.512922633603717 -263.45232387770284 323.38891424539224 613.0050440691753
IMG_20161227_192304.jpg 0.2994006435324846 0.9538914835504544 -0.01912081000888366 0.0092025478456597 -738.8351465242843 52.565045109135575 34.77143936028731
IMG_20161227_192316.jpg 0.08916503610605826 0.8429242197900386 0.09611263331707796 -0.5218148308973372 -423.08944847058706 -78.50168919056111 914.3756606115435
IMG_20161227_192330.jpg 0.10959867063119559 0.5766394728542265 0.12157346115654842 0.8004342217101241 161.03616317296934 -236.92544024025278 -656.8908545926511
IMG_20161227_192344.jpg 0.11402705538041821 0.9387854811771968 -0.03843725409753731 -0.3228036995909612 -514.3261404786799 108.71866048230387 477.7037596334543
IMG_20161227_192354.jpg 0.2264858305542208 0.9128057383005255 0.0423117983268677 0.33719366009185847 -592.9905173630104 -143.2030509039888 -373.2647484076359
IMG_20140520_182846.jpg 0.003554116062602243 0.03480398592983613 0.1323858978835067 0.9905806503581562 736.0465498236183 33.009536553494364 117.40196638458801
IMG_20140520_211432.jpg 0.0011093591277481878 -0.055159612371445246 0.09455331005285585 0.9939898681794528 696.1182421549844 43.20861665011903 276.69174640144104
IMG_20140521_135037.jpg 0.07685082976333135 0.8187358687527185 0.059691345277596 0.5658643569631955 -244.36859437300902 -130.76997887777625 -616.1055785965991
IMG_20140521_135047.jpg 0.11304629992897634 0.8909486197231402 -0.05287993291518601 -0.4366174570269547 -406.6101155472551 124.4066488638881 519.8345861157311
IMG_20140521_134943.jpg -0.03996326958574402 -0.6470962608068727 0.05565299124591126 0.7593234560443682 123.62672011225276 85.6036400323457 687.3182640391404
IMG_20140521_135321.jpg 0.06055028697709632 0.5500679569224729 0.07653032977970936 0.8293985858065692 232.40537119840616 -125.92273087077383 -588.3209681175925
IMG_20140521_135225.jpg 0.06538523532476291 0.4934414236603921 0.1020531154413844 0.8612929200023868 344.3642653617439 -138.94177380516263 -526.0509687051174
IMG_20140520_211801.jpg 0.016335274182903054 0.27175752552199767 0.0934014577115783 0.957683232513174 728.4510685062014 -32.87743704397277 -245.09003573704084
2011-12-17_14-28-15_257.jpg 0.06156623728916068 0.8441130227798235 0.02702341523580333 0.5319328324408613 -285.24789394724934 -75.25534110959345 -565.2009180787362
IMG_20140520_182958.jpg 0.003147057739754805 0.1588127541695615 0.030276125994575197 0.9868393797044289 756.434973218457 -1.0405278942736353 -45.06670291441022
IMG_20140521_135040.jpg 0.046551617092260085 0.4395296316243495 0.08837934875776156 0.8926565636253472 405.9942053192271 -115.84089646331006 -527.4802270981409
IMG_20140521_134826.jpg 0.031029864912211883 0.6345508223623044 0.05305930437589042 0.7704330675289055 96.88968069557465 -91.31929196676933 -702.4587046979187
IMG_20140520_183007.jpg 0.011570077621647266 0.3802456826233934 0.03277986254494173 0.9242320243107968 657.559588329876 -24.573210069517003 -376.3861829739549
IMG_20140520_182943.jpg -0.013214729593798848 -0.1826307690307652 0.08657272121870926 0.9792734740948426 613.878611864907 73.18541891371608 438.64660132419624
IMG_20140520_211910.jpg 0.008402213799068522 0.3682226393470066 0.011282776210285858 0.9296312116299603 650.5457330878986 -18.154430892647305 -423.27385520740796
IMG_20140521_135650.jpg 0.09327100158400334 0.9904694788652754 -0.00759567432988499 0.1010595736748451 -754.5247977817822 -0.8155084928717653 -100.52908376355977
2011-10-13_15-24-05_816.jpg 0.11478601249664189 0.2791704302776982 0.16515334929701947 0.9389421778840602 629.422649047047 -220.1952227550837 -318.62220560001117
2011-12-17_14-29-11_706.jpg 0.09710112282340787 0.8185739657304619 0.030997487871203506 0.5652850522704561 -300.0832020091357 -109.73798272551599 -607.6468806105069
IMG_20140521_134821.jpg 0.20077261679273312 0.8518432547890056 0.08608353293541167 0.47607042648544123 -414.7736526656832 -236.91712612469078 -531.8157439013829
IMG_20140520_211723.jpg -0.05547442323608758 -0.6809423483805533 0.05063833989533039 0.7284750270813987 -134.85190002610582 109.37081686658337 739.8933498074737
2011-12-17_15-01-35_152.jpg -0.08191487788638108 -0.6631376054309039 0.10693884648635604 0.7362761385216782 47.08317989644929 188.21677202935388 709.2772282886599
IMG_20140520_182904.jpg 0.02375428215896141 0.48315149040590066 0.0537268990399567 0.8735638452438491 539.9857097429913 -56.30818177559805 -521.7468845964816
IMG_20140520_182849.jpg -0.03467699577597667 -0.32729981726243046 0.07981823241768606 0.9409045569863342 460.9136024258389 106.77647933645768 576.7993749461248
IMG_20140521_134925.jpg 0.11415174785862563 0.9842656381777589 -0.012036511695654051 -0.13433411461557612 -678.1790542390331 36.82349698917265 209.8602516207733
2011-12-17_14-50-43_241.jpg 0.24150173739679684 0.9550908786209286 -0.048756277095605996 -0.1646242687249011 -673.2783945403622 143.01033974232178 259.992138336493
IMG_20140521_134908.jpg 0.38648987864716555 0.8921528663293957 0.06902959328914257 0.22343623711000574 -642.7384587160653 -188.8057789772222 -215.8725460849042
IMG_20140521_135013.jpg 0.264060841027438 0.6292715244058558 0.27138987315293167 0.6787022598738326 40.61884201531101 -487.1438391780869 -485.103409212071
2011-12-29_15-31-46_760.jpg 0.03650228507470157 0.33946887197630593 0.0903781684078027 0.9355534484029817 693.6176631874039 -72.6607489888306 -341.70161226007406
IMG_20130302_145312.jpg 0.014151563289929444 0.7363716486216568 0.006317686800363277 0.6763997451183489 103.38045318397343 -22.139599072148638 -711.1989092839706
IMG_20140520_183040.jpg 0.12267636253401837 0.9476422877230326 -0.05202377536341606 -0.290203603339821 -714.6438490502674 81.50661194528833 228.767350886772
2011-12-17_14-53-09_639.jpg 0.09645101336383365 0.8507223930979709 -0.06226186163442883 -0.5129250164386275 -324.6635585888005 157.04616480955207 697.1628436926811
2011-12-17_14-53-55_436.jpg 0.10280796692328684 0.9702662788626927 -0.03615948733781641 -0.21611654613774878 -708.6895639155003 87.96283996719092 352.8044443517721
IMG_20140521_134950.jpg 0.24003129034418985 0.8713240736331871 0.09829681782357366 0.41655380681099374 -451.5357541118491 -261.82760573945404 -464.4011549353512
2011-12-17_14-50-59_577.jpg 0.14095280241637678 0.9810591600227526 -0.009945775145151272 0.13250023993632204 -728.0462436859053 -3.72543699128024 -135.28145584654297
2011-10-13_15-26-30_438.jpg 0.03340939351020916 0.2949068258571256 0.013683528969545763 0.9548437241366226 542.0289701938882 -50.08542138262282 -338.6174319159725
IMG_20140520_182925.jpg 0.05483195277521154 0.7353016863745095 -0.04863642886529351 -0.673765081283448 -246.2670431126198 103.12774807165394 706.7051226575313
2011-12-17_15-02-30_957.jpg 0.004487129103984327 0.012869100933660359 0.08151908076681139 0.9965785926782179 729.1999906749659 -4.124038238260802 37.55752320345017
2011-12-17_14-55-12_175.jpg 0.21193654426336708 0.9392430995265344 0.014826917481437078 0.269602417859131 -685.9423968757582 -108.99256493147136 -370.32511914522524
2012-02-11_15-54-04_6.jpg 0.20378209758293922 0.9334522141034503 -0.04918407016553097 -0.2910682874035165 -691.2605888954391 121.83436029538913 328.1483511175243
2011-10-13_15-28-19_661.jpg 0.09420800844491828 0.6304780765035739 0.05248849927218561 0.768678868993645 267.5480717049541 -144.57626898121725 -604.9048932125595
IMG_20130210_165919.jpg 0.07996772828799555 0.5285248797585391 0.08867336518117794 0.8404782259024475 415.964380643365 -166.76063043709178 -601.8257473153792
IMG_20140521_134324.jpg 0.059757813373983636 0.9179071663211249 -0.023286986794795607 -0.39157777516491155 -530.9677001820726 59.20745083198475 537.6340143209898
2012-02-11_15-05-20_118.jpg 0.038767390969198214 0.14522020573370967 0.04922580586224751 0.9874132879809313 769.6126549716632 -57.4928123568208 -73.86812469980516
2011-10-13_15-26-38_609.jpg 0.13079106839605706 0.7293794079878874 0.07089605847073342 0.667737317007497 -36.8742554381804 -184.87529374169765 -613.5686702818017
IMG_20140520_211951.jpg 0.005369858982777477 -0.11936843087103449 0.07876590511421058 0.9897061556428912 716.768552665379 23.105496748203674 302.57159401412525
IMG_20140520_183030.jpg 1.5573348532563875e-05 -0.022435332152164048 0.1234808292213446 0.992093312367089 717.5061087250939 52.53313410311415 227.61940353712473
2011-10-01_14-36-23_370.jpg 0.02607790735073238 -0.08318824897428587 0.2051858506618305 0.9748325110853555 656.3440712971409 -18.96581955512759 112.14275402058891
2011-10-13_15-24-55_789.jpg 0.04737039241094607 0.17363186007351877 0.06965782822591426 0.9812012077332007 699.3129424849899 -81.05165362875915 -174.75192083808622
2012-02-11_16-05-30_275.jpg 0.13819525328502516 0.8798506662479741 -0.08730797919437236 -0.4462535084920658 -556.0543792705215 166.1860297678235 438.4145159918205
IMG_20140520_183033.jpg -0.0190689424421399 -0.248361578948098 0.07452386392264383 0.9656081478749986 540.3250809207811 79.4769666967191 521.0001048954036
2011-12-17_15-02-21_722.jpg 0.08753224508663134 0.44236012909535216 0.10048702671035604 0.8868810403429257 476.7824398806453 -177.36036575142018 -524.374018465312
IMG_20140520_183130.jpg -0.019972561985847542 -0.21366675366071072 0.059673603208003294 0.9748777750200213 584.6784634353684 70.98905803589429 506.09124919901245
IMG_20130210_165751.jpg 0.030925558980837965 0.5678634833160534 0.02303211681308291 0.8222190679575543 202.02988425766145 -56.15288691888297 -612.6258298995524
IMG_20140520_211943.jpg 0.009198302152171406 0.4531540599056849 0.021325465594450387 0.8911296279137458 556.2193500376089 -26.252243726429636 -544.3968285984016
IMG_20140520_183020.jpg -0.08543932717717721 -0.6941535301778761 0.07735744373454405 0.7105398115601699 -182.28189655594295 164.17002594790995 715.0571977594033
IMG_20130302_145337.jpg 0.12140256240316932 0.4698059168256198 0.23064203144976267 0.843414531346425 498.1368251941316 -249.770196926302 -441.198218451108
2011-12-17_14-53-47_244.jpg 0.06485365058096683 0.9721165566094577 -0.07107622261388814 -0.21384942120808897 -705.4555540898806 126.91714317740087 349.6355151918315
2011-12-17_14-54-02_921.jpg 0.07270777969625337 0.7046128472347076 -0.09098279697655622 -0.6999688885498858 22.825607402121264 174.18830222353375 776.7178947504597
IMG_20140521_135837.jpg -0.06145572664085901 -0.6633025782168877 0.07259275081860346 0.7422824098161437 127.46120679923328 139.8553491163891 771.9655250216123
IMG_20161227_160049.jpg -0.09294809028252611 -0.6778764888261443 0.09766054354979439 0.7227077809482398 -148.6893288539009 195.7408955340795 710.7045390573609
IMG_20161227_160059.jpg 0.01588198546258757 -0.00850266712773411 0.1816204953924859 0.9832036731231575 723.6317168564128 47.76864067311699 197.00418637878556
IMG_20161227_160208.jpg -0.06335548015306192 -0.6451774054886973 0.08807064810652304 0.7562907903204594 -40.118424856883294 169.25461949722953 767.7999476351096
IMG_20161227_160401.jpg -0.0038319760152749644 -0.054556015869975945 0.14762508979395964 0.9875301463527779 727.9103911134303 34.41572076735769 150.76903909376472
IMG_20161227_160415.jpg 0.16019076939450966 0.9818971859075898 -0.016080806391778602 -0.09979098843754254 -739.448768829965 20.56934750896137 77.95510170658065
IMG_20161227_160457.jpg 0.09231317062096348 0.652129922580607 0.08095779874201052 0.7480980399839087 140.04924525130022 -182.27616550916557 -689.5532788603645
IMG_20161227_160507.jpg -0.008507928501758803 -0.03300931014752502 0.17236674906707236 0.9844428395860486 720.4208422742714 30.02318081712904 88.35451016008219
IMG_20130210_165237.jpg 0.02475328492171379 0.568546717738474 0.024785386645256362 0.8219048541304753 213.73434073763534 -57.839246188827595 -688.4594221957403
IMG_20130210_165320.jpg -0.0208749620351503 0.9732856927272843 -0.008211729004862925 0.22849893610069805 -647.4886868530114 9.759985473988404 -289.9221726967926
IMG_20130210_165400.jpg -0.050094315683969846 -0.5740565097819411 0.055966711264356456 0.8153633609277423 246.53416773417695 94.63733184392144 649.4705638939255
IMG_20140521_133240.jpg 0.0584703816630207 0.9462403696514792 0.019858740960797237 0.3175153661123578 -467.06128291342367 -73.97294983148913 -587.2883708857615
2012-02-18_13-08-53_664.jpg 0.1687796398691778 0.9731802314769598 -0.05370100548900441 -0.1467987473977624 -685.3714365861754 125.4183613099042 254.25741751160294
IMG_20140521_135713.jpg 0.047016605169270934 0.179988622013106 0.193276826501793 0.963347083413645 700.3503172520947 -148.09549114158017 -292.37074028747736
IMG_20130210_165902.jpg 0.1048379597964776 0.9881172518316219 -0.011388841154987788 -0.11181946662179053 -647.0171819276607 35.909329704182575 205.12621310941037
IMG_20130210_170019.jpg 0.18529030229737548 0.9780991953551392 -0.03518498425548215 -0.0880425170194365 -714.939203534569 89.46916803887545 176.34287392826863
IMG_20140520_183116.jpg -0.022357040247123303 -0.63773326172396 0.04716354719474998 0.7684868570498247 -75.0679471737316 79.02908137188605 767.8277001085844
IMG_20140520_183109.jpg 0.043448000929563926 0.48346950530308996 0.05940355310076363 0.8722618451681899 577.6752594574634 -86.62248341805424 -509.9030247812452
IMG_20140521_134750.jpg 0.35887338616297015 0.9016225404670399 0.05927671165076217 0.23403623369375484 -661.9009896318435 -179.30706239213987 -244.02301512159625
IMG_20140521_134922.jpg -0.05047495589278019 0.9293748456339586 -0.019373550879037985 0.3651565974439121 -536.8646626497168 42.437990240455896 -464.0558149766465
IMG_20130210_164118.jpg 0.2778351056915711 0.9478251481751641 -0.03340482524547671 -0.15270645101763197 -746.3246814506344 51.672889248374986 118.14917856526763
IMG_20140521_134126.jpg 0.050340194466699205 0.2640384869621435 0.14119734639111156 0.9527921345161838 651.0111548603646 -122.56453485576795 -328.351736229123
IMG_20130210_165428.jpg 0.2576776432452719 0.6920055041328904 0.20745005700358438 0.6416347000206237 -72.85023919153807 -430.344538783031 -533.6977772189748
2012-01-28_14-40-22_205.jpg -0.04078867808189833 -0.6720318033763031 0.07515211319472004 0.735568962690442 -117.94683693730813 127.76635216808717 734.6570599027432
IMG_20130210_164129.jpg 0.3858713832724318 0.8945868240170083 0.048711529562722844 0.22010196899219855 -619.2455848358717 -267.58247027329344 -329.79004412277305
IMG_20140521_135601.jpg 0.21635416076833747 0.9117646542064636 0.04043178795559347 0.3467583639664811 -590.5572560259493 -144.31473757333174 -396.2953623915622
IMG_20130210_164053.jpg 0.0014844586264231127 0.1589277951425151 0.05460720351388889 0.9857777668613332 758.7114122449742 -7.631290752910045 -134.7631157184088
IMG_20130210_165216.jpg 0.3531594824137243 0.907629332040825 0.0364138682168079 0.22396742129578706 -671.34927401371 -142.7204810557383 -244.83788045834632
IMG_20140520_211426.jpg 0.04536281322237764 0.5886674929922037 0.05823296770566108 0.8049979623222763 411.6679755559744 -95.34113786341314 -619.9030040559209
IMG_20140520_182639.jpg 0.033408149086607136 0.9792989160272512 -0.01020722929345959 0.19938239920466436 -550.5262534180383 -5.2452380452295415 -389.36321088646054
IMG_20130210_165246.jpg 0.044891773650956056 0.967565077013952 -0.015609017288731711 -0.24811067889298297 -610.1964212299267 33.442063763131436 380.3492173212749
IMG_20130210_165314.jpg 0.4071953413033102 0.9045630765335039 0.014057576545552284 0.1255387555091598 -694.5178167831232 -73.53896978113046 -129.04634768359386
IMG_20130210_165344.jpg 0.08497080265897233 0.9781771369933959 0.009660891366612934 0.18935711905522795 -661.8699643940931 -40.50658035984011 -243.6647190678583
IMG_20130210_165420.jpg 0.07084450190773244 0.7790169507778709 -0.05712838302680299 -0.6203627928905278 -144.82627064809338 115.93561367458007 668.1586676934879
IMG_20130210_165444.jpg -0.06059470605747147 -0.4477867547191222 0.11081765493813071 0.8851749834072011 403.97149728995964 132.33987279928388 524.7793085762626
IMG_20130210_165507.jpg 0.025193591308008797 0.6908725617898512 0.024830472734054785 0.7221106798453657 22.552111604988337 -53.53864316436996 -666.2843592469694
IMG_20130302_145414.jpg 0.35243946685532224 0.6303877600991871 0.30834169189330674 0.6191309192410256 102.49142758066887 -583.7211219636677 -390.79274696496816
IMG_20130210_164001.jpg 0.0024725312272895674 0.25952404022160797 0.032715461645128924 0.9651791842480488 737.4235286927817 -13.250668799429 -285.5538836128099
IMG_20130210_165836.jpg 0.10807157157044114 0.7533546293027469 0.06174323472637657 0.6457283568900627 -155.53260179719115 -157.42789462148014 -630.0846046946311
IMG_20130210_164036.jpg 0.20283843128720783 0.9430242958318777 0.027738684000246743 0.26228288864062455 -601.2036965851158 -167.27499237779142 -458.9177591698313
IMG_20140521_135520.jpg 0.15863547354283586 0.8310136760030052 0.07294561736744132 0.5281382335494148 -363.7782908842062 -197.2621159398706 -570.8479462270323
IMG_20130210_164048.jpg -0.0038392606200976917 0.13213748475607837 0.05361361421777925 0.9897729666801048 765.0215001125372 2.879833372786992 -93.80453427179846
IMG_20130210_164100.jpg 0.18290295027759226 0.8572684459033789 -0.1184839798567446 -0.4664749392576889 -499.26363531380053 258.05282369905143 521.3980652345298
IMG_20130210_164110.jpg 0.08745200167768802 0.7439712115703838 0.058667168350338264 0.6598614605466931 15.183036569873966 -162.4328192764636 -744.1239178560604
2011-12-17_14-53-36_335.jpg 0.08241515463012497 0.030553230729072695 0.03057208426650523 0.9956603788656605 701.5225074536206 -102.52494774814835 125.11175013017524
IMG_20130210_164155.jpg 0.0009556305325073356 0.30105420102521246 0.05235997117902324 0.9521679937035733 673.2983564333156 -14.766431553691387 -328.9674851306674
IMG_20140521_135611.jpg 0.05196524236475517 0.8746504576733469 -0.07718599144520563 -0.47573996384831724 -335.4430383092786 128.26128035275462 645.4330502678511
2012-02-11_16-06-24_189.jpg 0.08204241833888871 0.9963994894093894 -0.018725288653932744 0.010318074560753303 -684.499082815012 -1.049151238305347 -172.2316626407925
IMG_20130210_163939.jpg 0.06044820106614153 0.6493442324783559 0.048542953912425815 0.7565326591499002 240.6118762216528 -121.8397333614811 -730.0304086599581
IMG_20140520_211815.jpg 0.07905051466586989 0.9761160780275719 0.011406138173040915 0.2020354383743356 -625.2122390253478 -66.24299926760997 -446.15130218052286
2012-02-11_15-56-27_505.jpg 0.05225738708545577 0.9767585838445257 -0.00235841245011158 0.20786118510138538 -589.6217474019735 -32.26481154167665 -464.16346419050893
2012-01-01_10-59-45_309.jpg 0.021707952269155676 0.20357732424811542 0.07889776134398613 0.9756332205881285 728.2385767675304 -26.326397310531505 -109.65446105027382
IMG_20130210_163933.jpg 0.21201225950335983 0.9761896323332943 -0.018519976573416187 0.04197158578120411 -753.6826781195169 -41.6257462177134 -184.74497530646866
IMG_20130210_163921.jpg 0.07124599193909173 0.9054249833783703 -0.03152668959968145 -0.41729566969928916 -601.7713093845482 73.77026333434989 493.12810749796444
IMG_20130210_164016.jpg 0.17624889335370394 0.7513009415382552 -0.14926323762531668 -0.6182262601418144 -269.4026231110504 333.5392658888057 668.1368330169039
IMG_20130210_163913.jpg 0.327647280467242 0.7950168324081793 -0.243105606766306 -0.4488821223315437 -483.3742074734252 482.644293834578 378.1843372218727
IMG_20130210_163904.jpg -0.001780715679407444 -0.10816150082883794 0.08461423784659698 0.9905242801384333 722.376225815775 36.781273584989506 292.66254065823375
2011-12-30_15-18-52_399.jpg 0.11609274155897116 0.674792616052648 0.0817894021321909 0.7242153646374848 88.70242208347447 -210.4899035817637 -694.8262463093944
IMG_20130210_163855.jpg 0.00827368959856897 0.30637857402196583 0.004469812003622435 0.9518632970239713 702.916460198688 -15.498722598567314 -334.7975889816135
IMG_20130210_163846.jpg -0.010927396486259846 0.04264758231108446 0.06007600784979286 0.9972224671606045 773.7675571803543 28.9842029068459 77.62816131047417
IMG_20130210_163818.jpg 0.05785031816716888 0.5077501565389677 0.08577663410861928 0.8552692489874789 497.6155633763341 -125.60252294530558 -567.187389214473
2012-02-11_15-53-21_857.jpg 0.10342200169598863 0.9642946982126354 -0.053880408266470683 -0.2377741074407316 -704.812272505984 102.29300252540857 303.71968984069355
IMG_20130210_163801.jpg 0.0060458751286905305 0.20498490026334215 0.043814108815573634 0.9777652897943618 754.9417804154568 -10.403449687451973 -160.91873752229102
2012-02-11_15-53-01_240.jpg 0.09928505051965564 0.9862384332689276 -0.023418527279120673 -0.13010689476979287 -754.0838470921186 43.17112649793323 174.28750088896712
IMG_20140521_135412.jpg 0.15244458473170167 0.6922863488839013 0.10803489621054235 0.6970141468691681 -51.68733040776995 -244.1374528887203 -617.7844142821974
2012-01-15_12-41-51_416.jpg 0.04918803456271175 0.9146961806156312 -0.040799491681400846 -0.3990574343394363 -627.4569089535214 75.72983820170957 436.7693612663851
IMG_20140521_134219.jpg 0.005852817056619126 0.06869483713731209 0.09722942399454144 0.9928711915414148 736.5110285082968 -19.963070076454063 -73.53945375868213
IMG_20140521_134146.jpg 0.05721531328095934 0.359955226763185 0.13588657686366296 0.9212456137644844 559.0534865770851 -147.69922929994618 -449.33778520639464
IMG_20161227_162934.jpg 0.1587375974523602 0.6876466763051096 0.13758591328544958 0.6949924749139352 -5.62739889442351 -278.03797711272523 -604.3227545743763
IMG_20161227_160409.jpg -0.05949876442509399 -0.41807838272512593 0.1004388929281394 0.9008786775793954 422.93092700802663 145.9535706796827 593.6124882201942
IMG_20130210_165452.jpg 0.038500617724894506 0.5345714670527487 0.06326057305654172 0.8418724065702781 280.61549317362585 -95.6246494633847 -602.8431950504948
IMG_20130210_165302.jpg 0.1499738601830293 0.8318073716004417 0.07062157519516733 0.5297328863964552 -340.804745041048 -197.96340892505316 -597.8305014369995
IMG_20130210_163951.jpg 0.09274696231812822 0.8559023623585453 0.04474516673392971 0.5067810347120083 -267.15122633445105 -149.10268508886853 -720.705518317488
IMG_20140521_134023.jpg -0.09353272728620175 -0.6091752008211431 0.12882568495480642 0.776891978673258 112.5386141799813 222.55074348321875 692.5223945383592
IMG_20161227_163204.jpg 0.13026600834692434 0.7685518576746748 0.11088587186345561 0.6164926054343615 -113.8335216118037 -219.62559925531818 -597.6869751146712
IMG_20161227_162953.jpg -0.0072697838152085345 -0.12429057868551774 0.13654784383211024 0.9827785552392257 638.9637064588483 22.683565595470622 149.51288079014512
IMG_20140521_134151.jpg -0.012995890251984218 -0.04456177004783644 0.2666879009908294 0.9626644892961765 725.1328673191628 47.02671000718974 88.25300423442992
IMG_20130210_164206.jpg 0.11582856734213717 0.958878985064348 0.011997412363347056 0.258825997701192 -578.6530851817159 -87.63655277830813 -459.6901107657802
IMG_20130210_164238.jpg 0.03683850180396786 0.6332815462518593 0.02142101411378928 0.7727474025294625 252.84208585461934 -63.594974789295875 -677.9082501295404
IMG_20140521_134202.jpg 0.06954548664234704 0.9898591881611992 0.002523177278444375 0.12383798479041914 -703.001355904031 -26.546929888367718 -207.9497056681967
IMG_20130210_164244.jpg 0.30313506538529866 0.8099454953921404 0.12939686834057923 0.48513284478736524 -255.6146256950818 -404.7294738888261 -546.4037635074587
IMG_20140521_134209.jpg 0.08483373975923082 0.8655588029742257 0.04363300246671019 0.49163742360405094 -353.9030463214629 -126.17143357464856 -634.3435813958773
IMG_20140521_134213.jpg 0.05899183632699159 0.5214551438978638 0.0979844130029761 0.8455788259870816 355.73859962114807 -152.31492605174637 -628.695022656211
IMG_20130210_164256.jpg 0.012388675204812122 0.1631577500055306 0.09064521085791849 0.9823489782599287 715.3943850575869 -19.87066374668635 -117.84611989102918
IMG_20130210_164322.jpg 0.25961312224260075 0.8740974229596636 0.07802553450050857 0.40307162874684477 -389.46453201205105 -291.69873219287 -530.5897854576473
IMG_20130210_164349.jpg 0.34705102920866965 0.9034894200098766 -0.09577318201780301 -0.23257245894904516 -698.2835726613828 182.00582032780326 194.2910237698301
IMG_20130210_164404.jpg -0.00151065274143753 0.03216776657574048 0.034872666254883125 0.9988727896334443 755.7382212598413 3.614795612518942 54.8027734337036
IMG_20140521_134236.jpg 0.0770707221401153 0.8182266560069628 -0.05770072377131352 -0.5667767370532518 -282.572726300404 126.91243199701329 675.762626326004
IMG_20140521_134245.jpg 0.1007093227490105 0.27588116714052124 0.3412052458681252 0.8929312370617868 627.1157930578612 -269.8371124509641 -300.40866531439514
IMG_20130210_164452.jpg 0.02072964547302667 0.6992148985942838 0.015087784199676492 0.714451654172829 73.35202699339615 -44.231329901460015 -751.6004980397557
IMG_20130210_164500.jpg 0.11798300333040158 0.9875868640917042 -0.015861659503219733 -0.10247245755058437 -748.9369352164741 22.92659483748966 97.95574458245137
IMG_20130210_164513.jpg 0.004937443049145153 -0.04635583377423007 0.1500269415237904 0.9875822371571135 737.738541324007 13.076974739286365 119.62913502239238
IMG_20130210_164534.jpg 0.06453974489143725 0.3007574636035351 0.16817148831503764 0.9365350607072973 617.365045912684 -162.17562674862236 -376.3450448990902
IMG_20130210_164543.jpg 0.09259363026258162 0.7633643670274634 -0.08372946824906102 -0.6337906901606285 -164.19050546556824 174.09246390237465 700.0930893874249
IMG_20130210_164550.jpg 0.016439312132290215 0.0429385585438604 0.09512885531973328 0.9944025996005593 736.1823131395339 -31.002276744297806 -32.343081229654466
IMG_20140521_134335.jpg 0.0664350866546109 0.8593961501530017 0.031289303620510564 0.5060095017312789 -368.0001581788599 -100.97228675458156 -663.8597964028625
IMG_20130210_164557.jpg 0.05847353986805755 0.5669722888480054 0.07251625421752605 0.8184526019801097 284.16381557073447 -135.6174735471314 -666.0725898415249
IMG_20140521_134340.jpg 0.07198058506974732 0.6915544770287881 0.06731488383704558 0.7155696381823788 29.159447055521238 -158.30855401236562 -750.0437536848891
IMG_20130210_164602.jpg 0.1561238513434248 0.8903978521175722 0.059180814724052476 0.4234555928957695 -445.0514122154696 -187.1498137795406 -556.2067064917333
2011-12-29_15-09-58_213.jpg 0.07951934699078864 0.7921151973075745 -0.06409537115694423 -0.6017657110909482 -186.4835187103398 156.87450114696728 796.063517624108
IMG_20140521_134347.jpg 0.24933113066985932 0.7812040120643344 0.14972437850920534 0.5523919706997101 -263.584578371383 -399.31521628743263 -603.324102532606
IMG_20130210_164625.jpg -0.027380577441760732 -0.19355241803493528 0.16186325774928695 0.9672580065538737 681.7041031881105 86.16785645606288 294.0715743974383
IMG_20130210_164632.jpg 0.060367815793135375 0.8295278509222792 -0.035665129638834954 -0.554046270530248 -304.0891922981313 86.15179798622464 678.0635743274172
IMG_20140521_134405.jpg 0.016669873482351102 0.242168563053467 0.0641729493021028 0.9679660815155517 687.1817933697017 -57.52242252136887 -362.3657514745364
IMG_20130210_164641.jpg 0.09235981847017691 0.9932115937777077 -0.005564148169103231 -0.07049421375441826 -742.8930321640486 7.540113562027211 87.52088364790002
IMG_20140521_134412.jpg 0.03224887655794506 0.5999074581626623 0.041149859899602764 0.7983594056762948 213.00525172435727 -86.89576560606963 -744.4088925489663
IMG_20130210_164650.jpg 0.1266676502203253 0.264162484805742 0.3367581766540748 0.8948560881312371 630.690836010231 -302.12081875481186 -277.4477012222217
IMG_20140521_134420.jpg 0.11710998051816975 0.9906508128873341 -0.004726221838382435 0.06981319514126645 -773.9321532245209 -12.101946032067529 -101.68699226715938
IMG_20130210_164659.jpg -0.11124346264440121 -0.6365675426203133 0.1227155995304527 0.7532247588423403 114.3866671697277 236.91695610460783 705.6398767557178
IMG_20140521_134428.jpg 0.12571320838768824 0.9318950092628631 -0.05258102881889661 -0.33615936154774756 -598.8867160651295 135.97824933954632 485.8017450181716
IMG_20130210_164708.jpg 0.10218337367546126 0.863760245248691 -0.0669721514001994 -0.4888675974218894 -401.96393468118976 160.50185863163188 646.5291627168281
IMG_20130210_164718.jpg 0.11439223136227625 0.7081953390113157 0.10453160045127954 0.6888010770271061 -16.117334950871236 -239.32550993675022 -719.3905748884255
IMG_20130210_164736.jpg 0.09638566853714313 0.6509493817970065 0.07193003050144578 0.7495337056802741 108.47713813617666 -190.6759033570883 -735.7523861749162
IMG_20140521_133452.jpg 0.1085941596075853 0.7326713488634865 -0.10951040252623463 -0.6628781749252448 -208.94374233741746 229.0806516434976 712.2013147398872
IMG_20130210_164742.jpg 0.12819895284935023 0.7424909637461675 -0.11491557159932844 -0.6473535422376382 -110.01155013389717 250.59055237321445 717.3596112009211
IMG_20140521_134504.jpg 0.029902715169547425 0.47375144811688186 0.050479995434499346 0.8787019762658889 400.2365437928901 -87.86877939409798 -659.4581643462402
IMG_20140521_133418.jpg 0.09290000765462526 0.4440789888966645 0.10832682985100295 0.8845500201417204 570.3288337085647 -180.8302720531042 -488.24525707324926
IMG_20140521_133846.jpg 0.31146616692772483 0.8181915981809915 0.1516027177318239 0.45887683696359083 -282.66265666854764 -425.23899807910794 -512.2570619080234
IMG_20140521_133410.jpg -0.016930443271880515 -0.10506683447775633 0.29084345340931267 0.9508335322191718 706.8750883411825 158.17135972577833 273.55457142516184
IMG_20140521_133406.jpg -0.057442016518176625 -0.5219776441564615 0.08965491845165093 0.8462870372022864 196.6302072430026 158.6155230180746 731.7656745562895
IMG_20140521_135857.jpg 0.016040898022198297 0.25995042792117007 0.09506615241443937 0.9607970083630337 730.0231632855795 -31.61502129294095 -226.8815519066871
IMG_20140521_133404.jpg -0.019985665177653173 -0.17256821651601026 0.07447715472296972 0.9819745094758121 657.2150496531707 70.87662813725738 403.25105142630974
2011-12-17_15-03-49_361.jpg 0.13547109691127732 0.2615670059613077 0.33391759258009424 0.8953933910073308 629.4106439301135 -310.88375002147313 -269.5961223536084
IMG_20130302_150040.jpg 0.029243713066310968 0.573086994411818 0.02542415677095817 0.818577860887167 373.5432285061696 -63.003410011555225 -687.6730145017475
2012-01-28_15-18-06_979.jpg 0.13120533165568016 0.8367231356744217 -0.09547890507817496 -0.5230328229254447 -320.4066321568155 235.70027198600138 702.0860836647057
IMG_20140521_133121.jpg 0.03669128169844275 0.8649838228739969 0.015169042118891144 0.5002265848341202 -205.49638175406457 -53.44973866405185 -698.4005983231527
IMG_20140521_133354.jpg 0.07681328496807123 0.8017651852048483 0.04717375644351467 0.5908019496826814 -65.93825412062039 -136.50069900637644 -753.0387109731338
IMG_20140521_133612.jpg 0.019764433634893684 0.3424431214218735 0.07075466265621798 0.9366620807240681 658.8401708249958 -54.839496062048525 -399.3813899947581
IMG_20140521_133351.jpg 0.04964293540446113 0.3821258128824791 0.0980436817833764 0.9175526571024099 644.222718298715 -101.76938889241305 -405.58244371994033
IMG_20140521_133332.jpg -0.04617358767319292 -0.40142620075294905 0.0978027270095539 0.9094831673758088 379.3849944414885 144.9785326897912 651.127657890102
IMG_20140521_133606.jpg -0.00017322639199704614 0.014396292413640035 0.05686159656025217 0.9982782555950909 768.4573098537101 8.899390542790567 94.86613443164154
IMG_20161227_160503.jpg 0.006603839531887118 0.08913766037616443 0.17678666213971686 0.9801823008479589 721.5030513472564 -22.28401565813263 -82.29162485145528
IMG_20140521_133336.jpg 0.055529799841829805 0.8091588829429326 -0.04802986701512241 -0.5829849700966414 -396.70622476639323 100.34399092603184 649.1317112278514
IMG_20140521_133024.jpg 0.05004095057823168 0.97045692639206 0.011029868819215418 0.23577022559418667 -537.5979540986931 -44.37440320157839 -447.05065010753316
IMG_20140521_133320.jpg 0.014980872368823379 0.27596378829902807 0.048367179490969775 0.9598334110452739 721.4829511094204 -27.08633325362359 -246.3906510703408
IMG_20140521_133230.jpg -0.03142744023497207 -0.2611695889254361 0.11068348810717886 0.9584111473064284 533.6216194865243 122.7409170520481 519.4472644435778
IMG_20140521_133014.jpg 0.10550888210733163 0.5242913826142078 0.15479467280619635 0.830677453157221 429.5336354618974 -206.59881005480017 -508.51953343088485
IMG_20130210_165503.jpg 0.17842175172684294 0.6791702509240276 0.16117766397855093 0.6934805039833027 2.067457129289317 -317.2995520770399 -588.9558650564047
2012-01-28_14-41-13_0.jpg -0.011899416925482803 -0.22775987001087813 0.1522956448898408 0.9616599617520994 605.5114477025178 120.77217887228132 481.24224479846356
IMG_20140520_211952.jpg 0.0015808979257133852 -0.12096177507544657 0.07598980736902598 0.989743046910846 715.7660000461207 27.74975677398791 304.5273355234413
IMG_20161227_160322.jpg -0.006633866592906819 -0.022446926380562882 0.08324978782118987 0.9962537829979969 744.1424214865375 26.839949432156455 140.1694839991785
IMG_20130210_164731.jpg 0.10004459617370978 0.8319168697666364 0.05867848832889167 0.542643746468673 -304.33242644283575 -166.4149429939488 -683.4004791070803
IMG_20140521_134450.jpg 0.002763970148974078 -0.1502213264651177 0.05963725874013593 0.9868481701427219 747.4315271123447 -1.1327690867749702 209.41403869467402
2011-12-29_15-30-24_502.jpg 0.037163712483423185 -0.4994077864239147 -0.021994882334561483 0.865290093832527 228.87529707026246 -54.59874161121384 688.4969372349594
2012-01-28_14-41-04_244.jpg 0.053736319921725686 0.33330691516719035 0.09931379568605321 0.9360318788425048 699.6315075865344 -101.06446489273151 -333.3231134690368
2012-02-04_14-20-50_904.jpg 0.021379312404182556 0.8686182813754384 0.0027878125386917264 0.49501255980303477 -218.2948562648896 -21.297025838390798 -633.562387769639
2012-01-28_14-40-02_921.jpg 0.08873563114865772 0.9525017640963352 0.012133418139488535 0.2910655550254465 -496.13775740069616 -86.71586621173974 -559.8073467220597
IMG_20140520_211912.jpg 0.004293997550050506 0.3654452605396793 0.010159311934699489 0.9307674852051607 653.1337707994288 -11.51960047287531 -419.5095639362366
IMG_20140520_182738.jpg 0.10345628647724558 0.8632663940136182 -0.059881263274216716 -0.49038980827882755 -489.8043721442478 121.93871089930735 493.69774485612527
IMG_20130302_145531.jpg 0.27385611014517336 0.9613728861567709 0.0074581321928951436 0.02663420663260209 -720.1697729035128 -77.9951427997688 -118.72506958360007
IMG_20140520_211729.jpg 0.021191463111259728 0.3991442579935797 0.07033340265922679 0.9139409147599941 636.2713008721129 -50.11841225136688 -412.88926673286306
2011-12-29_15-31-19_299.jpg 0.07982243617958006 0.9947244375165349 0.0019152919352533355 0.06440499783846414 -741.3648095975032 -38.87328485263678 -267.6355445338644
2011-12-29_15-36-34_861.jpg 0.14859906049054847 0.9858405186788453 -0.029179866714588325 -0.07200921004198343 -719.1451553975216 19.455642444210817 -20.30478500040804
IMG_20161227_160721.jpg 0.08359185166124035 0.736500496116278 -0.08984972186481283 -0.6652115821579914 -51.641194975054674 186.01447426921726 772.8778542779469
IMG_20140520_212003.jpg 0.3420247734988956 0.8261403146165355 -0.19497632622102434 -0.4031072649949061 -560.1020713755512 408.1198710287551 358.0971082083551
2011-12-29_15-36-47_728.jpg 0.0032230765565105252 0.0723259573666235 0.045335480495635065 0.9963449512476797 729.3303126034535 -0.6291013125044819 12.425767800459173
IMG_20140521_133252.jpg 0.002027804487892945 -0.003930039102219703 0.11443386602854665 0.9934210250983083 730.2109391002664 40.2246102257275 189.62289395328926
2011-12-29_15-31-27_158.jpg 0.0377853182490848 0.9218433602535757 -0.035126379078278196 -0.38411355921662155 -661.8633355638939 64.07674398207367 419.47013004342904
IMG_20140521_135354.jpg 0.1689987879332848 0.7545161277828056 0.13012383786750897 0.6206549841992345 -159.51648825281964 -267.2240188144029 -572.9502107973678
2012-02-11_15-55-27_974.jpg 0.023327133368919752 0.8396370868509455 -0.033394093275256755 -0.5416181697169793 -459.4899029543763 60.58751485226595 614.0834362726451
2011-12-17_15-04-45_439.jpg 0.045220866892752426 0.2655248751018838 0.0630923875321115 0.9609739666271377 666.4036611432332 -102.30147547999984 -394.7252678544058
IMG_20140520_212018.jpg 0.21820486090045887 0.9437642430385882 0.02348173253809708 0.24727373592482685 -617.3699884591001 -167.1346299512066 -441.12208988923635
2011-12-29_15-38-28_183.jpg -0.006986776942711192 0.35049911276206425 0.02524495293736241 0.9361966936772149 526.5876851572489 6.0007952982553405 -313.20822015053096
2012-01-28_14-42-04_667.jpg -0.010486225987258 -0.32814769439985253 0.07144241070292366 0.9418625757920098 536.4195617251918 66.85989827845509 597.6880751228418
2012-02-11_16-08-22_494.jpg 0.059317698313693906 0.6154999446874936 0.041362214836153696 0.7848123316693658 343.40179461099467 -103.22824608453159 -632.4197968952931
IMG_20140521_134514.jpg 0.13164592426707075 0.8243545965146343 -0.08841422927565881 -0.543407557815176 -274.5405749392114 220.74697161957792 692.6677721051747
2011-12-17_15-04-25_486.jpg 0.04030290612027655 0.3064373336680546 0.07730622996292628 0.9478900691016824 627.8015132689196 -103.61250454936115 -442.31888792773844
2011-12-29_15-09-40_939.jpg 0.08595014085848192 0.8503531334640398 -0.07990454626520585 -0.5129594381434542 -345.371420999073 181.87527380722665 746.0671903376314
IMG_20140520_182702.jpg 0.09257090507714047 0.9901309386126768 -0.0022752212522574155 0.10519589014516288 -625.4430086299866 -38.206734656980395 -289.75805451370195
IMG_20140520_182712.jpg 0.10094841576913913 0.5242682076960373 0.12868042150227438 0.8356994752151536 432.04549479003106 -187.45896445311044 -508.5872240324635
IMG_20140521_133132.jpg -0.02792410779837664 -0.2703923050149792 0.06721331955186363 0.9599951121058745 515.908850531912 82.89839721630779 510.89375264947125
IMG_20140520_182813.jpg 0.07135005827380075 0.9963646242822298 0.002783868983170001 -0.046464553551510426 -722.1003631009347 -23.406219585567122 -99.07609936001693
IMG_20161227_160446.jpg 0.12713543767444385 0.990857213026332 -0.002693517122664391 0.045070043782188124 -717.6892274137796 -22.439408206262055 -112.66719923466229
IMG_20140520_182915.jpg 0.05852265396731624 0.9860210901393769 -0.02065160753007653 -0.15463188506708583 -753.1205467205269 22.721545507053456 50.56976978200748
IMG_20130210_165818.jpg 0.07761175904181603 0.98220498938408 0.003264117122150401 0.1709945005749219 -631.8229879067626 -22.12630362770403 -181.1728038871899
IMG_20130210_165913.jpg 0.04910357924116797 0.8929357082262059 0.013566894139509459 0.447292520464716 -459.0443192872121 -49.541520321283514 -510.75955308379923
IMG_20140521_133311.jpg 0.06422740256190236 0.8700407457823465 0.02838581548902756 0.4879530581087411 -232.28297547405495 -97.84280867138622 -715.8190587568702
2011-12-17_15-01-08_996.jpg 0.11409342270608955 0.9893008709647436 -0.026483890677703903 -0.08697747488965994 -737.1145323278895 42.11951962773243 102.65952416831483
IMG_20140520_211734.jpg 0.07545351368541225 0.8168933889166345 0.04576705038043932 0.5699976627288017 -84.48348680418928 -132.4362452239032 -744.2668346939167
IMG_20140521_135850.jpg 0.07298121463192656 0.9611732574110217 -0.03190144590970538 -0.26420069889688963 -671.9948484191291 76.05618778722936 434.00618799645144
IMG_20130302_145444.jpg 0.27564008208604834 0.7709403703185709 0.18805808553807493 0.5425012875785774 -129.56117279413505 -445.03614534549695 -549.5232280099144
2012-01-15_12-34-19_472.jpg 0.24252532389738973 0.9697521898519074 -0.027557988598487508 -0.0016476681406458863 -754.7394384381338 54.44918077246367 33.42136075926056
IMG_20140520_211827.jpg -0.062429005267908594 -0.4875152017574204 0.11425536131091407 0.8633523381380246 248.54398679787846 187.28230156977344 706.3070884375871
2011-12-17_15-03-59_335.jpg 0.09826899894098264 0.6825482629659249 0.06756420425507707 0.7210451794948182 46.03660527069631 -184.15228386505427 -729.1252144984064
IMG_20140520_211840.jpg -0.017105892322323967 -0.12149615124156316 0.24129452592107423 0.9626645446062029 696.5393564246576 140.94974846431822 305.09821266139306
2011-12-29_15-31-05_955.jpg 0.010569756744938114 -0.6042990868881037 0.05908589925520754 0.7944933922555677 46.97419604027576 59.821413823715716 796.6385386002836
IMG_20140521_134840.jpg 0.10119336424518459 0.992746044452719 0.007873666307059815 0.0644453228334366 -707.4950393052369 -20.51086872651097 -54.488494259923776
IMG_20140520_212025.jpg -0.045072688748431095 -0.30368938903626086 0.1423173020146793 0.9410031845126948 554.5835373326044 155.2782779391789 518.1744922007886
IMG_20161227_160532.jpg 0.11013671215393314 0.993450483436968 -0.007546666248414459 -0.029480322645985216 -734.9955341094084 3.0878010935299014 13.148288850885667
2011-12-29_15-32-54_705.jpg 0.057569031960593216 0.8082987571534264 -0.07601476618683976 -0.5809997255291148 -378.7340831311643 143.0875007083806 663.8485054958135
IMG_20130210_164902.jpg 0.2668155650416621 0.6828624927698986 -0.2757575929957636 -0.6216639125160484 -47.16644970960869 554.2350962868463 560.9973323343173
2011-12-17_14-52-45_843.jpg 0.16624129398760326 0.9406936638363316 0.01530264035861822 0.29533894458665877 -657.6176952040661 -94.02677276677949 -393.2451515397743
2011-12-29_15-10-15_99.jpg 0.03581017817807243 0.7298836950340776 -0.059547056386024394 -0.6800305661792091 -24.479310435014 101.1135899522996 808.4048917886741
IMG_20140521_134601.jpg 0.060786434711248186 0.8832306613886063 -0.032159780710833065 -0.46386890027546557 -400.4075331968893 82.66832898773012 653.6107160210819
IMG_20140521_135310.jpg 0.07495282927793134 0.8249624200611562 0.044172719418995775 0.5584512957538956 -251.5668753245609 -105.37380530060598 -583.1087023523257
IMG_20130302_145424.jpg 0.017054733519088882 0.4697121586097782 0.0011275102558115256 0.8826541524512067 498.03769046795367 -24.03502806103612 -508.88177093700233
2011-12-17_15-01-27_386.jpg -0.02033421900728146 -0.1953814841329633 0.22457614325603484 0.9544517541896025 667.1306145148824 100.87401750701396 295.92170742212267
2011-12-17_15-02-09_761.jpg 0.09934133855058119 0.9947958818896249 -0.014006462239415589 -0.017784005340699034 -733.1785326480698 7.803445710496317 -23.54728888562761
2011-12-29_15-32-40_658.jpg 0.031149170815286377 0.346738645058744 0.0055110389042730065 0.9374282210551065 667.6866484473868 -50.85298410624107 -392.08430919526324
2011-12-17_15-05-47_728.jpg -0.015366522315445007 -0.38293970713655406 0.07648857284080199 0.9204730028169632 588.4846533029104 57.68680368671562 544.4068464588561
IMG_20140521_133505.jpg 0.12434256800641187 0.9243420434844145 -0.05986949927866322 -0.3557335456275533 -657.1710945203145 125.14981773800979 395.5109035902517
2011-12-17_15-03-03_393.jpg 0.13309148826332715 0.7769891696476717 0.11211597607471326 0.6049830525815485 -143.51640880353366 -254.03650250427003 -674.2734256095883
IMG_20130210_165854.jpg 0.04008933660520813 0.7181825123561895 0.041670120282485165 0.6934481416169119 -80.67623408210953 -85.13571740285269 -666.9808101888575
IMG_20140520_211742.jpg -0.03713184770259315 -0.3254498449659665 0.11685111177899331 0.9375763659424406 471.1072335541183 142.59203965148777 583.4277737017884
2011-12-17_14-51-19_450.jpg 0.05986389719543347 0.8579930332134933 -0.043188153234578155 -0.5083296688074289 -313.7712194015385 93.92378817824128 660.171471332085
IMG_20140521_133125.jpg 0.10926603044372316 0.9911575828311374 -0.022929014953188515 -0.07170663052105951 -727.2140238350921 6.398138855761746 -68.577970854975
2011-12-29_15-31-55_697.jpg -0.02094683089935049 -0.025921923457794167 0.15938044660281822 0.9866545278871471 744.0906819513644 91.8843162688962 199.51477218801267
2011-12-29_15-10-25_282.jpg -0.011373649266774378 -0.4155179907927819 0.07080107666522789 0.906753906510984 549.7785535229266 52.331344978191055 588.612796401012
IMG_20140521_095604.jpg 0.08765228175627776 0.9540685065047002 0.04137528948651877 0.2834756564834376 -530.7840194754862 -121.83004844556169 -542.3405061058179
IMG_20140520_211930.jpg 0.10930477768786873 0.9095511420134765 -0.04996854093686117 -0.3978345517337926 -616.1777782651151 113.30614487331272 461.0565918035752
IMG_20140521_133207.jpg -0.02871912707008118 -0.24245580835987585 0.20639000143231706 0.9475196884717806 562.6309477555639 178.6858459887837 468.058576089971
2011-12-29_15-10-33_314.jpg 0.13414927629846884 0.873069388279825 -0.07529298387128598 -0.46269296676851207 -426.8181445459273 202.96171040835097 652.4670425267944
IMG_20140521_095645.jpg 0.11045290903411234 0.9837034054222303 -0.012455164648530775 -0.14132456941447605 -752.9417676709585 -1.7041423069382624 19.439442043545743
IMG_20140521_133039.jpg 0.08049538921398477 0.5096634658636572 0.15000939965188495 0.8433628068009721 461.85925083708526 -171.48662370730142 -506.47638147078555
IMG_20140521_133102.jpg 0.05949129797890726 0.9881037621759963 0.002340159367094981 0.14179655952301318 -625.5228388864887 -34.44445782497681 -353.54257188196266
2011-12-17_15-00-40_564.jpg 0.06725404816548797 0.9254964410909219 -0.05438509295720986 -0.36874854873941887 -553.1904180406063 105.69177572777473 508.6844206759469
IMG_20140521_133028.jpg 0.12023369239294518 0.9596813678812952 -0.03705391876765911 -0.25136137026003824 -670.1847817846811 58.241592878022416 194.9121792919277
IMG_20140520_211823.jpg 0.051619838702834736 0.8390497080393953 -0.030764063377519538 -0.540725949160759 -461.99169001820604 71.55749749946118 614.1504303566594
IMG_20130210_165611.jpg 0.027078056478353565 0.421331291167222 0.04307530362902183 0.9054784592457096 415.3496374915863 -60.033842464660545 -490.27625116277426
2011-12-17_15-01-44_429.jpg 0.08834832756790036 0.9952266076072301 -0.022718572104046073 -0.034676202331181974 -734.1809098862042 26.16417740258803 16.872180983840693
2011-12-17_15-00-58_832.jpg 0.06073367215342717 0.829054009434886 -0.0673521765845515 -0.551764945258417 -304.13206176259433 126.17190757490768 674.5001828660886
2012-01-15_12-33-17_302.jpg 0.13929532511119766 0.7741505081048572 0.05722546788439727 0.6148276579892683 -197.22204392653242 -183.06788490789052 -644.5276177252997
IMG_20140521_133301.jpg -0.025039076220144396 -0.490369071657996 0.045132568798786916 0.8699852122058971 219.03366991613188 73.4890610839833 717.5385600845755
IMG_20130302_145343.jpg 0.04516680295486377 0.9822721183680118 0.004522391487427769 0.18188181152300192 -592.389594767668 -30.812375884437152 -391.2285985896707
IMG_20140521_133245.jpg 0.0188498832637093 0.23565872486738787 0.11012230326751907 0.9653925241153865 735.4546354842571 -26.37839374517534 -164.6824546263684
2011-12-17_14-53-20_749.jpg 0.12258348244464091 0.8820587868257505 -0.056817047345746975 -0.4513506503220549 -427.72517796052983 165.81322884391096 644.0726801703628
IMG_20140521_135722.jpg 0.20623561161278015 0.9779164142119076 -0.005903696855874612 0.033339251357241514 -774.9405909549242 10.143467027258952 -5.843423858623527
IMG_20130210_165200.jpg 0.01388801727759393 0.021550581487049664 0.09892321370060547 0.9947647426426065 735.6233075448293 -39.06943481378651 -66.5646963006266
IMG_20140521_135704.jpg -0.054831442616489603 -0.48533131255689427 0.10186475332860749 0.866643295699966 443.18880319978695 134.40763843675984 610.7260870992378
2011-12-17_14-52-17_633.jpg 0.04108968083105467 0.05223337501524402 0.38373177563734584 0.9210500730307385 748.6550320378493 -82.74939033408015 -34.03076593943598
2011-12-17_14-52-06_93.jpg 0.07549813164003424 0.45857605811947155 0.0897597190204587 0.8808809362676887 403.1821352126108 -174.71054724409422 -622.4512234005856
2011-12-17_14-51-41_274.jpg 0.03845667446019074 0.19443200776292383 0.09945328309078917 0.9751032371134892 671.4990334615311 -99.35125639455482 -310.4230152862832
2011-12-17_14-51-31_186.jpg 0.2008088507287449 0.9080641448062312 0.06260156548281028 0.36218276931051013 -567.9149799730585 -186.16208858787138 -438.6399202909414
IMG_20161227_160435.jpg 0.02035048447039139 0.1055184262038308 0.1380583903732278 0.9845768636124052 721.7122562203233 -40.07922453453107 -91.99796582835643
IMG_20130210_165742.jpg 0.050163884624710706 0.9822585440108935 -0.0026058731667047345 0.18067912669148686 -613.231595496618 -12.037696887933715 -205.3107990161313
2011-12-17_14-50-31_710.jpg 0.19106031412527816 0.9595759992312918 0.008654029315572118 0.2064823620608383 -692.6904037379816 -57.16745245536975 -238.72626666765638
IMG_20130210_165721.jpg 0.026750184028587937 0.49139381841937063 0.05113144633879496 0.8690236579454962 322.85389718721973 -68.5854689115532 -553.7696727036713
2011-12-17_14-29-19_237.jpg -0.04160847133492148 -0.5401395854301557 0.03985045278095385 0.8396010390522777 321.01865799293756 78.27209705317654 667.9449337538296
IMG_20130210_165700.jpg -0.0015098445762996649 0.1680205044638009 0.03049434644289007 0.9853105730093968 607.9953604664354 -8.982451425478578 -210.33213411939485
IMG_20140521_133517.jpg 0.014766907261944167 0.5639177507910571 0.01941986557943985 0.8254705189245402 398.4896633992386 -36.58232021476134 -670.9704158094451
2011-12-29_15-32-31_892.jpg 0.02297472201463312 0.03678498730459211 0.06592514879431166 0.9968815885619511 771.0164032436957 -22.428071177529013 83.2926773967091
2011-10-01_14-02-41_437.jpg 0.005683914363541593 -0.10772412973379084 0.10288444248353061 0.9888265755355986 704.716533430149 40.71955025579019 316.42267360513483
2011-12-29_15-32-14_611.jpg 0.055598420946522266 0.42980711541660094 0.06484413882311797 0.8988714573206799 592.7362022929628 -107.30478464456944 -480.50943348383845
IMG_20140521_133459.jpg 0.1949128268426579 0.9796773960151788 0.009977369226881699 0.04627787562576692 -749.0458369835188 -82.133047081815 -190.2169177872091
IMG_20140521_095608.jpg 0.025701256073790858 0.34766668070443885 0.09485218632508603 0.9324539598894618 680.4630297967929 -58.28591282398627 -353.69159727304276
2011-10-01_14-02-20_999.jpg -0.011264289266338339 -0.3431976045104403 0.14260162098265527 0.9283066830195389 458.596880339188 132.13762894632427 596.1658682274789
2011-12-29_15-31-37_791.jpg 0.045994479749905164 0.7825663761550199 -0.041827105255824774 -0.6194552994446441 -347.10676457325997 88.77639824817277 691.900515459819
IMG_20140521_135054.jpg -0.03600641733219024 -0.2515019057670298 0.18172783714646149 0.9499606952461356 584.1611487098655 99.63565501344263 309.55073195755483
IMG_20140521_135854.jpg 0.0671702136424675 0.7332222716300484 -0.07748612965609683 -0.6722121409910828 -33.86770261736378 155.64788686091777 788.1093096979953
IMG_20140520_211821.jpg 0.05299347924219931 0.8445093310985521 -0.02775337589670871 -0.5321892811506245 -474.57543090569817 67.46632674632957 604.9775314867052
IMG_20140521_135330.jpg 0.025570547253388292 0.3266726417655059 0.05399475947443448 0.9432474215095454 491.9263752695513 -62.502076724283754 -416.9855446923593
2011-12-30_15-18-43_648.jpg 0.07261058388189143 0.3389194923356072 0.09953110814373418 0.9327136963371907 585.2341410936208 -146.36204418543147 -411.79792033034016
IMG_20140521_133045.jpg 0.08216738711119174 0.507553747208011 0.13710411258203203 0.8466641462253612 464.27240538667064 -168.03125340145084 -505.92018593273554
IMG_20140521_133546.jpg 0.28569185755522486 0.8022335408936466 -0.1790643795817967 -0.49268393149855455 -461.36709187885225 405.8730705476491 495.73436072191146
IMG_20140521_133343.jpg -0.0013391564059488477 0.026361921436720444 0.2372403658434259 0.9710923048674422 756.540317330201 69.63858263249364 110.19589474083676
IMG_20161227_160317.jpg 0.23732569902191492 0.9080010079103369 -0.07212636581349675 -0.3376514024435704 -642.3148866482823 173.3493108009605 363.83481851764935
IMG_20140521_134523.jpg 0.09982266037614458 0.7868797964552984 -0.09016366914301177 -0.602267494700293 -168.38310121863788 197.61718175758466 733.2100068394237
IMG_20140521_133521.jpg 0.003982952466369052 0.1591829252706405 0.08364107562888144 0.9836915689684326 771.4711418673039 -8.729544452907756 -122.13310716054932
IMG_20140521_135342.jpg 0.0773733241758885 0.9740065596086178 0.0029657305304954576 0.21287506896716943 -601.8267555160286 -27.02798209716324 -241.0261402939974
2011-12-29_15-36-03_290.jpg 0.04741477781423177 0.6431017827863138 0.03246753063066404 0.7636215000094216 243.14913460553458 -82.9357011500454 -667.0849235736096
IMG_20140521_135220.jpg 0.08699084965266941 0.9419016343310588 0.029743679938268104 0.3230622491485457 -493.6482477000422 -79.85032933591381 -405.0333572935435
IMG_20161227_160238.jpg 0.021566623249234525 0.2741671923560242 0.054914935521734695 0.9598706065162552 718.606938585423 -43.10934759209962 -281.9629081956111
IMG_20140521_134955.jpg 0.07443291744426785 0.872256423549875 -0.04967337011733693 -0.4807920846664401 -361.9256108236991 103.450229047633 584.0415382727889
2012-01-28_14-44-55_57.jpg 0.044026556418118125 0.5136311274794423 0.03941238271049675 0.8559739431216586 395.55087266794555 -87.1079461098226 -601.4606010330747
IMG_20140521_133539.jpg -0.08671825905150567 -0.688165406079848 0.07988182501908664 0.7159100582151742 -93.51856117111265 178.60424785810304 763.6007207795694
2011-12-29_15-30-50_650.jpg 0.038849752010285774 0.5901496755920419 0.005353709188342066 0.806340743709056 397.11487030828175 -63.12414637881291 -706.1396708836043
IMG_20140521_133535.jpg 0.0115022477931444 0.2995970608116018 0.025672349710833143 0.9536510000566661 710.2195678340843 -27.671620900158885 -344.43888921477713
2011-12-30_15-18-20_837.jpg 0.10804689161283737 0.9937601957525091 -0.02375042259111357 0.014228843153346979 -726.2996590029675 14.002027464953375 -82.18899570238236
IMG_20140521_133153.jpg 0.031129099466051774 0.5942770044715266 0.04496732868428036 0.8023987540330438 376.4857440144263 -69.51193231439679 -640.1725462850459
IMG_20140521_133558.jpg -0.0273685378018204 -0.3227347516690963 0.08838707738761109 0.9419559266518542 534.5080590269652 98.27247641113811 558.7404718967682
IMG_20130210_165733.jpg 0.01522586787986679 0.23132724231475782 0.058760519988740365 0.9709804741605299 567.0019744846046 -44.76631446442599 -306.356823153026
IMG_20140521_134537.jpg 0.15823509546770725 0.9750780291143532 0.015604136695852217 0.15472880345550158 -752.110588974823 -57.54484719843065 -193.31341397634773
IMG_20161227_160600.jpg 0.1343108554473192 0.6414178997968029 0.12775722119588906 0.7444607204961001 115.97258778095103 -282.5932907572744 -692.861532366725
2011-12-29_15-33-17_315.jpg 0.03911487987571329 0.880782318776341 -0.03012608932384476 -0.4709404971387921 -550.1284284336252 58.872731790483826 522.4569526527114
IMG_20130210_164919.jpg -0.028936129331264406 -0.4809638573422838 0.035451040396316656 0.8755453683759483 439.80575495254516 58.028795036346054 653.8129761511393
IMG_20140521_134832.jpg 0.10698409212354974 0.9331660675360812 -0.03518339704134673 -0.34134677822469156 -519.594997607191 98.41978383569145 479.0234345753528
IMG_20140521_134530.jpg 0.0555146441999579 0.5425324605360508 0.08896216631708337 0.833464088313481 280.0295664635511 -158.16501216824867 -709.2241914501634
IMG_20140521_133200.jpg 0.07223759495179162 0.9875107513575412 -0.017058746428229632 -0.13897210151372957 -749.1884234770172 14.559689263977953 32.32113032686959
IMG_20130210_164947.jpg 0.1755964305806074 0.8308011375397077 -0.1181917968082859 -0.5147485430744856 -312.69793305186823 292.6670367215359 651.862931522921
IMG_20161227_160713.jpg 0.027550126556162822 0.11242956293527841 0.1487691805695633 0.9820734773007476 769.3647461666768 -84.40950598111453 -189.16221228227334
IMG_20161227_162905.jpg 0.219294099421916 0.7449881276423057 0.18285460689502755 0.6028822276100099 -154.81798448928362 -374.91090808015707 -557.9985811926525
2011-12-29_15-35-03_214.jpg 0.02071287670925032 -0.18274168115990605 0.028105596656403154 0.9825408541846318 571.5637260099516 -9.9409803675066 403.10517579404575
IMG_20140521_133144.jpg 0.01242674240935117 0.2143596397270825 0.0642640034722712 0.9745592125606752 724.7766140712126 -17.140427696022506 -145.0103940218485
2012-04-01_17-53-05_488.jpg 0.0781417599066489 0.9796258044674362 -0.023876851122670944 -0.18345856360684332 -728.2001474881819 52.319891518667916 287.269348066471
IMG_20140520_211849.jpg 0.057460860212387325 0.4303741485866837 0.09930168197688179 0.895329837394299 591.2585355461259 -124.46446125986913 -483.8766375350188
2012-02-11_16-05-04_241.jpg 0.04472740064679662 0.6910974092220009 -0.006186346067025052 0.7213498178556349 208.86277700250886 -52.07403876836609 -689.0283778977769
IMG_20161227_160604.jpg -0.20308870483649774 -0.6429179207157907 0.20964251367197928 0.7081394930743609 59.58144010375518 415.46866801054523 629.5920350480366
2011-12-29_15-33-32_635.jpg 0.04650295648494684 0.7498031543361777 -0.06722068354963434 -0.6565927843715595 -269.41253466849525 121.04213869825278 691.9521284348024
IMG_20161227_160525.jpg -0.03681609626457049 -0.2859984965910999 0.19369547567187986 0.9377267713506489 595.1334105299377 136.64457881628715 408.198732637299
IMG_20130210_164850.jpg 0.16043146383942825 0.9629964434808632 -0.04697351924103486 -0.21140738810093326 -711.1193036192961 118.32942486691172 315.0494167943493
IMG_20161227_160732.jpg -0.03415161777169771 -0.29638911553257946 0.12217714072412829 0.9466044081250986 674.4615508172767 94.68243081385572 417.7434652731607
2011-12-29_15-34-53_611.jpg 0.02136396361453393 -0.028819398218181042 0.05326493681495128 0.9979358044739743 669.4596464504892 -7.606741204897973 214.11484335686853
IMG_20140520_211900.jpg 0.004317783156656466 0.17645628056521406 0.043251458465101894 0.9833482847589374 764.5381493038391 -7.481270066722801 -129.49690964295016
2011-12-29_15-33-51_400.jpg -0.024609368912083585 -0.19473520578951348 0.15761004224468333 0.9677973202956771 602.8365030017948 132.58199881326627 427.71358985553405
IMG_20130210_165229.jpg 0.08203447182661179 0.9300711688140928 0.01509889369876049 0.35778483727233235 -567.1925794820424 -63.587071132818274 -444.7742212870219
IMG_20130210_165147.jpg 0.02562134218970561 0.9647726802218654 -0.010327663960034731 0.2616305824613121 -662.9866418638345 -1.1708759357421061 -345.2062989909936
2011-12-30_15-18-29_265.jpg -0.07671980064269521 -0.5763890848649509 0.11180182309043563 0.8058474094960811 179.08571443958 184.63356940930888 684.5211598633225
IMG_20130210_165136.jpg 0.2167995629076247 0.9698788312277373 -0.03586258357020759 -0.10510412627034137 -720.8219021956631 97.49352925195298 183.41646741268949
IMG_20130210_165128.jpg 0.03246534989588633 0.5965931900967805 0.04845568777208101 0.8004215220175047 168.13029812097147 -91.93566886327838 -726.9819349285686
IMG_20130210_165125.jpg 0.08346239418229429 0.9242799443392455 0.03575171339434559 0.37075925914125196 -575.0466814159917 -97.39640592207145 -473.852100887928
IMG_20130210_165116.jpg 0.10676822154457699 0.6986739211204653 -0.09167064603601276 -0.7014640343379712 53.97598576639947 202.30523453658935 723.3709418823513
IMG_20130210_165057.jpg 0.18063993423698116 0.9469416752650308 -0.05720532500710825 -0.25961168809579205 -628.7033248316624 163.0068614281822 403.14145474553334
2011-12-29_15-36-19_806.jpg -0.005874099795618456 0.10876961455501159 0.05650414199607579 0.9924424153765465 716.9794902079868 12.600282689282624 -32.87844879216118
IMG_20130210_165052.jpg -0.052672714250043495 -0.6545265025584858 0.044728566114045416 0.7528744902010369 156.01553244281644 97.54025904507844 742.6191666875477
IMG_20130210_165043.jpg -0.011455287965277804 -0.22724064168071387 0.09758442159658452 0.9688693141016648 708.036300767024 34.68409863966748 295.70076613793833
IMG_20130210_165031.jpg 0.16878931329869204 0.9421783466005763 0.04024648769080738 0.2866885961138205 -663.9655504296852 -129.2777316746493 -373.6050549152373
2011-12-29_15-35-42_606.jpg 0.320415827457092 0.6813619773924701 0.28347310168772955 0.5939044989712982 45.82362925564553 -541.6168629774191 -445.1093202000244
IMG_20130210_165017.jpg 0.1980637377112121 0.9263386887792119 -0.06494010740219044 -0.31376770376389396 -590.8539202563278 198.26318844394154 469.18104314077385
IMG_20130210_165003.jpg -0.036155583837858433 -0.4387331246062841 0.06314672542323493 0.895666517292498 508.41748883152974 82.08406289392804 582.7328465857656
IMG_20130210_164956.jpg 0.08212681456470253 0.5261592938424752 0.12548896903499865 0.8370568095913068 301.5333690309634 -221.97111486693285 -682.8818010995097
2011-12-29_15-34-47_696.jpg 0.06519182474816676 0.41912215590123403 0.10745757866674771 0.8991882523730979 569.8314587782967 -116.33934645275885 -394.59336695697226
IMG_20130210_164938.jpg 0.38895954162449553 0.8497594037474185 -0.14735625801025187 -0.32389128414841606 -563.6276758955457 405.50174226695026 362.3753571309054
IMG_20130210_164929.jpg 0.0017593867685544843 -0.16284891643850222 0.0902008679808822 0.9825176529653293 751.128352928031 7.853783068043412 229.06754609846143
IMG_20130210_164844.jpg -0.007235788783216099 -0.12745380241067492 0.042443118970688753 0.990909558569189 761.8290876956097 11.513733673288524 194.5910779548463
IMG_20130210_164834.jpg 0.18821573699481006 0.8917280913912816 -0.08291747200575494 -0.40313836360155286 -516.7473586456605 226.81187302517498 540.7066950770214
IMG_20130210_164819.jpg 0.35143197886304844 0.8267918701528837 0.1681544612961678 0.40575219633132575 -475.76581036288974 -443.0494978070515 -423.54491921816356
IMG_20130210_164807.jpg 0.0065914052150865075 0.3397851290012346 0.05357651008486287 0.9389527022454496 597.6951364203355 -45.620479668574134 -489.7600476241031
IMG_20140521_134509.jpg -0.03391404908768663 -0.2802563605092088 0.08594934970438431 0.955467905768689 670.7191225981645 74.95079616410534 384.99850780808356
IMG_20130210_164749.jpg 0.007615095569713784 -0.07253290843739084 0.556269266860135 0.8277955606669835 758.71115633551 54.54511541106361 108.22539264947513
IMG_20140521_135831.jpg 0.07990016983308353 0.1474830598405437 0.3087765888242177 0.9362273912435994 734.4299631362906 -218.7602114602549 -204.79378335047852
IMG_20140521_135826.jpg 0.121859413843929 0.9866509831020087 0.0022149870033481606 0.10800562315929864 -781.9212104084236 -22.90147416298612 -129.14384816233033
IMG_20140521_135822.jpg 0.11160442579336902 0.8391954125887258 -0.06448717895641898 -0.5283340944739549 -307.1516868875429 175.76690866705613 709.0687347679163
IMG_20140521_135727.jpg 0.1799882548626803 0.9488913466476065 -0.06028072250671351 -0.2521421719245857 -646.6689376100177 166.0060713446417 394.15525710889307
IMG_20140521_135635.jpg 0.09011098758534025 0.656348330545761 0.07104546068124745 0.7456805089465435 34.69618780566605 -177.33943950356982 -728.6534920399129
IMG_20140521_135627.jpg 0.17006972475056348 0.9221660200629027 -0.0844673082937598 -0.33697387731724987 -524.1086089072132 208.53028226733636 484.9295406537852
IMG_20140521_135615.jpg 0.1952538979105108 0.9740107824871659 0.006258934060172387 0.11462869053566552 -727.071276456279 -24.938231761144245 -101.60699762561741
IMG_20140521_135553.jpg 0.028830761249568345 0.5707633408662517 0.04719105426802411 0.8192502672114537 384.1431394504672 -75.76475940377681 -680.8347000837642
IMG_20140521_135550.jpg -0.05115507887623357 0.05158915402522885 0.2563436480492846 0.9638514673936608 785.4044612055644 141.18204284355414 54.04931164863929
IMG_20140521_135542.jpg 0.07611030777492701 0.6510687439889934 0.08747231414231667 0.7501101958443094 35.22691457067311 -172.44042971532505 -694.6205238373152
IMG_20140521_135532.jpg 0.09943151259309552 0.8431310375666141 -0.04808880530978076 -0.5262422394669327 -250.69100167828523 131.28524636993117 649.2894136141164
IMG_20140521_135527.jpg 0.14357926637191942 0.9339359517807954 -0.04608231271841754 -0.32407568976077633 -512.4021792283274 134.9726913970029 470.1365286810035
IMG_20140521_135517.jpg 0.0800714038580532 0.7014139458452873 0.06455334441117422 0.7052942028567063 -65.04990023809081 -148.84760865751767 -685.989739925063
IMG_20140521_135510.jpg 0.04993205114274089 0.35588410045491875 0.24323128660646093 0.900939420009935 631.3244051998674 -159.16153561624327 -390.7660827096903
IMG_20140521_135502.jpg 0.15087198684399908 0.8142490154078219 0.07127724587504707 0.5560177503583902 -318.66927683520095 -192.82298406835432 -588.2155483199878
IMG_20140521_135458.jpg 0.14376771366806704 0.9692976458569286 -0.023187826621425923 -0.19812935910522567 -611.6402646014552 81.0435201886313 321.09726867357074
IMG_20140521_135439.jpg 0.15894730660295128 0.9783927730592533 -0.013899441442826642 -0.13149198027511122 -640.1960109402055 57.625658434697165 226.66165794064213
IMG_20140521_095557.jpg 0.028301570627784083 0.7975435645314309 -0.009604256766719058 -0.6025205739445411 -371.0961996138468 30.600592146067672 672.4299392794856
IMG_20140521_135339.jpg 0.13414848819511088 0.8807082026093587 0.061183930552216936 0.4501263951533388 -404.8059402244682 -148.8056748819764 -484.8571315097107
IMG_20140521_134437.jpg 0.04975372450812479 0.6328658429890104 0.0592907345521783 0.770383021925874 140.9180731741825 -127.17600420756011 -759.667452187473
IMG_20140521_134157.jpg 0.12502326376826958 0.9323211989750578 -0.04864336660504447 -0.3358276170057603 -582.5789090553142 115.72584239449209 428.1123500376324
IMG_20140521_134905.jpg 0.22913138888865991 0.8432211069059831 0.10944376930128372 0.4738132890235676 -401.5063099756414 -278.0598487873651 -506.694083572222
IMG_20140521_133901.jpg -0.006552693321389882 0.36467058986225787 0.009519746691175 0.9310648728862481 604.1931841424531 4.129392545369696 -404.84241339514296
IMG_20140521_133440.jpg 0.00014125975145103125 -0.09331768164177882 0.07309113616796026 0.9929498860226347 722.4063330395352 29.279439058789123 279.251492880674
IMG_20140521_133430.jpg -0.0035767348872020282 0.21699690723808648 0.03171213641122775 0.9756504956288847 750.0120514618235 2.9447916460876202 -189.2418720696223
IMG_20140521_133129.jpg 0.07580312078626168 0.7549396380609429 -0.06940548012042008 -0.6476904423354799 -276.9945074004753 139.40258115815803 661.0926996927799
IMG_20130210_164315.jpg 0.3568970514668788 0.9310631962069534 -0.024835576791746066 0.07161713097130668 -690.5307528020122 -79.62116814216091 -186.6992430679224
IMG_20130210_164224.jpg 0.2866567358708798 0.9058588137276592 -0.11870396256318323 -0.28836971866610583 -650.4116615902585 222.05053925318535 253.78846326423403
IMG_20140521_135349.jpg 0.05765350834261721 0.581058916616243 0.06212876485932348 0.809435991894109 176.17177845736117 -115.28594707985279 -617.0274245531909
IMG_20130210_165539.jpg 0.07496867553023866 0.8479458384612744 0.03432508673967233 0.5236309207311607 -307.0191910364294 -92.2297584949647 -550.2127609421447
IMG_20140520_211939.jpg 0.017630403314187727 0.5753593752184561 0.0250802885667024 0.8173259676240674 379.9921248217248 -44.28063323825429 -678.3680525461564
IMG_20140521_095640.jpg 0.0806621561608617 0.7066384207465254 -0.06000845257886762 -0.7003961339894927 -201.5092985078364 137.2136242150294 712.6104482356016
2012-04-01_17-50-32_648.jpg 0.047942085037019425 0.39145967874110565 0.09448431951113646 0.9140752648270991 458.9211422499216 -123.26635040773837 -509.6182880700271
2012-04-01_17-51-28_674.jpg 0.17344319355158488 0.941168715163748 0.04750250926272165 0.28611609500584145 -648.238812814549 -133.71513820418394 -350.4014378029856
2012-04-01_17-54-56_5.jpg 0.11733677636264893 0.8271479662028731 -0.08298886411840627 -0.5432965777101947 -400.76558691411367 188.0019713963922 635.3997438874565
2012-02-11_15-55-43_341.jpg -0.007912960248482627 -0.16611182021262683 0.18854119139705636 0.9678824656911251 647.146192900406 120.14151715525041 387.93156488869164
2012-02-11_15-56-05_505.jpg 6.559757045959334e-05 -0.20723162562555258 0.16396696831026197 0.9644531519678348 604.0718783509286 105.34510903114236 447.53814045769343
2011-10-01_14-36-47_800.jpg 0.09372146752715195 0.9865098682010767 -0.0012510999008955967 0.13421252257330513 -624.8459971691052 -20.570977509421496 -172.77586296487473
2012-04-21_19-06-20_584.jpg 0.028859947126305997 0.1634386991511099 0.061356043600580834 0.9842206718949481 760.3238779774169 -48.54216076408336 -130.5813347809595
2011-10-01_14-37-04_651.jpg 0.1212759209221538 0.5371888930498441 0.14146636453611908 0.82262233855719 270.5458616051145 -229.08155749161048 -539.5830287930227
2012-04-21_19-06-34_639.jpg 0.027387825664994096 0.3272981859830597 0.03652562579578939 0.9438176111504644 678.7089612009339 -54.09054401596053 -372.9882736010332
2012-04-21_19-06-42_262.jpg 0.05046841717464749 0.6611091656892083 0.03285266291356044 0.7478691813740507 219.93650955351342 -95.96495780532467 -739.7662224204471
2011-10-01_14-37-38_417.jpg 0.051828713476426376 0.1974633379440313 0.060460972213674864 0.9770703585036019 586.1883548335594 -87.8045070813783 -256.4435626487452
2012-04-21_19-06-59_420.jpg 0.05449150419273732 0.7867905848123878 -0.07173310842185507 -0.610610852161614 -328.8872270276478 136.40792753445717 692.7678199202217
2011-10-01_14-38-10_16.jpg 0.08701596035713254 0.5901048493598612 0.046778698344626515 0.801259160812707 162.30676235931276 -131.06465036911928 -611.5350518632694
2012-04-21_19-07-18_263.jpg -0.02190762011679722 -0.4494255100912486 0.08836112473567055 0.8886670235220198 316.75735932193805 111.69731811846589 697.2150211923866
2012-04-21_19-07-28_94.jpg 0.07697765523282603 0.973064855752621 0.013311902380085406 0.21689172494359876 -608.5451491481701 -69.83645917804894 -469.0742100582934
2012-02-11_15-57-37_244.jpg 0.007884932408551058 0.7071101679193931 0.008628105773973974 0.7070067850145945 176.99906537601626 -16.065311338951386 -694.4955285691661
2012-04-21_19-07-46_32.jpg 0.042427180717903 0.9251070936283362 -0.03945673717896889 -0.3752598640223237 -656.653763673058 68.31896855916243 385.07016027736535
2012-04-21_19-07-58_895.jpg 0.005420755223100792 -0.08109875764971948 0.1274684685404975 0.9885066496733461 697.1061636124732 53.32740833739896 294.16619246655614
2012-02-11_16-05-22_472.jpg 0.09832427390053827 0.9821138182382745 -0.016857319134128673 0.15968912292006643 -615.0388130826104 -34.22777799983769 -387.7168232680386
2011-10-13_14-39-23_451.jpg 0.06822843395861007 0.6756957599750405 0.041351141004624406 0.7328507377965336 207.902606493394 -109.09658374914231 -648.7322579799156
IMG_20140521_134111.jpg 0.11967255844522039 0.8873968078314812 -0.07255137542233052 -0.43925127447737716 -478.3882055359021 159.8357145750434 535.7697202799022
2012-04-21_19-08-10_84.jpg -0.012047570542672796 -0.5165981914725072 0.03889082791729345 0.8552594156834886 177.95723961314997 53.88363763636172 731.8578381452628
2012-04-21_19-08-20_123.jpg 0.053461619346877993 0.7272279687992046 -0.06357345033667576 -0.6813514167192163 -232.90394641938366 121.65182674923106 705.6042112033631
2012-02-11_16-05-39_713.jpg 0.04880785439111883 0.7757395263408619 0.02173974917440082 0.628787216733948 24.22397098716538 -76.08633023908178 -724.4618127642851
2011-10-13_14-39-58_742.jpg 0.029101619875043692 0.09258669124782248 0.08665509923181074 0.9914997196679153 699.3911615747755 -22.371555337976915 38.49913333985925
IMG_20130210_163122.jpg 0.052384343194329254 0.4272957309707719 0.1290130618000663 0.8933251752677887 568.116291124973 -108.41282949014878 -413.27265632443755
IMG_20130210_163137.jpg 0.001341501619242825 -0.03899114337842104 0.07997696898140712 0.9960329189057935 667.9247040148363 29.0998128084114 216.23364981623632
2012-02-11_16-06-13_994.jpg 0.010234200477928926 -0.19821247972067224 0.09517064562739525 0.9754740500056499 576.4444897104677 42.8104996610445 413.370857663747
2011-10-13_14-40-18_252.jpg 0.06184914610266757 0.43201119419752704 0.10954713379462781 0.893051194888501 563.0470113414875 -118.45616190857562 -424.9381332700381
IMG_20130210_163148.jpg 0.14415831540430663 0.4658893668781456 0.23915466902148835 0.8396252272382574 490.23937268872294 -273.3311805067367 -413.9717389166013
IMG_20130210_163156.jpg 0.05938953474270256 0.9782650792248648 -0.0003079239460164083 0.19867114313623285 -567.5784341189234 -34.07204724052529 -412.1255189820063
2012-02-11_15-55-54_45.jpg 0.050292057100141466 0.21565169724708758 0.10716175282654213 0.9692684938644348 745.7676701631678 -75.43107121491666 -150.5393560976063
IMG_20130210_163204.jpg 0.009219445385209893 0.6214722407289813 0.025212544188414763 0.7829761065611357 315.61918270636187 -26.863233666631324 -633.7485651212372
2012-02-11_16-06-40_96.jpg 0.056280785464628814 0.8564315552197489 0.0035915125355172194 0.5131710878927944 -185.52731628116905 -58.646455117332536 -680.3103196311694
IMG_20130210_163213.jpg 0.10886216087606938 0.8926406901513816 -0.057476219573356906 -0.43363361539324197 -559.4871709183728 113.32373771754253 430.2678440966099
2012-02-11_15-56-19_244.jpg 0.09140546859950256 0.9119071939779574 -0.047747431928511073 -0.39722851436620915 -630.4767119643298 91.75320224209128 397.0587860505931
2011-10-13_14-41-53_189.jpg 0.11037655141427465 0.9932693941640552 -0.019088868496612506 -0.029471047052699227 -723.0135669318533 -9.601754837836028 -143.26634512228543
IMG_20130210_163222.jpg 0.03699863868960938 0.06963238611011142 0.2631039863395696 0.9615397672025612 716.0866081808792 7.757827963773575 61.449337482014656
2012-02-11_16-07-27_41.jpg 0.05435595033925634 0.5432326533347963 0.03465731962916971 0.8371036884458666 457.1116100659722 -92.78269292347407 -572.9345437257966
2011-10-01_14-04-55_608.jpg -0.01721791292754381 -0.37791112885168643 0.057440356139570124 0.9238978989320319 478.00679159437595 55.262639083405304 549.5381063445175
IMG_20130210_163228.jpg 0.10196699239306017 0.9863522015482609 -0.025074947158197244 -0.12682000626173623 -721.5705174745455 20.453602274532923 13.866754892843225
2012-02-11_15-56-35_310.jpg 0.03186545072871978 0.47735588458817896 0.047234804414943966 0.876860779001305 549.5801511876929 -64.0595719638573 -505.9047297244264
IMG_20130210_163239.jpg 0.05212728940413866 0.2983124154995626 0.2651090685583237 0.9154286592773522 676.2601051893874 -104.65377422062905 -254.33779080739154
2012-02-11_16-08-30_939.jpg 0.2006717485466274 0.9792644699624151 -0.023554059257091985 -0.014736128968698322 -709.0511226528489 -35.80196846832046 -155.21847180193703
IMG_20140521_134226.jpg 0.0797112807764248 0.9523849736298403 -0.015775668010570915 -0.2938708934547463 -626.1814515684229 46.87549298574352 394.0962869916559
IMG_20130210_163245.jpg 0.09583848267522979 0.9498064933184178 -0.043645774839881885 -0.29458047597779985 -682.5703425761852 72.87738757515035 257.3106041306794
2012-02-11_15-57-28_658.jpg 0.04615909596255048 0.43520200975120454 0.09094445475109711 0.8945376765226036 565.094908445331 -90.70016303489349 -428.21830136192006
2011-10-13_14-42-44_697.jpg -0.04176716542593198 -0.318164259463417 0.14763230310950004 0.9355381932187284 487.40178517718624 171.32335663303172 565.8434810818421
IMG_20140521_133730.jpg 0.07220520894980983 0.7644725524931204 0.0489993652120055 0.6387230906222099 -27.30301607542557 -131.47094191989916 -728.4871457885107
2011-09-18_19-53-53_378.jpg 0.10504398214193683 0.903122830399398 -0.06164179509242253 -0.4117465289773892 -595.3292648711179 119.13255493882974 420.5596973506851
IMG_20130210_163519.jpg 0.000989446827091814 -0.07404824799419073 0.15650107983581615 0.9848976038016297 684.6113879663964 76.37452801869281 295.69039112744247
IMG_20140521_133744.jpg -0.004169267142936244 0.014505990268708554 0.08207480158120517 0.996511876699531 731.8090214387964 17.58612378932057 82.68477422638468
2011-10-01_14-01-49_608.jpg 0.06905586000327472 0.7616112417015193 -0.09539274350233402 -0.6372439322584222 -305.4920111224351 172.5438255885811 664.5007871026843
IMG_20130210_163642.jpg -0.01190449589356895 -0.28369084255188953 0.13550366692696406 0.9492189131486295 535.4553067551886 119.12204857263464 546.1367023406173
2011-10-01_14-32-50_305.jpg 0.0057806634926486685 -0.042147200886707675 0.1682915842307548 0.9848188361643494 771.2449088761813 -16.156935380512795 37.37863971617977
IMG_20140521_133943.jpg 0.03132545125358478 0.7121571970963987 0.027259521022117726 0.7007908113276071 76.86207300842723 -65.27780044567886 -728.2150917578039
IMG_20130210_163507.jpg 0.02055476351969729 0.4981408245619561 0.025465292781972158 0.8664783548738609 542.7491912931822 -40.59459662847161 -524.874725457245
2011-09-18_19-53-14_634.jpg 0.0015632913346204323 -0.21780659538644478 0.18097474044812345 0.9590651627736793 597.6164758005958 116.31387346669987 457.18431244096166
2011-10-01_14-04-42_522.jpg 0.028646637109503173 -0.07651649132582972 0.11758938358865166 0.9896955762277316 709.826001917503 -16.49215818207748 183.94352365621162
IMG_20140521_134018.jpg 0.033061749875048875 0.2939463315618722 0.08929983035858771 0.9510667774422809 641.4134982294461 -79.38214081951082 -350.1501746249764
IMG_20140521_134713.jpg 0.18884081415759135 0.8955112297117914 -0.0812710836078856 -0.3947072273693162 -475.34514718058074 223.42147335311012 532.3029100853756
IMG_20130210_163543.jpg 0.0950942555148686 0.9776679471048061 0.0026179615474521355 0.18739160613347344 -599.796517827428 -66.05227764282306 -439.8188046220106
2011-10-01_14-01-18_320.jpg 0.00537561245422498 -0.28516234209108055 0.05745035920542449 0.9567408205313706 498.10377371619006 37.438997845040284 560.8060826361815
2011-10-01_14-34-58_286.jpg -0.17524733493442896 0.9604823821893334 -0.05272742244726971 0.20971834451080046 -655.4778625575719 110.62294895444428 -257.55430927072075
IMG_20130210_163605.jpg 0.06506271988711404 0.6059658393479895 0.033142599528328605 0.792132446072424 383.9513704058174 -112.2555296188325 -654.5231377266792
2011-10-01_14-01-28_960.jpg 0.0335448947686759 0.35485310450783353 0.024392458509022098 0.9340016178915306 672.985877252804 -55.30678209249016 -337.9562876052044
IMG_20140521_134049.jpg 0.06392890727482407 0.5291550923739019 0.07218442402221496 0.8430287017403355 360.6544602860913 -136.7680062853441 -620.6006690433893
IMG_20130210_163410.jpg 0.01417827396465868 0.27096405000933976 0.059254434346633904 0.9606593424102945 728.741154665734 -25.19242849264095 -230.96177528505433
2011-10-01_14-01-40_851.jpg 0.008230451995508732 -0.19852755002226644 0.15379664827770959 0.9679182106565867 597.4011362079043 88.69851871611712 445.0458567586216
2011-10-01_14-06-54_697.jpg 0.0546232251803705 0.2915807189885508 0.05163933790089515 0.9535881534321677 713.4995588282801 -103.0939722179288 -338.20107369060844
IMG_20130210_163430.jpg 0.05381954292748373 0.7253518048264356 -0.05386982988130792 -0.6841536797114145 -238.48149055182725 110.69047886630315 719.4957721643922
IMG_20130210_163744.jpg 0.021966280018952542 0.7803945552147228 -0.02742188789404758 -0.6242994960735354 -323.24540711176905 52.67850175678429 703.2213059236799
2011-10-01_14-02-31_15.jpg 0.10525576580757864 0.4754034098052833 0.10268378379411153 0.8673919888121483 533.9488344265023 -197.80703523369766 -515.3106031148585
2011-10-01_14-36-35_776.jpg 0.11728091088648239 0.8522581753592293 0.030848936213235794 0.5088708417756963 -321.1966141469925 -117.503493399214 -560.7536398289171
IMG_20140521_134121.jpg -0.025607207155413828 -0.2172884053258202 0.11837701435751682 0.9685643511530153 650.9811939444824 77.1626116537135 341.40086429240466
IMG_20140520_183052.jpg 0.010314570706399734 0.36131013989849775 0.03853977691913826 0.9315917979634072 678.6564176632336 -21.833841227157897 -339.1818594771897
IMG_20140521_133951.jpg -0.02686985738911598 -0.27851950661605623 0.0732548175215543 0.9572557792503111 573.01853380581 73.16922298820445 456.11058393218434
IMG_20140521_133853.jpg -0.007676174834678572 0.15460095857082343 0.04937008085187367 0.9867128331310837 715.9997424140479 9.713317859261759 -108.89013853038307
IMG_20140520_182723.jpg 0.01583782488908609 0.7482058562154938 0.01159975369486194 0.6631761498590264 76.91755005159234 -27.238422172819245 -696.3903332789945
2012-04-01_18-11-50_589.jpg 0.06625794049266534 0.6740953805170861 0.08739508411170395 0.7304569820053088 225.83840633327532 -156.92116983402713 -725.2433065464453
2011-10-13_15-24-38_28.jpg 0.1410405022015983 0.9797719538017988 -0.045034141497924486 -0.13463439895387527 -729.3178417343389 67.95374049683433 114.95983340444495
2011-10-13_15-23-25_156.jpg 0.09338452196991662 0.9857279652988379 -0.05183063766917443 -0.13012799269592093 -726.4800441908166 83.00096160580581 156.42111840559264
2012-02-11_15-54-22_239.jpg 0.07322149242454275 0.5896100238375207 0.06485014224218492 0.8017437819457096 339.89741489825514 -149.55071253364824 -681.1571289446977
IMG_20140521_133959.jpg 0.018623654399813373 0.2164234422717875 0.05274644140219737 0.974695781283284 692.4812017012323 -40.48253707242874 -236.72516551988468
IMG_20140520_211755.jpg 0.0055851940633871175 0.01862576490710907 0.2320394576172481 0.9725119930353522 755.8688260669301 62.443017606085995 127.89179650125271
IMG_20130210_163450.jpg -0.08655270606176704 -0.6218329915481621 0.1310150528104772 0.7672466458921253 -47.261739050162966 234.97342548343389 722.0189397403075
2011-09-18_19-51-48_277.jpg 0.07450944181360313 0.8411888581211028 0.017481971581892977 0.53529807464921 -226.10746069347806 -97.55294265561402 -720.0382805721467
IMG_20140521_134720.jpg -0.07598277219611466 -0.47373550388710456 0.12009771348347632 0.8691247493324914 433.47783941456277 169.8152671137108 580.4965062790121
IMG_20140521_135132.jpg 0.09850910098297967 0.925361630684014 0.04149667882775817 0.3637029490224336 -474.2876613759773 -100.22431384093618 -423.39006143088693
2012-04-21_19-06-12_928.jpg 0.019935942504746406 0.5965111340873477 0.006935121046300515 0.8023271958511357 334.173942002643 -35.46257058341668 -696.5137373666726
2011-10-01_14-32-21_386.jpg 0.011384354309865266 -0.25209918069235454 0.1237320559537627 0.9596909804205968 702.2839912863802 15.455920231195913 356.05168547684735
IMG_20140521_135449.jpg 0.12783667002494795 0.5049185243829181 0.13318814749654556 0.8431939201028117 435.4897887602272 -255.94950335470054 -550.7002316379171
2011-10-13_15-28-32_396.jpg 0.09505454205404065 0.9899359338181241 -0.06763819303510105 0.08010340700295546 -630.6021033600806 48.520253916374315 -267.5441155980539
IMG_20140521_134103.jpg 0.124365109322412 0.9920803573431856 -0.002767904866947649 0.01738455808151111 -729.1412290944784 -15.570931367950921 -67.22161932375926
2012-01-28_14-40-10_416.jpg 0.013213414795449985 -0.0023775278298467212 0.12733269492150798 0.9917691958489574 727.2467342254354 28.77932433616879 192.97408736791817
IMG_20130210_163456.jpg 0.003744259440407595 -0.058758430957127905 0.10493309357023942 0.9927348453572482 702.408712934867 46.29273038255783 287.28169366805844
IMG_20130210_165257.jpg 0.3918720279624164 0.9192353053912371 0.010127552334029892 0.036608738118428095 -715.4940535288032 -11.797544753622795 -11.343144845228899
IMG_20140521_134058.jpg -0.04218646896031428 -0.299783444046777 0.08857992161460317 0.9489487794390503 570.9729233837728 98.29848212182877 448.154168090055
IMG_20130210_163752.jpg -0.047029233170352756 -0.14629636721954492 0.395166502924888 0.905664981729937 674.5681958421196 264.74254829492094 276.60035956899793
IMG_20140521_134517.jpg 0.3590789540818995 0.8653641953329896 -0.125679478045707 -0.3262081896110137 -564.3451192512143 363.43392066639126 391.91308633444055
IMG_20140521_134725.jpg -0.008859787545880246 -0.11333159527159349 0.08142022396687926 0.9901758433768326 731.0031219071744 12.47804138085493 129.1245795584241
2011-10-13_14-42-19_619.jpg 0.009682932720769167 -0.06135518099561134 0.16610360716384 0.9841500771051549 704.7553549457339 61.43652053179121 264.64052529453835
IMG_20140521_134032.jpg -0.03885252948053282 -0.3984920309017197 0.051671915797348464 0.9148904827238172 454.1523827340453 81.00937706306242 573.5920660383042
2011-10-03_13-15-48_699.jpg 0.1625182001423197 0.9458015465806809 -0.08197528657194482 -0.26893739327126015 -545.7954331694029 175.40154755530347 383.5363864104907
IMG_20140521_135154.jpg 0.08831896807926225 0.9611276322480286 0.013826904968080063 0.2612321785418419 -554.4179111481594 -51.68378869475057 -322.56573133674124
IMG_20140521_134702.jpg 0.08429431126371476 0.9848089146424033 -0.01361382558765757 -0.15119700553349844 -701.6760468226388 38.28824925177195 262.59914853678987
IMG_20140521_134006.jpg 0.049686596108687 0.848258266727075 0.018926339142022585 0.5269069640676548 -259.5841305753947 -71.15800625895741 -681.4245491647523
IMG_20140521_135141.jpg 0.14301263821427843 0.6681016165228465 0.11689730536321903 0.7207791862348479 37.29199654402169 -237.86581315590553 -596.307019555527
IMG_20140521_135136.jpg 0.094446603883605 0.6691054236083362 0.08765368983502846 0.7319116078947424 50.53768321476426 -169.52638531643183 -618.1207055662272
IMG_20140520_182909.jpg 0.06366490746608514 0.8263845741982717 0.031033507069201167 0.5586342600695573 -108.16729123905104 -102.8751978876029 -739.0713415694895
2011-10-13_15-28-44_551.jpg 0.059025265819691024 0.5215466837001598 0.05761962940232829 0.849226149517205 453.21603597596425 -101.80704916887184 -519.3740807515902
IMG_20140521_134455.jpg 0.009515685508363987 0.15612891369798287 0.09628269894837353 0.9829867018022219 730.190132324447 -49.9572787251748 -257.4975859776088
2012-04-01_17-51-57_877.jpg 0.059228872603712575 0.9444291266149061 0.005913722188322534 0.3232809820286031 -634.0647900071821 -40.31752108208864 -428.0231783283319
2012-01-01_09-47-31_226.jpg 0.009118250910444981 -0.2380892914197174 0.12925152686988858 0.9625613692712762 576.5239979005058 82.33900543544497 513.8197651866379
IMG_20140521_134759.jpg 0.3478753757541431 0.9260434876801872 -0.06134728864313643 -0.13290106111376337 -683.4567703181156 170.52190223068314 183.1985358751676
2011-10-13_14-42-35_909.jpg 0.07053936680292022 0.4178488455723284 0.09439110660906862 0.9008423052776944 612.0558851762868 -134.32487577759326 -439.0904054436559
IMG_20140521_134042.jpg 0.0066623525208682486 0.030233766207457973 0.1834179148288587 0.9825474039249373 732.2389267256049 -3.0665085636190557 11.223781726408317
IMG_20140521_135234.jpg 0.012647530402412205 -0.0026968897522655503 0.08362148006998314 0.9964136765577284 645.3664677460688 -17.617972131140412 23.096714564670098
2011-10-01_14-33-25_558.jpg 0.27917427885693663 0.8941832383418967 -0.10179094694084623 -0.3348681254075909 -541.9283255956758 289.23704936841193 437.82740393503155
2011-10-13_14-40-48_799.jpg 0.1047719556224511 0.9935705251381323 -0.023700157966489763 0.03575963372501479 -692.0709484243484 -9.174542452958411 -225.39802984170186
IMG_20140521_134620.jpg -0.035880924457182245 -0.5348383668131962 0.04184140403261264 0.843154658145984 367.5207448849387 70.83691732695902 663.6715626808669
2011-10-13_14-40-58_228.jpg 0.06422700088069913 0.9664162572361878 -0.006206698907929208 0.24874884320562204 -534.1603818347227 -36.95525839776981 -493.5428228781786
IMG_20140521_135207.jpg 0.02261238782795227 0.41322075953595055 0.05795345970290283 0.9085035389659827 433.35647318877915 -61.03046836582094 -473.3796165292865
IMG_20140521_134708.jpg 0.37012964496690604 0.9101282032166267 -0.09242158069511952 -0.16164452062523715 -682.80015130967 236.02728068884335 201.77608346598478
IMG_20140521_134010.jpg 0.15413910142841328 0.9859669071010875 -0.004912107613094346 0.06392391345305806 -714.1259613832066 -33.70524250422414 -158.80004514640686
2011-10-13_15-22-28_406.jpg 0.16510581422977683 0.9856775165780828 -0.02478357818546678 -0.023783979320337892 -779.3767809770908 38.310118020530034 37.73271997204737
IMG_20140521_135259.jpg 0.01563373051132359 0.08654604831581052 0.08847813749720185 0.9921879797579907 632.9351940783046 -37.18669695432267 -117.81206545896643
2011-10-01_14-04-06_46.jpg 0.06788852292832578 0.3038327077053953 0.07805741853716396 0.9470923258026813 659.3814286736495 -125.01113516901222 -342.12262266378303
2011-10-13_14-40-10_3.jpg 0.12420349580100612 0.9880879448191143 -0.04624628193076473 -0.07821116506949918 -706.3851591625223 37.12043603041416 -60.411417410564425
IMG_20140521_133829.jpg 0.3602500497629432 0.9121645400467103 0.026005633364168678 0.19364777447855705 -616.19620705333 -209.5698097075348 -314.8247605807799
IMG_20130210_163303.jpg 0.04953466039831726 0.760892032092387 -0.03269412604292592 -0.6461584380319045 -284.1967118441211 76.36769807254885 684.6681688664731
IMG_20140521_135218.jpg 0.13429668977332945 0.8371976284067281 0.08988989496544576 0.5224790300951583 -261.1475452880202 -194.22076746539042 -555.2199247951066
2011-10-13_14-43-25_273.jpg -0.07464992037628398 -0.28170157463815965 0.2756006694033763 0.9160326867850327 545.5571184606134 291.8128399798379 466.2705632997092
2012-02-11_15-54-43_404.jpg 0.0669601791026208 0.7981642379492331 -0.08783011747209264 -0.5922297308800899 -344.94272707426467 166.02313282450754 677.7496333596856
IMG_20140521_135144.jpg 0.00903623458924424 0.3788954910437303 0.0501585953977437 0.9240349931895998 454.50588791422877 -41.07513814085218 -452.88618334279073
2011-10-13_15-21-54_312.jpg 0.0014602261250162192 -0.22039535531968935 0.13911178045794292 0.9654385882235043 732.5882597572842 30.693746858054453 316.1644857645617
IMG_20130210_163342.jpg 0.03717454386435304 0.13763513673728706 0.2867796085880681 0.9473289178114748 757.6484246193439 -20.064542253308375 -41.0249897306529
IMG_20130210_165409.jpg 0.06904302055643799 0.40349589880165077 0.1101788134494748 0.9056957270681789 457.0931246530879 -157.88429202794018 -504.2890323606718
2012-01-28_14-40-55_292.jpg 0.06473707743070177 0.6897216224183899 0.04405743931345486 0.7198278519308737 208.33442523346804 -121.528674678093 -737.6067842589305
2012-02-11_16-06-32_96.jpg 0.08618551884461598 0.4298440129988144 0.18131530660203238 0.8803016190047426 547.8547140241117 -172.5268123235863 -410.2468106717435
IMG_20140521_134543.jpg -0.04153953185589008 -0.42249552692522746 0.06660066979844555 0.9029597708667682 529.2207539191929 90.60178422588817 563.0795552999755
IMG_20140521_134552.jpg 0.2415932587722656 0.906459570336482 -0.09127769330133116 -0.3341139436880559 -563.4258216894361 262.86424630962944 467.59968454792806
2011-12-17_14-51-57_632.jpg 0.2350824138091171 0.8435103821412306 -0.11818697872745167 -0.4682502877702394 -373.54999002345454 321.5468427366095 576.881256428357
IMG_20130210_163442.jpg 0.09993459742868283 0.8324847219391965 -0.08650277466726712 -0.5380516090018214 -485.55111733803443 169.13283959582802 564.2003511953324
2012-04-01_17-52-20_918.jpg 0.08237464941262994 0.6470261107341353 0.07834142655247943 0.7539457872076263 74.13671570741162 -183.30270786017775 -752.8655040702017
2012-04-01_18-11-32_119.jpg 0.03579159455893289 0.846331674206791 -0.04638083475505754 -0.5294246661808306 -476.9471469588207 85.93852204891772 605.5997550864823
IMG_20140521_134259.jpg 0.027858464546556425 0.1331242219664655 0.2494186253973699 0.9587972657365152 726.345267877206 -89.80841012146549 -165.7365165101561
2012-02-18_13-09-02_132.jpg 0.11716029131113509 0.9510170018821024 0.013674367521673407 0.28575013550994216 -651.2717839254602 -63.480092853356766 -349.22874442839253
IMG_20140521_135425.jpg 0.04565917741301978 0.4235022569295765 0.06928602525695518 0.9020867611253444 388.6418933543927 -106.40592311618326 -545.2792926877779
2012-02-04_14-26-36_868.jpg -0.011474258201678392 -0.2180808442881373 0.16836204796630225 0.9612301012545781 605.9823839480379 55.986176517027346 274.06860674190585
2012-02-04_14-24-57_766.jpg 0.04727628603563316 0.3955700117021238 0.04220725093867105 0.9162466188689911 473.97280586707353 -78.77524115667346 -430.7143041486308
IMG_20140521_134229.jpg 0.09004580664823487 0.9895525879792847 -0.013031484781692478 -0.11183742098668009 -727.7087727778874 23.145182443496093 140.13799700872136
2011-10-13_15-23-06_588.jpg 0.05534667349561153 0.879376474127537 -0.07447447856479815 -0.466998195421025 -430.3979846626079 129.10166151498035 607.6364934634636
2012-04-01_17-53-25_203.jpg 0.06695197977268952 0.7696616772850072 -0.07581134783610802 -0.6303895418410899 -154.3607058011278 148.2075221684725 746.5518916508281
IMG_20140521_135431.jpg 0.09736199281054041 0.7594358190905856 0.06024339013606813 0.6404284604724292 -173.43795180707193 -149.83400739188272 -641.8777811736961
IMG_20140521_134250.jpg 0.0972989580348436 0.9917031183593839 -0.011768071002049765 -0.08318263224073608 -738.6501856506806 19.141671876366228 105.9953074163485
2012-04-21_19-05-53_128.jpg 0.13154056213909945 0.9875044478510809 -0.03886035342050995 0.07760102395262189 -740.3728293913489 11.343605931748753 -223.215599464098
2011-10-01_14-02-03_773.jpg 0.07545467665960642 0.6096440380047599 0.013867057421014383 0.7889540185675766 355.1101135001251 -112.5001774570813 -658.2210083901914
2011-10-13_15-26-09_227.jpg 0.06778724104007855 0.43552696840059923 0.028675471430077194 0.8971615613066689 422.78717346990385 -97.5529300618964 -472.2533438073471
IMG_20130210_163656.jpg -0.016276510721192194 -0.11872591075584547 0.16277412789030324 0.9793588803924176 697.4595608187446 106.1342815064501 327.13573282038277
2011-09-12_14-15-33_253.jpg 0.17911956986426752 0.8638123015053706 -0.09998753691235074 -0.4601597330512917 -401.3804507134644 265.21627330359274 619.0801770702598
2012-02-11_17-54-57_837.jpg 0.0025730635559732336 0.059339871930337844 0.048283067397872935 0.9970661484304246 767.5506448848523 7.070211523939386 72.79279876101411
2011-10-01_14-34-01_838.jpg 0.32811048127937176 0.9251758974019305 -0.01576365820045689 0.19011727438949716 -697.6005264319848 -49.666103595739095 -230.61482857837328
2011-10-13_14-41-10_987.jpg 0.07875077745356253 0.47949756080788386 0.08981829041629162 0.8693751083027648 521.8237073396933 -143.55744473451287 -486.6075702639417
2011-10-01_14-03-23_319.jpg -0.005301175918210078 -0.21742396019727386 0.04942558917931965 0.9748106637703012 645.0515708772904 33.537857715385876 441.0692952932364
2011-10-13_14-39-31_519.jpg 0.07888178841822231 0.9481591459002923 -0.012623678158408945 0.30759151524598854 -453.8399115286196 -40.67108589863079 -518.1199077701144
2011-10-13_15-28-57_199.jpg 0.06954774169246021 0.24851505772816773 0.11573474103074001 0.9591709166912806 680.1862468478973 -97.46124571747083 -166.18810049978123
2012-01-28_14-44-12_979.jpg 0.05840888671952702 0.6356167751549634 0.030952989663692358 0.7691694413617004 225.14931636441008 -100.5601558070678 -687.8379445501246
2011-10-01_14-32-07_573.jpg 0.06442217360305175 0.7240949594781516 -0.07987463149611854 -0.6820236920004698 -16.469320444956125 152.40127100042812 775.5554178139251
IMG_20140521_133816.jpg 0.031579387618069166 0.9978232504445085 0.003558953810446233 -0.05778267039345781 -724.8392020562537 -12.006315846244128 -29.838602601498902
IMG_20140521_133716.jpg 0.26286860500847087 0.9060505436766874 -0.08177406835637131 -0.3213806318814619 -641.5833931035792 185.9375003228869 330.6684783698452
IMG_20130210_163420.jpg 0.0496347337651499 0.9620134869979996 -0.03160550353148135 -0.2665849511591627 -734.0720681320432 49.48044732912277 217.51612376733007
IMG_20140521_133618.jpg 0.1535591354569861 0.9769266349760153 0.01343438459228469 0.14782915511755104 -695.674588237919 -92.50466309923911 -322.1797800109686
IMG_20130210_163326.jpg 0.06229639785573269 0.9018179436502584 0.026739865653603957 0.4267651988030972 -334.80336555762443 -89.8980328243611 -668.0103368836834
2011-10-15_14-27-51_352.jpg 0.045697398436609034 0.9786858344988157 -0.00924380252993186 0.2000008431038979 -571.4341281917251 -14.82118376330657 -416.6734566379905
2011-10-15_14-27-59_188.jpg 0.03184020985640913 0.7394690985944289 0.0014275048323828482 0.672435584640043 94.59974416392862 -38.22274202300862 -702.2933511384621
IMG_20130210_163733.jpg 0.06863256552393451 0.8087349971282075 0.046078083031131985 0.582335028685221 -84.95809589841903 -127.48461458181347 -762.8518464317303
2012-04-01_18-11-58_134.jpg 0.0586932413430738 0.998094345833031 -0.006810596729271802 0.017787523969598977 -750.4502114190984 -11.283980893058526 -191.7080398622515
2012-04-01_18-11-40_213.jpg -0.051060913972583465 -0.4789461580435924 0.14809468105623955 0.8637542047379092 268.1355528986134 207.68843348915595 697.426256150843
2011-10-01_14-05-51_548.jpg 0.11851045818790336 0.9921614848287531 -0.02836326417251452 0.02768365163733917 -762.1021364605282 12.95822365155933 -125.48246689255727
IMG_20140521_133704.jpg -0.011174177367081123 -0.19876619631944248 0.025825856346903906 0.979642874778773 642.9987805179011 24.95406916843265 388.0274955152101
IMG_20130210_163614.jpg 0.020865356476632745 0.18127729531690376 0.04456603943171885 0.9822001054933063 763.9669912422573 -27.404695187270324 -81.09243782036224
IMG_20140521_133236.jpg 0.07748782308021505 0.7807299848596188 -0.05280161869079996 -0.6177931021620585 -353.03856117570245 118.62258929469778 655.4280204308673
2011-10-01_14-05-02_890.jpg 0.07877555283595093 0.39143017969602784 0.08361597892152037 0.9130088689424226 536.6680377267729 -152.4400723206867 -471.51486662141
IMG_20140521_133657.jpg 0.010919310433083097 0.22600650432632624 0.06755388967043767 0.9717192499133973 719.2772359645469 -28.780513684032236 -230.1132879039724
IMG_20140521_134901.jpg 0.0620662252456656 0.35129552924150065 0.16790429770578943 0.9189925906287894 499.506173008353 -179.4875463810217 -462.44967100911305
IMG_20130210_163537.jpg 0.13973186061111953 0.7568667798557834 -0.12466800084031954 -0.6261673691972223 -322.6191159520556 250.88294928969327 624.7185130164381
2011-10-01_14-04-27_991.jpg 0.14002416655296301 0.9724098572659735 -0.01465163361997278 -0.1860043867906965 -715.6634415707914 32.93707053851758 190.69759009013177
IMG_20140521_133638.jpg 0.2018265954763972 0.8948146823617985 -0.09821704759046924 -0.38590947274039833 -597.076104025477 216.04333246321298 425.8756323634317
2011-10-13_15-26-23_83.jpg 0.08623210313592551 0.5105389378633711 0.08131586327296504 0.8516464922103941 320.6411237721154 -149.58725625285618 -534.2009293068827
2012-04-01_17-52-30_726.jpg 0.12457940675482694 0.8701868130311359 -0.08091238770304099 -0.4697957719642891 -392.13222164711385 199.79908633362462 647.3531766326606
2011-10-01_14-04-16_647.jpg 0.008207577319281194 -0.2925227091602183 0.022174118984751443 0.955966217367206 567.0215848654547 -2.2603540042011163 490.7100532524073
2012-01-15_12-42-51_289.jpg 0.03029198859838876 0.3539527819518342 0.04218077376000014 0.9338204355765194 671.5509094577475 -52.51891356448917 -333.60035733238584
2011-10-13_15-25-56_609.jpg 0.04277490759154626 0.3584204660341026 0.022788304607677203 0.932301330033128 510.9984999299604 -64.33532025056917 -387.07614532404966
2012-04-01_17-52-11_509.jpg 0.10486788231337812 0.9437198110885188 0.01905226810620938 0.3131016711839256 -646.1388615841244 -77.7942817734558 -415.8398211134347
2011-10-01_14-03-53_317.jpg 0.12147355485319515 0.9201797473782269 -0.06903613406083899 -0.3657149438841736 -618.9198425928394 141.2386723187144 423.26782091041775
IMG_20140521_134814.jpg -0.057904249724228384 -0.4477324891733063 0.15358798328613463 0.8789729503190914 456.90564759732064 155.51120228776026 530.9456716617149
2012-04-01_17-51-41_830.jpg 0.07440782034882384 0.5849228370660764 0.06856558082166068 0.8047530752200314 180.31077842280683 -158.95442443934695 -713.444711059248
IMG_20140521_133925.jpg 0.0007629476698039436 0.07972045603285972 0.05665422119386864 0.9952056903081304 728.7957847990261 0.35266596035245906 -10.758650634807935
2011-10-01_14-03-03_624.jpg 0.035138823888164944 0.2446085632214806 0.013369649313075757 0.96889275275013 736.2067061818537 -57.431023567967365 -239.06509795972255
2011-10-13_15-24-27_555.jpg 0.11652273289751404 0.9009789514741074 -0.004054959237359699 0.4179030258616171 -427.9417658798686 -85.5085872718005 -598.2092861638606
2012-04-01_17-50-51_52.jpg 0.28289112286219237 0.9419054589021378 0.015147834267742856 0.18043631068362756 -672.0537869696598 -81.10967284985787 -205.5114921335341
IMG_20140521_134746.jpg 0.11461733553543342 0.9075521506385756 -0.053324673405361143 -0.40046028451304116 -459.0658409320544 136.47374557593577 548.8436739000372
IMG_20130210_163400.jpg 0.05259439939495572 0.8613309359500415 -0.03830880112098323 -0.503860381141823 -521.6760250374562 78.39044055158577 552.6245452085687
IMG_20140521_134319.jpg 0.13261608583240475 0.7013933700995114 -0.14227839852685403 -0.6857238303220732 -23.220087094889784 281.92139318395954 703.1475033111029
2011-10-13_15-24-17_508.jpg 0.05346554727168064 0.7119239721765216 -0.09115993192679192 -0.6942590005944794 -73.20557393377297 148.15997151342341 721.214016694572
IMG_20140521_133834.jpg 0.044159911410618306 0.6485694388167238 0.03735617047079192 0.7589546111493913 224.70942395067348 -84.13822500567586 -682.2760409121894
IMG_20140521_134734.jpg -0.06257280191813747 -0.5602511234242211 0.10838503017649609 0.8188137812687646 302.98095000038444 152.25133617289677 650.839865931015
IMG_20140521_133824.jpg 0.16807449838794264 0.9449422052762163 -0.061402102685460085 -0.2739798778472013 -663.7812761358992 114.12071337333128 263.45201627120355
2012-02-11_17-55-15_790.jpg -0.011483530161929899 -0.21818021759865802 0.14539753487928103 0.9649482255720513 598.7211071256357 111.38910840392764 461.1172589736106
IMG_20140521_133802.jpg 0.389974172971468 0.9168369677647435 0.008650274771117598 0.08517800010304645 -696.5309469701754 -137.87451176351252 -177.70795448279225
2011-09-18_19-52-52_142.jpg 0.058072721805337596 0.8927021323474518 -0.050478909399368305 -0.4440296629621532 -582.2953200836487 96.45069577388989 492.924390066321
IMG_20140521_133751.jpg 0.2876856137573199 0.9428141608468548 -0.030801562256998136 -0.16549836708029397 -717.8638118311882 51.37814026506208 132.53343455181906
2011-10-01_14-35-09_370.jpg 0.024576956817756075 0.8505682496920164 -0.06344963038746673 -0.521443928158275 -301.38634686377185 86.65382104820677 633.523469737052
2012-02-11_17-54-45_951.jpg 0.04260762788060517 0.8244585291965153 -0.05021872523061766 -0.5620772218456441 -419.8783432768236 96.02970742699387 641.8732588944682
IMG_20140521_134934.jpg 0.053973400120574416 0.8913805873715285 -0.034574261351235216 -0.44870050255000815 -407.9893416059894 71.62158895310462 573.9248055228038
IMG_20140521_133735.jpg 0.22228610846652566 0.9245980247369097 0.04722391515092447 0.305740544372563 -530.702035928519 -207.35817788034322 -472.35745774564816
2012-02-11_16-12-51_455.jpg 0.07186988490791701 0.23188804783223396 0.27054053757865165 0.9315956582351232 719.106061374375 -100.20516750363821 -145.72817940927897
IMG_20140521_134642.jpg 0.12404524259659384 0.7272933291397371 -0.11551363649098885 -0.6650667567715419 -11.823574365502852 244.5033162871182 712.5728998587854
IMG_20140521_133725.jpg 0.037612039248351825 0.5484580556833208 0.049090464621404595 0.8338880152292069 387.0386921429881 -85.10784585852636 -625.893535865997
IMG_20140521_134624.jpg 0.10996801506435372 0.9811831787877234 -0.015219557391544718 -0.1579714227309178 -706.1340877748895 51.7966292731413 279.6214414062367
2011-10-01_14-33-40_719.jpg 0.2360667491086233 0.8740126623989379 -0.1483840230099031 -0.3979403694613103 -446.16996559082855 338.52173020971065 493.4580329671372
2011-10-13_15-22-10_39.jpg 0.08349695248817196 0.9865497262883995 -0.03856857022192717 -0.13513090644448592 -754.2285428762103 73.43360266759981 228.45404496062864
2012-02-11_16-07-09_767.jpg 0.09467091465017646 0.8980364543983513 0.03186176510329575 0.42843059229639513 -316.16417307670525 -123.67625219998357 -650.2723373960656
IMG_20140521_134611.jpg 0.04788320013487401 0.5640388145233531 0.08177340120016012 0.8202929511534839 234.1012686230673 -142.38617563511062 -719.052149956128
IMG_20140521_134851.jpg 0.39077850646870194 0.9082330691362387 0.029591184669461697 0.14672836399045983 -687.8729692029565 -99.9253289191623 -144.9416661314419
IMG_20140521_133653.jpg 0.07135382497195855 0.5762487052151087 0.07822081090766199 0.8103872939161441 347.54257295505164 -152.83967091002992 -654.3148333080192
2011-10-01_14-33-15_675.jpg -0.006645411825196005 -0.47739102809762207 0.04233284774389692 0.8776454721557335 445.35814592354706 28.682304900495787 611.9616818121934
2011-10-13_15-21-48_70.jpg 0.04553203042712998 0.7709838323337106 -0.08837952882870485 -0.6290467576970916 -125.11913361514745 145.32671346094284 776.503227880366
IMG_20140521_133644.jpg 0.18913268966990487 0.9065778757829063 -0.08377003044365346 -0.367869491584515 -615.7124924189475 185.22188357582746 408.3492424141216
2011-10-01_14-33-03_50.jpg 0.23339740846952445 0.8842832990536943 -0.1514432358724253 -0.3750115238801516 -488.7528772907969 342.7058995491662 479.3268996444522
2011-10-13_14-44-35_892.jpg 0.03248159138653224 0.44023328143002544 0.03502966414792732 0.8966116923016528 567.3670890585051 -71.98719403903651 -553.6406064453951
2011-09-18_19-45-01_34.jpg -0.023681140142397857 -0.044393540938940886 0.11788309220788672 0.9917519819470825 761.2647577180286 70.47715319909736 186.34693648566366
IMG_20140521_133630.jpg 0.09011026860857263 0.530293483639291 0.115377868710161 0.8350789831584181 419.66018605572776 -199.49204042403755 -608.2727230361206
IMG_20130210_163338.jpg -0.009737458794321722 -0.26941320580859623 0.1039635192984251 0.957347007666108 543.5262677512574 87.7292479911293 522.011076321441
2012-02-11_16-05-59_783.jpg 0.05601356857993344 0.4590264719708896 0.10623316828433761 0.8802679660882655 538.4789786733484 -115.53648644442816 -467.958965899376
2012-02-11_15-07-14_158.jpg 0.022154228284469845 0.2274284958645207 0.1318110092776489 0.9645783157790397 739.9869661986677 -52.62956897681576 -222.14591163575375
2011-10-01_14-31-58_416.jpg 0.10493875509755039 0.9718893997670194 -0.04495685685518418 -0.20590709876248012 -714.4168549556713 100.93600447437139 337.5238470144637
IMG_20130210_163309.jpg -0.07464379132015574 -0.28832037713131187 0.2518781872195993 0.9207915308858895 501.65397378188254 275.6373475458239 477.448233474525
2012-02-11_15-06-19_188.jpg 0.13169648557709765 0.8480257125792077 -0.0959123251080255 -0.504290841066484 -454.8871845963033 206.89545940564787 581.4714664333301
2011-10-01_14-06-32_541.jpg 0.07854830102516144 0.6337955889109835 0.037659454843090946 0.7685799121392394 260.3195753417086 -138.75727564647914 -725.1173142315126
IMG_20130210_163253.jpg 0.0417724306824357 0.6119267978961764 0.049781812681132784 0.7882400834628963 340.1419017250274 -87.2331913301257 -648.9096202370911
2011-10-01_14-06-14_385.jpg 0.11589663651041224 0.9062108376375919 -0.07030795663728447 -0.4005080256714431 -591.1324530513677 148.2818337439977 475.4080715347788
2011-09-18_19-51-28_840.jpg 0.14607662317885975 0.9337571115166727 -0.0643776962482995 -0.3203354321308579 -643.5591555916573 131.86996583767444 356.30417129260894
2012-02-11_15-55-18_225.jpg 0.09607441186282287 0.9887344550960369 -0.000471634698410483 0.11477657536216805 -696.4848383253694 -47.834310013646764 -326.7687250922514
2011-09-18_19-51-21_238.jpg 0.14284165329201048 0.9410586045664252 -0.06260104695568372 -0.30014342201079497 -657.3865436318652 124.51046601076898 330.85280757667095
2012-02-11_15-54-53_466.jpg 0.08171878912297396 0.8748582454613166 -0.07643489489702014 -0.47127783386735217 -535.3729213212747 149.7651547701469 544.2121997602704
2011-09-18_19-50-03_845.jpg 0.12930570586598664 0.9908066098543363 -0.036621195680283845 -0.015530110315195977 -737.8490257128527 36.93214089946908 -36.8913300509173
2012-02-11_15-54-30_83.jpg 0.07617009570660603 0.8545841040333256 0.018670623766245162 0.5133571207860893 -255.74991608548243 -100.88428652509707 -725.8556267739956
2011-09-18_19-49-27_741.jpg 0.09887728139046359 0.9921131002760453 -0.03363205765585149 -0.06930919263213521 -740.6060258280766 48.53406702981038 74.23495395842374
2012-01-01_11-00-20_21.jpg 0.017149477267684503 -0.11406827537926559 0.08196233738320591 0.9899376239097728 631.5050916025548 17.44881642889233 316.6452351886409
2012-01-28_14-42-30_955.jpg 0.029506775225169115 0.27671995069348804 0.023416959418755087 0.9602119896749808 728.0764141103524 -54.949377386295865 -310.6176533284587
IMG_20130210_165559.jpg 0.12908456804824467 0.7749062544394236 0.09613664361782633 0.6112407192558101 -158.0860614982745 -203.33182049827712 -593.9662172864109
2012-02-11_15-53-41_116.jpg 0.03072889552760917 0.8791060038615847 0.2835009366381656 0.3819104448420481 -388.13150192347865 -369.0362355624314 -423.2145014203861
2011-09-18_19-48-09_199.jpg 0.12069140273445668 0.9533720626297421 -0.005649783870756382 0.2765562789837074 -692.5986969227781 -42.0220391083403 -378.89011910223064
2011-09-18_19-48-01_445.jpg 0.11227387406433842 0.8755333106330931 -0.10138045774554227 -0.4588659956476898 -401.80275222481407 217.99138844855418 642.1185952344672
2012-02-11_15-07-21_697.jpg 0.13393834556295348 0.8305914194784265 -0.10552704720788986 -0.530134375214676 -434.2674833561715 234.82833716905228 633.940350245337
2011-12-30_15-21-57_182.jpg -0.034994294075582896 0.962285052773702 0.0018093454614135733 -0.2697769502004684 -695.8107990919123 -30.823410719948242 466.453014880692
IMG_20130210_165459.jpg 0.0427402527576024 0.8068838075134963 0.041514950820699635 0.5876974568815944 -210.95959641051527 -84.45204296470642 -629.0310296158839
2011-09-04_18-03-31_55.jpg 0.048764456803255335 0.9988102329444424 -0.0002683850167405751 0.00027255757937712303 -731.9907801989741 -13.647943034337851 -92.61888470395567
2012-02-11_15-06-31_219.jpg 0.08736882602274387 0.8603613760214501 -0.02116196943045062 0.5016942913166436 -283.20277501123377 -61.62536787518623 -712.3393189974071
2011-08-27_19-07-57_152.jpg 0.13882526767968795 0.9849901865867524 -0.009077777408365732 -0.10217373115816829 -739.7696815355796 7.492879036683315 70.75902430397645
2011-08-27_19-04-32_391.jpg -0.008571678189256719 -0.06310908994932549 0.0882772678389 0.9940577916206321 722.9272182573163 31.596528953890363 172.69959708313453
2012-02-11_15-06-07_821.jpg 0.031906992217505654 0.010196808680334703 0.049406886626423376 0.9982168744788144 766.6545448201324 -41.84835083169619 101.54900484952455
2011-06-25_14-52-41_37.jpg -0.008464245065989336 -0.6529048470375305 0.05006302188453252 0.7557362708710965 -67.63597313281437 68.9700245436893 756.8708100198093
2012-02-11_15-05-53_430.jpg -0.06914783068249025 -0.49813598422157374 0.12132247436254787 0.8557803315980436 275.6641866990813 199.95132124097358 709.2086578711034
2011-06-25_14-52-30_729.jpg 0.06330732132983104 0.84275355757946 -0.06786093167566656 -0.5302391141789856 -479.9186497246505 128.00445537589616 580.0498018752055
2012-02-11_15-05-45_805.jpg 0.2822625489139324 0.7831006029339723 -0.20992724946924127 -0.5128468086040296 -414.5092101963396 450.0237954076682 494.65132767883404
2011-06-25_14-52-16_178.jpg 0.04867235865879503 0.4179604632375649 0.06251290250481123 0.9050039721975002 617.6017790596113 -91.73787831868968 -441.83086693891255
2012-02-11_15-05-04_657.jpg -0.01229919192054737 -0.6838719213081713 0.06482582768220534 0.726612370655557 -114.9670965846112 92.72719806263513 760.1314153593786
2010-10-30_17-49-44_340.jpg -0.0100708470456895 -0.508558082621202 0.07870884307003434 0.8573635008927106 207.62715649663977 95.35328601118782 742.5194931242161
2010-10-30_17-49-33_742.jpg 0.0058856415399230425 -0.08142257495369391 0.10571531980682537 0.9910398552377773 714.4112942494219 41.92494290772582 297.15303493525744
2011-12-29_15-36-12_252.jpg 0.021677996100665474 0.3444307624526817 -0.0016408211805466666 0.9385599725468681 617.7714200074581 -31.905491469196516 -361.0601210576546
2012-02-04_14-38-27_722.jpg 0.04941880460512618 0.7587196420786223 -0.07676116861862706 -0.644988379327714 -96.98401775689929 140.01597639718676 814.0771024654695
2010-10-30_17-49-17_523.jpg 0.02303893436319981 0.7447752399814406 -0.04820944369184339 -0.6651728338957621 -257.63930724591415 80.92969150843858 715.9167406489272
2010-10-30_17-48-53_719.jpg 0.011236836459123002 -0.0060518491655519036 0.12196107051325376 0.9924528230134317 727.2772045987666 27.779133214765643 184.305198084739
2010-10-30_17-48-42_201.jpg 0.04909101690568483 0.7435789200343458 -0.06708927125398709 -0.66346024102604 -258.8792239004841 123.23835332898436 699.0219536555221
2012-02-04_14-28-54_541.jpg -0.01890156654744859 -0.3085312878545364 0.05198913487598883 0.9496042886653996 638.366301103918 40.2328012042838 410.9663111376106
2010-10-30_17-48-33_797.jpg 0.06321619695698148 0.9808431556998236 -0.041916573290949846 -0.17942524137548685 -748.4559790294692 56.90430105709022 89.28334578190379
2012-02-04_14-28-43_650.jpg 0.03377715365374904 0.4947401664262356 0.03568410687346925 0.8676508031070077 343.9769421591619 -79.08200076266341 -662.8156267833317
2010-10-30_17-48-20_774.jpg 0.04606852509138748 0.580373924289702 0.042974266933796676 0.8119094847222676 394.9606396898293 -88.34188090809162 -626.1829649140094
2012-02-04_14-28-35_778.jpg 0.25794853046521654 0.9549105726930507 0.004864667109189271 0.14691728558539932 -729.4820386648636 -49.554707191008234 -169.66595125395375
2010-10-30_17-47-59_875.jpg 0.0623432025600977 0.336698900799838 0.1757855160820276 0.922955376836013 647.6049521159993 -117.51938096313637 -303.68207956232806
2012-02-04_14-28-12_421.jpg 0.024640975252884355 0.9247974064224643 -0.012464086903783254 0.37945648755888317 -553.9171266630723 -2.5088825787372033 -487.3572863596869
2010-10-30_17-47-51_774.jpg 0.12293656631085967 0.9910547123273242 -0.04628622230168689 -0.023552992645082732 -707.5312024702155 27.87417142866902 -136.38717806553086
2011-12-29_15-33-41_760.jpg 0.06896258943680175 0.997063495705063 -0.03262538541141827 0.006643118042571065 -726.4977712497545 20.243062804100383 -192.35052110137468
2012-02-04_14-27-59_72.jpg 0.02836825405280628 0.5454872573712551 0.01827314614222466 0.8374395418999785 256.9845149337047 -56.39373253211119 -675.971678541648
2010-10-30_17-47-33_586.jpg 0.09405006805360748 0.994395366663299 -0.02693169643971673 0.0400889409258234 -671.4520146490622 1.985502896415172 -212.8044125890231
2012-02-11_15-04-56_852.jpg -0.005337589621078028 -0.0355387992260547 0.3316600012463777 0.9427142448588862 742.7335933775519 128.76830042116984 176.65802179151981
2011-09-18_19-49-47_322.jpg 0.012447814554235893 -0.09510823111335044 0.1691673031350589 0.9809087112658972 711.8715741999105 14.905612541044304 182.2058853805321
2012-02-04_14-29-15_423.jpg 0.15251143327135566 0.9156959554218344 0.026502457079679322 0.3708622381887252 -581.0207869817636 -121.32135251732832 -486.4864150298751
2011-09-18_19-49-18_689.jpg 0.04921023469994236 0.8140516865656798 -0.06635387473444826 -0.5748872652164718 -270.16258216433727 115.82733650743818 686.3700851596801
2012-02-04_14-29-05_111.jpg 0.12670707962565847 0.8435025605004141 -0.09057933007420794 -0.5140468182620045 -308.89302733987455 212.60267587012365 661.2860067055088
2011-09-18_19-48-15_986.jpg 0.12801355049423044 0.965629843518669 -0.0126960503737143 0.22585470218899842 -730.5802707533866 -23.74784736683214 -309.45037595949435
2011-06-25_14-52-08_316.jpg 0.027566691767472194 0.8878473577434528 0.0034628116311265634 0.45929854755765825 -281.5756103912913 -33.17090042185182 -708.6785647155288
2010-10-30_17-47-25_73.jpg -0.002143932793560697 -0.08084736275557172 0.10850768351382703 0.9908002776070005 652.0729444556101 48.9013581465823 260.3073799689455
IMG_20140521_134310.jpg 0.1293107589827446 0.6396197833936051 0.10947206188028405 0.7497873885112392 120.82293343251665 -258.9693082519868 -697.2517127813567
2011-10-01_14-38-39_644.jpg 0.07936529570651085 0.6433569111628763 0.027328995334953695 0.7609508267361057 66.38166801616003 -106.1655803373044 -642.41358313963
2012-02-04_14-27-02_446.jpg 0.20409769195967248 0.8229360360999041 0.1505718642323009 0.508378329914368 -312.9472623847841 -316.3425312746213 -524.2876343018276
2012-02-04_14-26-27_329.jpg 0.022086178934665437 0.5210193795969211 0.020086782051010468 0.8530225835060526 298.89226521514763 -45.34192525507654 -594.1095350159907
2012-02-04_14-27-11_868.jpg 0.055501282458675624 0.8590661333862774 -0.059824066722551354 -0.5053177882827488 -320.4129820998723 102.94582396301787 601.8240566161247
2012-02-04_14-26-05_672.jpg 0.021822559622489652 0.19982700449188076 0.03723288268671364 0.9788803076036225 589.3826390553554 -42.757885851554974 -253.71844008626036
2012-02-04_14-25-57_611.jpg 0.08109615577637447 0.6812575081630182 0.09006943247503428 0.7219412153516618 33.9949420900655 -159.527871795542 -622.5377839684292
2012-02-04_14-25-24_48.jpg 0.021232878423808086 0.19590743095272753 0.023007640509291664 0.9801224881868276 601.0287436189853 -35.46767537684997 -219.90355888015443
2012-02-04_14-25-15_610.jpg 0.07243366503031948 0.5533661816863201 0.08554039929434873 0.8253617832349287 269.23126865414685 -138.81192414963078 -564.0972280384882
2012-02-04_14-23-21_748.jpg 0.03365406192779373 0.08034878385425641 0.08567460705382121 0.9925076013588388 730.4661435208775 -48.63755871525125 -26.558215786691747
2012-02-04_14-22-58_90.jpg 0.1226505438294833 0.8887302512294897 0.017570835097912574 0.44136906371183576 -358.2678464915375 -125.28320296599493 -621.0749669046107
IMG_20140521_134138.jpg 0.09809955806918247 0.8007417816471745 0.06460660248557941 0.5873798283448365 -189.55745573778717 -168.23538392217336 -686.239971465043
2012-02-04_14-22-30_751.jpg 0.025830120465718975 0.45895030204349946 0.017818032840021578 0.8879076206659218 508.6856387254251 -44.89099918149837 -512.8389621567605
2012-02-04_14-23-36_467.jpg 0.03972679909196145 0.4977078670980885 0.032502776931417045 0.8658245953738697 428.94818497657536 -77.03100688615224 -587.682388720469
2012-02-04_14-22-23_115.jpg 0.018591670309994725 0.1390737959988847 0.042391936506101444 0.9891995515470111 715.848438012642 -26.604759118722612 -78.3975034816764
2011-10-01_14-34-12_690.jpg 0.08776820467486483 0.9593139452469861 -0.07947562847052922 -0.25631449662870837 -727.9597976203165 119.89994127888691 190.91487725550977
2012-02-04_14-22-13_779.jpg 0.25689188895055115 0.7924679567915276 0.1447923438037967 0.5338878833855318 -158.6910129699144 -387.7280074184587 -580.797961622422
2012-02-04_14-21-52_735.jpg 0.005968568704103007 0.47125710833366274 -0.02338424269285002 0.8816656345952816 497.8475819605426 1.5197909491436319 -505.721784609012
2012-02-04_14-21-34_646.jpg 0.03314325735901116 0.4219996206760469 0.04073712090073291 0.9050736608816026 553.1120650924407 -57.076672192049806 -423.603108080991
2012-02-04_14-21-18_397.jpg 0.05296486803034076 0.9632359059715381 -0.004886431322199107 0.2633390115244098 -509.3637695368933 -27.76017382998803 -474.3834077622028
2012-02-04_14-21-05_53.jpg 0.06371882957482582 0.6679608437430218 0.0780539019134791 0.7373437531977917 210.2709668532879 -128.05991823616571 -640.0872462779415
2012-01-28_14-43-44_776.jpg 0.1546408646868609 0.9867267382697815 -0.027175176722635506 -0.04144944779454609 -735.3069316237834 18.386737732226322 -26.614444237125067
2012-02-04_14-20-28_124.jpg 0.06992966424083383 0.9627330516603715 -0.011465431758110071 0.261004707188342 -491.3753887086329 -26.165552419152935 -425.5521468278814
2012-01-28_15-19-19_648.jpg 0.06219239015741474 0.9668824839365214 -0.03533180875484006 -0.2449939430952582 -687.1863003360188 74.38786402056635 405.64576963064957
2012-02-04_14-22-01_386.jpg 0.02807290138959129 0.5453471469422364 0.007867574045703046 0.837703111375485 400.2857517914577 -41.63096498589056 -587.4901881856931
2012-02-04_14-26-51_287.jpg 0.04971787047061109 0.7458742737739298 0.006278717832191024 0.664198975293146 -92.09143470831722 -57.412579672952845 -672.393273235696
IMG_20140520_211932.jpg 0.10570004490059962 0.9096307482603376 -0.05218001422302593 -0.3983423759067504 -615.3730896976327 115.36848205561485 461.61617587584044
2012-01-28_15-19-08_964.jpg 0.08654672983658598 0.9867432271774137 -0.0046302620874536 0.13720797297204615 -778.5915920889519 -13.14657302647048 -177.70282128543667
2012-01-28_15-18-50_977.jpg 0.19928071709595072 0.9449130743423905 -0.06811137887141393 -0.2505739766990402 -660.242501655656 185.37244251943832 383.943538776692
2012-01-28_14-42-20_620.jpg -0.005729978850544348 -0.20924507447075397 0.072249276595168 0.9751736810351148 664.0665379317014 46.88843820950695 438.1934750654792
2012-01-28_15-18-34_874.jpg 0.10053583390811408 0.8269166182126079 -0.07155237255142703 -0.5486180006220048 -271.8890719341763 175.4256868400377 720.892807663787
2012-01-28_15-18-18_863.jpg -0.021385325032518346 -0.37191748771520033 0.09837207102611598 0.9227908678822629 603.1325042864091 76.32684008530661 524.1568512723209
2012-01-28_14-45-51_331.jpg 0.215997086712641 0.9250696325769574 -0.06870292979596425 -0.3047479956505632 -666.5167629732458 151.1719722680753 322.23898612781414
2012-01-28_14-40-46_978.jpg 0.007985167920774573 0.04118582165185622 0.10494962879047567 0.9935922406122543 766.8234053419736 18.10188799433608 113.07792430639591
2012-01-28_14-45-05_143.jpg 0.0791590491243974 0.9605055289248553 -0.003746230710626113 0.2667375856567059 -586.2710851253678 -40.49242702053255 -425.63069366949867
2012-01-28_14-44-45_580.jpg 0.04319729365121573 0.25312511585750797 0.07633568049531089 0.963449289494082 658.6946057747683 -84.73176806764607 -290.4229654111421
2012-01-28_14-44-35_41.jpg -0.00894163827134536 -0.2708451977724843 0.04744966524388594 0.9614111790575617 584.5801892137034 32.16081702930261 436.36170199829587
2012-01-28_15-18-43_310.jpg 0.09693899777101128 0.9850178849529011 -0.007019362262883231 0.14245464396602756 -765.093628573228 -11.348497622762393 -184.60471402887643
2012-02-04_14-23-07_60.jpg 0.051798191966736455 0.5793249130576537 0.03711198485992908 0.8126021738830608 327.12558164514274 -96.0858814493893 -645.5693974966242
IMG_20140520_211811.jpg 0.06439147639825211 0.6682246627113043 0.058280462928344566 0.7388727397546038 239.90365945892975 -130.78271127589394 -720.9152415017253
2012-01-28_14-44-03_713.jpg 0.17699225051445444 0.9744232534510684 -0.04483367984358984 -0.1310076621551039 -722.6079933561599 60.85502401083436 87.52572340503083
2012-01-28_14-43-54_18.jpg 0.11227912321328037 0.9488055681929832 0.007315326692033347 0.2951404381846644 -550.9244291554968 -80.89791531369141 -475.32592102378146
IMG_20130210_165643.jpg 0.04444087823853087 0.44004234331488923 0.08417859066764624 0.8929175265972428 405.25976395932344 -101.16689339619498 -489.05093273402326
2012-01-15_12-39-00_996.jpg 0.16685972314605838 0.9357606024649778 -0.010979537551029426 0.31046638694256085 -530.286215406613 -90.87438035535905 -474.03906554003936
IMG_20130210_165635.jpg 0.11714242683957671 0.8874556183535044 0.045574215462141535 0.4434221106033667 -373.2341718093352 -126.07083845767278 -507.98790172417966
2012-01-28_14-43-28_869.jpg 0.023506544126249578 -0.028159997659594014 0.04383548978965429 0.9983651169536895 725.0102481023538 -28.117890806166056 139.83766406926162
IMG_20140521_135313.jpg 0.08133847322624639 0.9376975141678374 0.02692082720611827 0.3367234677880652 -504.69808013509976 -71.56637643771022 -392.8614921701923
2011-12-17_14-27-50_531.jpg 0.047341515383627 0.6921965363842737 0.03010923734328706 0.7195249611830041 14.748228902499116 -71.63588121795391 -608.793119876705
IMG_20140521_135120.jpg 0.018865913250299054 0.9428620656388462 0.02310431475812903 0.3318454356112757 -534.4724633015362 -40.73211677476898 -376.47883178237055
IMG_20140521_135106.jpg 0.16039929746944978 0.646842462714023 0.16073850191178624 0.7280316118167671 69.81411042729094 -300.4301909345079 -592.3264947819008
IMG_20140520_182921.jpg 0.08181555164568544 0.886162861174427 -0.03336782292395189 -0.45487161636815815 -576.634904344242 76.41752509166282 482.34344000853963
2011-10-15_14-27-43_188.jpg 0.10023439247571568 0.5235261403251833 0.13404978839050521 0.8354065484503347 440.7369963793197 -192.97469154102404 -518.1418722259695
IMG_20140521_135059.jpg 0.07909427677100037 0.636036464293417 0.07114055421679093 0.7642910002197653 114.39576646148826 -147.2383314929763 -641.0743549078212
2011-12-17_14-52-31_163.jpg -0.005366758433743934 -0.2849866737419311 0.11178329983772627 0.9519759910684791 665.3546270722942 41.45095596345604 388.83924278235895
2011-10-13_15-23-55_514.jpg 0.004246037760954531 -0.07572118760050635 0.20345698464369427 0.9761421660349461 723.2585711875695 27.15050898296035 148.7332186372611
2012-01-01_10-59-53_763.jpg 0.04134702234366025 0.5285494611034475 0.0390451768492496 0.8469954929486812 478.5283941669223 -75.53683390676287 -553.1158061193825
IMG_20130210_165353.jpg 0.34001388117155634 0.8100936177625487 0.18530118242278332 0.44022989773953153 -392.5525984419676 -421.3138887725381 -402.547344321935
2011-10-13_15-25-11_586.jpg 0.10742573355938283 0.7027532337835893 0.1247182234812863 0.6921293007145475 -16.01916317832229 -234.77080354430902 -654.6565586712668
2012-01-15_14-14-25_544.jpg 0.04138462032409046 0.3371389446693895 0.05619600398792 0.9388645558991089 527.3336391153787 -72.11265592888687 -356.3848377420988
2011-10-01_14-32-33_19.jpg 0.2703119298122151 0.9017338742461384 -0.11224629748633336 -0.31813243993477747 -585.2583090573982 299.8747423241858 426.71068202094057
IMG_20140520_182746.jpg 0.0811297152514155 0.9925821130909203 -0.0005249279897553916 0.09054525126032027 -651.1534185745776 -35.63831222024336 -283.1006593104309
2012-01-28_14-42-54_940.jpg 0.0080102093135383 0.11783141239468273 0.009168495260061096 0.9929589787571761 766.7955514801862 -16.292705910403182 -75.08677947788283
2011-10-01_14-34-22_269.jpg -0.028920329162130214 -0.592892632949218 0.14084304725298757 0.7923415781064314 252.41793890707947 140.24623967351556 671.3764058556649
IMG_20130210_165620.jpg 0.07458104675704054 0.9438168027227029 0.025245223850082796 0.32095200425558684 -508.44018655031664 -67.06594278199323 -390.8619699455033
2011-10-01_14-34-35_331.jpg 0.05298497102233866 0.9697943342747811 -0.04782824693522536 -0.23324665238626544 -619.5348793472249 79.74171869698502 354.2712440271555
2011-10-01_14-35-20_347.jpg 0.2885324597234261 0.8731113644553715 0.10664966842309859 0.37822138116462134 -498.0582077842518 -283.9266019982573 -408.7793975747822
2011-10-01_14-35-34_597.jpg -0.0359272535864642 -0.5980236616635455 0.09667800015404367 0.7948146304808904 204.42884430562893 111.65717068074444 652.1475021923419
2011-10-01_14-35-55_354.jpg 0.23976886301347689 0.6760650523809686 0.1976133820711978 0.6681286466727233 -29.2002386362191 -408.458453325428 -551.6438413885094
2011-10-01_14-36-03_448.jpg 0.20992106889528106 0.8441115953442406 0.05763275560600121 0.4899869640312098 -360.48412213627927 -211.87069584352568 -544.8558876017521
IMG_20130210_165801.jpg 0.07459641582253908 -0.4301452123795422 0.17238323680255657 0.8830031091014703 449.30669495429845 16.746205132522856 603.0344671539352
IMG_20130210_165814.jpg 0.09324169303789309 0.6976734718300721 0.06619547160775688 0.7072311311888267 -35.24612440878903 -152.16515944207438 -638.2293062714607
IMG_20130210_165827.jpg 0.01645956818363119 0.4287823606901361 0.03423326615380557 0.9026089149042598 382.98447386400215 -48.030043009740034 -538.1166029558234
2012-02-11_15-57-14_674.jpg 0.03049179910412151 0.15987134415208076 0.12292994616257918 0.978978872010457 712.3226482405528 -28.161401655394194 -51.441305756184256
IMG_20140521_134354.jpg 0.11916039549260445 0.7913576930110479 -0.10409809882659829 -0.5905229781125929 -219.00972568024704 227.48020699518597 702.2984465360768
2011-10-01_14-37-23_89.jpg 0.07268266785471507 0.4077480396569951 0.035022111437556035 0.9095230715379651 423.8897806221441 -109.41905855572408 -476.65033983125124
IMG_20130210_165933.jpg 0.045100404179424874 0.6802926561676358 0.034222417975099485 0.7307507657301315 -15.433184505551173 -85.7236061123387 -699.5129333905197
2012-02-04_14-21-27_210.jpg 0.0803994218768163 0.6618727292298651 0.05944646687723845 0.7429175868422392 226.06742247186517 -137.1008300907502 -645.3890622726545
IMG_20130302_145354.jpg -0.054136609599237655 -0.41281402849813237 0.11629261778588838 0.9017371193561616 339.09895612423475 158.5817023681508 599.2625313138967
IMG_20130302_145455.jpg 0.002191249654530045 0.1557567618505726 0.030821968714863857 0.9873120255559105 716.6755964583595 -4.75191756127925 -109.75947999895476
2011-10-13_14-42-04_627.jpg 0.07821118184886572 0.9963284922147628 -0.025087568571364936 0.024148717109569447 -710.832034198029 2.0831410749921955 -228.5980609802799
IMG_20130302_145508.jpg 0.05492368340293681 0.6525572505656427 0.040048230399608656 0.754684412835937 210.72340911853905 -101.69791542009754 -688.1664579713142
IMG_20140521_134547.jpg 0.10915776509272701 0.7489685906900875 -0.10755954142383478 -0.6446406576755456 -72.21084256397529 227.97527419888462 739.9923146324569
IMG_20130302_145519.jpg 0.006972269080279115 0.10623700229271629 0.08635983414641796 0.9905589663689549 730.9761489858616 -9.459554458354372 -50.69182136536937
IMG_20130302_150016.jpg 0.16345763994265175 0.9845337003226131 0.0014112095647007736 0.06303174883347677 -747.0916784005994 -57.71220988431828 -198.7156697424827
IMG_20140521_134606.jpg -0.02869400861761773 -0.2888881239419035 0.09408536851324256 0.9522963032305161 663.5391916577728 68.71918056576943 383.2485622167937
2011-10-13_14-42-58_635.jpg 0.011035906362640353 0.034484806245282926 0.077135834609932 0.9963629207914201 762.769787512572 3.3536828654071225 107.64182232459065
IMG_20130302_150032.jpg 0.08883468182867106 0.9796358249106244 -0.02577678952617993 -0.17820664122810465 -765.1330753739034 40.66230327014953 162.2163959964817
2011-10-13_14-43-11_783.jpg 0.07456301042077412 0.44776372805085635 0.09930285345362609 0.88548684045273 572.1723969682887 -149.9489069761004 -494.7175948155913
2012-02-04_14-23-47_959.jpg 0.03873409957406954 0.2365483597731247 0.10504787567624235 0.9651473912489943 668.940642332004 -81.52667587512593 -262.410595567497
IMG_20130302_150051.jpg -0.043731575633237256 -0.41835973272349564 0.0727398737557163 0.9043072454062071 416.02314444409353 116.60112739045279 664.0068991499704
2011-10-13_14-43-36_947.jpg 0.028638037107704538 0.2542180979655706 0.019393192421800154 0.9665282849379403 732.8872265570135 -48.046248413280075 -250.75472646145573
IMG_20140520_182632.jpg 0.039877720825980525 0.681942954693242 0.05136880712930936 0.7285086269771194 183.90995538788806 -80.7391315983806 -639.6061075469626
IMG_20140521_134634.jpg -0.06477391560984669 -0.5934001713518325 0.07410368892770218 0.7988674607114067 268.3267471790363 134.8895736335444 695.4144161061512
2011-10-13_14-43-56_197.jpg 0.06480328106952397 0.20764681783175493 0.1186037777183621 0.9688222116146509 746.3877894043038 -112.69291346071493 -189.0856516308467
2011-10-13_14-44-10_424.jpg 0.03793798801614121 0.42905015892131737 0.016219143888929758 0.902337857770796 577.7656858759298 -68.32022045343162 -525.8793785646508
IMG_20140521_135306.jpg 0.04457220552484689 0.484313871439116 0.07651332486966998 0.870401690912704 328.0679780755551 -104.29629395684071 -543.8987540063189
IMG_20140520_182651.jpg 0.03480567539996902 0.7060021664788734 0.04410971162435046 0.7059772228815214 151.0171043163473 -71.95051073876006 -663.5293142465365
IMG_20140521_134654.jpg 0.2053561116165589 0.9525740577583393 0.0354024782307431 0.22176157566779003 -695.4992760933296 -108.123305114339 -264.21436198005625
2011-10-13_14-44-28_463.jpg 0.10232673762860277 0.8649738877905905 -0.09089756389952817 -0.48279089167449035 -500.49446080784645 186.70580462150457 588.042980069484
IMG_20140520_182733.jpg -0.014428968152882606 -0.13429653611210213 0.10033613041862467 0.9857428195015934 619.5989571780897 69.3387250219055 331.27766411904327
2011-10-13_15-22-43_375.jpg 0.08702230184797533 0.7682401185153622 -0.09235902793487938 -0.6274584043930771 -154.43846458405451 185.8654189405739 733.1899698972528
IMG_20130210_165337.jpg 0.0245076390402785 0.9085511258586906 -0.012783272813004367 -0.4168582675991527 -448.43171376900494 24.181244774136076 548.9101026412669
2012-02-04_14-27-51_236.jpg -0.018277715317474373 0.7718291640734127 0.012223931848178783 -0.6354496377358972 -145.42031759239822 -39.56752192969212 748.775053848392
IMG_20140521_135000.jpg -0.0656529088960024 -0.587340395306054 0.09338714808313481 0.801248897764059 215.78128128248258 141.2784791107703 642.8252622813619
IMG_20140520_182759.jpg 0.04651889934560219 0.36280292380273105 0.1197213127232906 0.9229717426680385 629.2230570823255 -89.958506998814 -342.9619908915793
IMG_20140521_134740.jpg 0.013659299298684023 0.07787132985411324 0.09986849366360928 0.9918547088675749 715.1080772210092 -45.972041132298315 -147.93454365286073
2011-10-13_15-22-55_274.jpg 0.10502164062359355 0.7262718610472712 0.04835008583746968 0.6776148670529376 -53.51258406159222 -170.32629289406373 -741.8801024076057
IMG_20140521_135007.jpg 0.06813752163735534 0.37952442405876907 0.13488290345845752 0.9127568635965408 479.02152633472576 -164.26825871748102 -466.97746848770055
2011-10-15_14-27-34_559.jpg -0.006872936678893224 -0.15704182206726755 0.10961159115498967 0.9814662133500435 605.4498014669164 67.10372185757946 358.5668549838628
IMG_20140520_182803.jpg 0.0352499231997189 0.7164187942838931 0.04195752334767935 0.6955150036812693 148.0533429860235 -75.71937736432422 -703.5397082277855
IMG_20140521_135018.jpg 0.07922467091875914 0.6653949218742925 0.08077952666847193 0.7378670053152778 63.4378987300114 -161.23919231535675 -665.676256844698
IMG_20140521_135701.jpg 0.03600003576367305 0.7860120864727359 -0.028355332159566846 -0.616510318228261 -132.53628646055827 61.30341913411707 752.2787882859308
IMG_20140520_182826.jpg 0.03873845566408478 0.5478441889262237 0.054575708173067866 0.8338990159425409 441.521419733044 -82.06455489412436 -588.8263724316181
2011-10-13_15-23-34_531.jpg -0.0028238923315505858 -0.3681364125954465 0.09857780432880997 0.9245269189413392 518.5054916849278 58.78983209927297 534.5528407886153
IMG_20140521_135034.jpg 0.16658285723258848 0.659000708411342 0.15494116395633323 0.7169110500623024 44.15885787208969 -305.16521613895463 -601.405827782014
IMG_20140520_211430.jpg -0.004382363293843415 -0.05911467233494628 0.10253333643028885 0.9929618146369813 693.8126103375796 54.98174021048431 280.720311312342
IMG_20140520_182834.jpg 0.12028026824776045 0.985247332614128 -0.021267174947512672 -0.11986683409828533 -742.0035688238469 11.055964802002096 6.608713605333081
IMG_20140521_134810.jpg 0.08732381952137615 0.9820442589082181 -0.008533245618351335 -0.1670054125135598 -663.6341564519659 32.35692533222104 273.07283299328543
2011-10-13_15-23-45_574.jpg -0.01665325146882559 -0.549094440394307 0.07492318552022391 0.8322286230448224 254.58171552007659 79.90979547338752 692.9880244740245
