IMG_20161227_172439.jpg 0.07808198516137609 0.9824416137072562 0.009502593820280337 0.16917854462143977 -585.6113146109079 -53.0775735821025 -366.4850958902521
IMG_20161227_172448.jpg 0.11484686922016142 0.5573395436489382 0.15807057290489865 0.8069674861461505 384.47374261384067 -224.94497914874526 -534.5183743902609
IMG_20161227_172456.jpg 0.02511309200816465 0.8239408722084567 0.012321763858295148 0.5659849342955855 -97.53484072969397 -37.26497249640093 -692.8782345158569
IMG_20161227_172504.jpg -0.010781834736309608 -0.06428232934119897 0.12783360094010685 0.9896515066652879 658.6561287033327 65.96360711650615 236.852452499813
IMG_20161227_172513.jpg 0.09122262865099472 0.9950361071753033 -0.0023707136025740076 0.03969832687199168 -675.7340247636513 -30.88035800951214 -213.02484255290383
IMG_20161227_172517.jpg 0.12243910282608428 0.8894762649309477 -0.060421354550098394 -0.4361076703498402 -550.0307745927671 121.47608025617978 430.16916909930285
IMG_20161227_172529.jpg 0.09042954032392093 0.4928003610497182 0.17180917500479126 0.8482051106720854 491.1836941212295 -190.22794837182414 -483.0401119994429
IMG_20161227_172558.jpg 0.11559860461654714 0.9888027119095892 -0.0038422209354439006 0.09429420379446202 -669.7185483252347 -54.96336810547727 -317.7438280715451
IMG_20161227_172604.jpg 0.13125231893339392 0.7079525713607763 -0.12064994640330529 -0.6833883053661012 -217.94810067050867 246.70384431337146 666.0584244551719
IMG_20161227_172616.jpg 0.14357430206695654 0.8044406346592273 -0.08948363843321248 -0.5694333705955421 -425.8515990989485 197.3291381367979 586.3560343161766
IMG_20161227_172620.jpg 0.1310808389447139 0.9804755318344334 -0.024863999488997115 -0.14445527565632788 -750.9072883140472 13.567490829980748 21.8584031229762
IMG_20161227_172626.jpg 0.07643126760572763 0.8465055583052068 0.07096243553857293 0.5220641089301252 -168.0907688367175 -158.0777618774404 -720.7099663138594
IMG_20161227_172633.jpg 0.009814311304446141 -0.015840898661633202 0.15768646817699575 0.9873133864063006 723.2144475850821 48.84247288893335 207.74112725194104
IMG_20161227_172651.jpg 0.046570719813946705 0.4151538073868318 0.11013204501350414 0.9018588675227248 618.1987283761466 -101.45382504513994 -432.7811706683818
IMG_20161227_172658.jpg -0.08587294109299268 -0.6905879231125984 0.08925168217472813 0.7125645905235878 -157.0337398389658 182.44755582393196 721.1829426262993
IMG_20161227_172703.jpg -0.059768100499970826 -0.3984151773746824 0.1344986730059122 0.905319406375327 366.52696622306394 193.8379336557215 637.6315620450284
IMG_20161227_172723.jpg 0.08640997000455751 0.5272246531210063 0.11309196759354784 0.8377217253307124 472.21330268476817 -182.8722861951036 -580.7543125204193
IMG_20161227_172730.jpg -0.07862509849795336 -0.4136249982976082 0.2048311874981159 0.8836156626597339 361.9143877046987 280.85522682806504 621.2797506488656
IMG_20161227_172739.jpg 0.06486806493735005 0.7957877539001986 -0.05941418650028253 -0.5991526844939197 -367.81810266948344 124.20143154925482 668.1130379432792
IMG_20161227_172754.jpg -0.03289705826481643 -0.1207752237673104 0.17140626579495688 0.9772159540898349 695.9817768568181 129.4470752222147 310.2961558970237
IMG_20161227_172811.jpg 0.002754555486179081 0.2613030117799294 0.03883125834100333 0.9644715038996574 727.9751287492965 -10.635184035476835 -261.8959953950181
IMG_20161227_172831.jpg 0.12304552870365433 0.7934350387348578 0.0625528785572116 0.5927965709736014 -101.81870495743051 -205.42370047452428 -741.3096443629764
IMG_20161227_172836.jpg 0.18724763119435597 0.9496482208842985 0.02838981887979941 0.24960088014140056 -608.4390673852674 -158.22450061077117 -454.97650647751595
IMG_20161227_172901.jpg 0.1698717804310128 0.8624109022956706 -0.08729627297786374 -0.4687967305122121 -506.82404979456334 210.69539248600273 544.0950898375852
IMG_20161227_172905.jpg 0.16356705642790323 0.9849616543272411 0.007400247925721402 0.05515064720465522 -749.304935756832 -63.38174042712905 -180.60198338489698
IMG_20161227_173025.jpg -0.13434275764565978 -0.6320995425882173 0.1374893475073893 0.7506656186678052 119.40117873875523 283.067894336146 709.2660733373735
IMG_20161227_173032.jpg 0.07196279822419326 0.49137731795886846 0.11740345021682151 0.8599919284182147 397.81142502871313 -192.05794277305077 -635.1301115620234
IMG_20161227_173116.jpg 0.06211198263470973 0.8350821584584521 -0.052042552784032664 -0.5441244921314231 -326.9791987654092 107.21518485902888 659.330486033278
IMG_20161227_173123.jpg -0.03419174850937533 -0.2738600442018408 0.15937390914232236 0.9478562958636361 610.6524574648537 115.61644187524587 403.253750124056
IMG_20161227_173132.jpg 0.10654530099693402 0.9933049153647564 -0.0128491348270396 -0.04275913565407328 -736.2186985471203 12.304565527256269 29.14539349866249
IMG_20161227_173137.jpg 0.13505009776485696 0.8285933956597709 0.0770340524535543 0.5378291648147171 -271.1892884270747 -211.47688955673192 -651.8153209039118
IMG_20161227_173141.jpg 0.09919012239613226 0.8572481159550265 -0.06725017653685043 -0.5007638176489586 -389.0999991590827 148.5136475289064 606.7665384216803
IMG_20161227_173158.jpg 0.11501834764805208 0.9931442016788572 -0.00892163288438028 -0.01886210069566314 -731.3334050859155 -1.043446492397503 -23.193306761370703
IMG_20161227_173202.jpg 0.0817543215424526 0.947944654596915 0.016681837628751285 0.3073090936233381 -561.8916660719453 -72.45840403966525 -464.1666326065337
IMG_20161227_173206.jpg 0.07711051382209536 0.5078584913937094 0.10837733499329322 0.851109907495589 389.9563224170259 -176.10772407984163 -594.120993845973
IMG_20161227_173209.jpg -0.003465196081991287 0.030493865475498014 0.1485434642105317 0.9884295401417391 731.9941338128785 8.210095572706098 5.461897504434897
IMG_20161227_173326.jpg 0.02646304790081222 0.05569013203572515 0.15695092500409458 0.985679828052701 788.4145826247009 -70.25851495016546 -99.98819843286029
IMG_20161227_190424.jpg 0.20169398169169028 0.904020890991228 -0.0735014397986796 -0.36968000317612476 -528.4298430256649 226.4558344945021 529.8412856899336
IMG_20161227_190941.jpg 0.21293567983431827 0.5993196141079429 0.22467889732282614 0.7382369467161627 274.5722267736492 -386.1792570086115 -512.0476310274712
IMG_20161227_190948.jpg 0.08008961815465535 0.9955790556427044 -0.014560150806120133 0.04686148779035646 -666.4988535277191 -8.674508299097145 -211.33183832520797
IMG_20161227_190953.jpg 0.04508320998145399 0.8115312268663671 0.01770559001737027 0.582298105853586 -79.86409784058536 -62.864611165223906 -692.7079352702617
IMG_20161227_191024.jpg 0.19759081039400492 0.7459348764715231 0.13054321143510772 0.6224929731807916 -11.763613412292578 -327.44624013310096 -634.9012234436847
IMG_20161227_191029.jpg 0.05930861321231907 0.5379861210109655 0.0655760039961329 0.8383037693451613 405.50910728207424 -115.50475666718904 -577.500735166304
IMG_20161227_191046.jpg 0.19834782805293827 0.8275650832230843 0.11396518047980955 0.5126461838099031 -215.55543805256625 -305.06445136135943 -617.2636434884738
IMG_20161227_191052.jpg 0.33235821129147874 0.9429847715995182 -0.008393300197074965 -0.01572553434177727 -715.5467846366411 -55.23711157058886 -72.37787186085156
IMG_20161227_191109.jpg 0.00787248082859196 0.1757975897371891 0.07293516568567829 0.9816892039207727 713.2952781194615 -18.195642797442336 -146.17327493782298
IMG_20161227_191118.jpg 0.01239500835253429 0.42477986740115276 0.052568971495668505 0.9036840881937045 555.3778695643314 -41.7068990282073 -484.88175910607197
IMG_20161227_191129.jpg 0.33317726836095035 0.9377524343978962 -0.03121609462470806 -0.0929453337437483 -731.3341553404424 20.200432104326364 34.64074193019377
IMG_20161227_191143.jpg 0.29749003068559976 0.9439093250569037 -0.0030060694485840676 0.14326838890617435 -676.9628859252085 -119.1957291745929 -277.70750440713897
IMG_20161227_191152.jpg 0.01613059709101484 0.30889961194974447 0.06268151133487354 0.948889804830656 653.8735794089263 -43.855788043274764 -347.2695889250458
IMG_20161227_191156.jpg 0.002587808054397739 0.02211851326016178 0.08163148381620638 0.9964137571664684 738.222218306423 6.012729905638867 68.34933202702825
IMG_20161227_191215.jpg 0.24372188244778167 0.906780727732468 -0.08519282948058426 -0.3333024716892717 -642.2043499023057 192.25493842827353 351.6200733756335
IMG_20161227_191228.jpg 0.17291891349886912 0.9404924887973041 -0.043687495694121364 -0.2892478705024445 -687.2350487362844 101.68381470657613 317.8814358367464
IMG_20161227_191239.jpg 0.13614168725862683 0.9569587623904521 0.014275632568800952 0.25591321651933235 -606.8297866374819 -105.38364466664154 -460.057314629441
IMG_20161227_191254.jpg 0.09576737272584711 0.8986008185984007 -0.03007208065862495 -0.427130950763737 -560.3906504647953 82.7801591135943 508.4689820785288
IMG_20161227_191326.jpg 0.08102812635054024 0.5635302159693232 0.06369264838525208 0.8196410098154934 340.3225494942631 -154.64004061205233 -644.4616891298008
IMG_20161227_191341.jpg -0.039245923491828726 -0.344427601960616 0.10824383265533898 0.9317256340731513 510.6322132117003 116.81922528014287 519.921496430702
IMG_20161227_191347.jpg -0.0031481891891857053 -0.03620725872763603 0.11114749322697517 0.993139143357877 727.7324572271705 21.87042040009899 124.17472641983548
IMG_20161227_191355.jpg 0.04069308017022364 0.3279612425474625 0.07056211450174031 0.9411729302365357 615.0937733321317 -87.21071807852043 -392.0995858194175
IMG_20161227_191402.jpg 0.20578943959847049 0.977978588533503 -0.0076035205607205315 0.03392305108399901 -724.6498274459923 -31.982741326670535 -112.97549455592737
IMG_20161227_191414.jpg 0.11587940732525306 0.9921768241857982 -0.008240173210038348 -0.04570789922978696 -728.8730934833383 -0.93853564594982 -2.803313421067439
IMG_20161227_191422.jpg 0.03893471560223051 0.2630932565299424 0.10214107514061274 0.9585578892579013 655.8316358749464 -85.32989055813368 -299.7853465283209
IMG_20161227_191533.jpg 0.034089729016148575 0.3858969863867822 0.046952404622507986 0.9207154163873706 481.71636604642316 -64.38698197504095 -422.08172686158304
IMG_20161227_191546.jpg 0.05680371207567087 0.9090159712178326 0.012753275008062653 0.4126750008685931 -395.24114340308967 -52.25921023017911 -504.61422902357924
IMG_20161227_191555.jpg 0.09764284489033273 0.5751095178575417 0.11171654000519038 0.8045087519726911 235.1004246796223 -185.46348457646485 -570.1447154114935
IMG_20161227_191611.jpg 0.049200104707614274 0.4926523763666888 0.06818128608261105 0.8661548926058978 341.3234230675567 -102.12543518775169 -538.8826610217897
IMG_20161227_191631.jpg 0.25502010281676973 0.44977247078550747 -0.04809053946431228 0.8546091338716525 288.9985116758101 -257.9068843512177 -516.1297335746873
IMG_20161227_191640.jpg 0.10880562686719657 0.6757129057082727 0.10113326501253733 0.7220425661477464 35.63484807266605 -198.97980701582074 -626.4394456620839
IMG_20161227_191658.jpg 0.04830015937931724 0.5405414903245316 0.05493071336222474 0.8381316176897184 253.1326468434727 -96.89663878131195 -586.5471441706719
IMG_20161227_191704.jpg 0.07569871817199866 0.901378718458371 0.027943489959285826 0.425447142834872 -420.871423201213 -78.31595838127826 -483.54496652361627
IMG_20161227_191720.jpg 0.060265652165525964 0.6069869241017571 0.06160222571902706 0.7900253735956929 140.91599029073228 -115.98264125372577 -617.5443825911061
IMG_20161227_191723.jpg 0.10703915466263877 0.8054442490607756 0.07147731926262575 0.5785267270014933 -229.01201842097598 -157.4809170183175 -580.8765833439317
IMG_20161227_191752.jpg 0.4315944597951724 -0.44988362356429906 0.12659177622227763 0.7715604122268445 25.667073447651507 -332.69866330578344 853.4269664733647
IMG_20161227_191759.jpg 0.09928550106469611 0.8080438781280564 0.07061987286927596 0.5763855600672433 -224.72811912688965 -158.0082977066556 -608.7846636590772
IMG_20161227_191808.jpg 0.06578281466894577 0.506583937728421 0.10003399839850931 0.8538375340158135 315.9249216173383 -151.23769357610846 -576.8329822769387
IMG_20161227_191819.jpg -0.05215280581308854 -0.43182135497793966 0.11135018786221028 0.8935387724625549 428.0677934163983 121.20651759838283 514.8608828727673
IMG_20161227_191825.jpg 0.1285761117765025 0.9052070256685022 -0.05972532903588801 -0.4006261464662223 -452.52230042547296 138.77639739218804 490.309678033436
IMG_20161227_191835.jpg 0.23530508983441267 0.6696199223097596 0.2194331002824864 0.669395091739032 -13.890360659575116 -424.83376792880705 -542.2318910032054
IMG_20161227_191843.jpg 0.1397674701033722 0.8995023838764029 0.04503793186782488 0.41149981821944986 -464.70485126276037 -140.47990350740346 -495.44073122981223
IMG_20161227_191905.jpg -0.02663493579489753 -0.44610617609248304 0.06293489521282512 0.8923671098891396 424.86528146879544 64.847771450979 553.1305508187321
IMG_20161227_191920.jpg 0.15156125707342868 0.9143378915832595 0.04469544466939941 0.37285080473992044 -515.7799789869973 -140.06946282042796 -457.0625656218059
IMG_20161227_191954.jpg 0.031035604585135976 0.4152210165198963 0.043452499312303626 0.9081520682086969 440.7594796968224 -72.66091584467625 -550.7564893583988
IMG_20161227_192015.jpg 0.3039677395262371 0.944017365507358 0.011910938639555361 0.12764386584783802 -701.4456271037343 -53.633221191471414 -130.3229742872188
IMG_20161227_192026.jpg -0.27378595443153997 -0.17618108156867684 0.9452730848949344 -0.021453965286535818 259.2868947179575 454.5012492960255 709.6202453076341
IMG_20161227_192030.jpg -0.014133759727800637 0.3748596849016358 -0.00810473750986768 0.9269383834437429 656.5378168771814 39.63415089532777 -244.17933881709615
IMG_20161227_192112.jpg 0.10183782397233249 0.7331922328536136 0.07003575089089072 0.6686951479477492 -128.9921629560101 -182.38301467160994 -720.0162382485203
IMG_20161227_192139.jpg 0.28061670532745775 0.9396579910014865 -0.07571493251369027 -0.18045601578407036 -697.8540995593653 205.39186582170208 270.3590132709637
IMG_20161227_192148.jpg 0.08071298866066187 0.509802118755168 0.13907477305292051 0.8451304163704471 325.7363926649679 -230.61600981325142 -669.7207884006203
IMG_20161227_192153.jpg -0.04487380687893676 -0.3571449914036865 0.12738661329852563 0.9242328966898897 605.3483150685845 118.89878370932098 475.94179849810325
IMG_20161227_192201.jpg 0.23562297873347046 0.9008182471873254 -0.10832530691821561 -0.348244059975465 -542.5218099419346 287.7166158222621 480.01157044848117
IMG_20161227_192213.jpg 0.22928563824477038 0.8960806890824995 -0.09441643735252482 -0.36817527226278857 -526.0402462790528 271.63503443774323 511.9160781520973
IMG_20161227_192220.jpg 0.09860634574276311 0.6153770054525234 0.11661444842014014 0.773297484904231 133.7531699652924 -241.59992593238726 -733.2953884100364
IMG_20161227_192300.jpg 0.19333981968039984 0.8243905100064042 -0.14058189089044965 -0.5130660124106814 -263.49998849937015 321.97343273536177 613.7230007322815
IMG_20161227_192304.jpg 0.09242056608111844 0.8662374304114988 -0.03014920423593313 -0.4900838485435627 -358.46377139512305 123.34166672867816 673.4926218737191
IMG_20161227_192316.jpg -0.014888587148942476 0.7924186206388346 -0.026072699985870595 0.6092382735457467 -183.92187052578674 61.59156626545279 -580.5545385377719
IMG_20161227_192330.jpg 0.044511740087040924 0.877396325100672 0.3229345188978373 0.3520052417201794 -393.2441101581727 -416.34980987248446 -83.32875232532001
IMG_20161227_192344.jpg 0.1138610138850589 0.9383375515537637 -0.03912040033073223 -0.324080087538741 -512.9875161582925 109.6851026383626 478.9022210008368
IMG_20161227_192354.jpg 0.22649614184320715 0.9119394739526511 0.04273108668679023 0.33947009854723476 -590.9453697179881 -144.48199653013017 -375.9437555443304
IMG_20140520_182846.jpg 0.003494372394911216 0.03504400225910814 0.13155161640098972 0.9906835415456927 736.0936424756167 32.858185745470365 117.1020502669646
IMG_20140520_211432.jpg 0.0012409763802921575 -0.0554651113545428 0.09632873566656289 0.9938022218152528 695.9807022278434 43.72527673875353 276.98480083415876
IMG_20140521_135037.jpg 0.07681425726460502 0.8186948365209888 0.0597139788318655 0.5659262984407296 -244.2570257657977 -130.7444739566838 -616.1901910350779
IMG_20140521_135047.jpg 0.11175854726822461 0.8905540831999361 -0.053069430279768896 -0.4377294684827571 -405.2924252788008 124.03644061486015 520.9495206749307
IMG_20140521_134943.jpg -0.040058904933618626 -0.6475000252119236 0.05405432710283111 0.7590896727051016 122.91798924830826 84.38134907372627 687.5270440409683
IMG_20140521_135321.jpg 0.061773325448497035 0.5490508168012775 0.07665350139015763 0.8299707811468503 233.70851001719095 -127.22312568962688 -587.588946400885
IMG_20140521_135225.jpg 0.06517381633130406 0.4935666798088673 0.10206047998173923 0.8612363001367048 344.2393843318427 -138.6891252253333 -526.2043648461419
IMG_20140520_211801.jpg 0.016462177257492976 0.27116217540245535 0.09341372043237584 0.9578486040006178 728.7829202707329 -32.9864084517988 -244.1751778499177
2011-12-17_14-28-15_257.jpg 0.06079560664459501 0.8440006301901667 0.027906704135476613 0.5321541565332474 -284.87523654197616 -75.68145665084825 -565.3712816074516
IMG_20140520_182958.jpg 0.0034023228057583825 0.15816746096448128 0.029446559029354433 0.9869672632123646 756.5577303353813 -1.4518772996037423 -44.060321629019256
IMG_20140521_135040.jpg 0.04694227477009991 0.4403099392717492 0.08773196319798682 0.8923153494428661 404.97223100160176 -115.94595592306442 -528.2746016307563
IMG_20140521_134826.jpg 0.060071223198427844 0.6776816786685766 0.00040531189811281274 0.7328975550939237 9.63163008936616 -66.10674647255088 -711.1394872221189
IMG_20140520_183007.jpg 0.01144998231449452 0.3795513100858898 0.032765854187500144 0.9245193885021808 658.2164645787936 -24.354428726875724 -375.4080074912089
IMG_20140520_182943.jpg -0.013082217445642074 -0.18275141753166535 0.08686759911857202 0.9792266311739317 613.7817451862367 73.18196435542663 438.77729935341074
IMG_20140520_211910.jpg 0.008513998477835932 0.3681968166357795 0.011283236189991505 0.9296404168442108 650.5678085584613 -18.329156659575847 -423.25105543833007
IMG_20140521_135650.jpg 0.09422592876975155 0.9906706670299268 -0.008233303072914798 0.09810869764943138 -755.2523851744227 0.4785079092604671 -96.15110666917157
2011-10-13_15-24-05_816.jpg 0.11389039388173779 0.27974018391210453 0.16594317310857676 0.9387423879770956 629.2861767070541 -219.32339782555576 -319.43965364266865
2011-12-17_14-29-11_706.jpg 0.09651736922570249 0.8182662442350384 0.03177808237982452 0.5657869779903877 -299.25136726909415 -110.29457824380272 -607.9733489258158
IMG_20140521_134821.jpg 0.20047659194684672 0.851953555882101 0.08629625245105728 0.475959275058407 -414.8790524389565 -236.93640132268456 -531.729197407609
IMG_20140520_211723.jpg -0.054385414681044617 -0.6811069121223774 0.051018092934507694 0.7283767947445995 -134.98795587895108 109.01199013796601 739.9191035735505
2011-12-17_15-01-35_152.jpg -0.0833824658188454 -0.660968035846346 0.10712076606761183 0.7380337129565828 50.84198284667718 189.7904188337159 708.5636182581583
IMG_20140520_182904.jpg 0.023975005851095063 0.48321671870421395 0.054209339563992626 0.8734919286193827 539.8904968393916 -56.857785965782675 -521.8025295824044
IMG_20140520_182849.jpg -0.03464841887235768 -0.326839603666052 0.07930304012199733 0.9411091267076693 461.4594126961055 106.32650254620538 576.4268492270608
IMG_20140521_134925.jpg 0.11435986502979671 0.9842397023526505 -0.011873587492200032 -0.13436162957927414 -678.1732622312771 36.64371262895811 209.8941064602805
2011-12-17_14-50-43_241.jpg 0.24183462722336393 0.9549735547808524 -0.04871152130815009 -0.164829337306209 -673.1733575715474 143.13159570271634 260.2092519201906
IMG_20140521_134908.jpg 0.3865707155746051 0.892269972430203 0.06903981974967374 0.22282477745635668 -643.092951977672 -188.51696555295658 -215.14982021078157
IMG_20140521_135013.jpg 0.2648931166019301 0.6300836160671499 0.2714970498152776 0.6775807151050437 38.55338661378958 -487.9237063949763 -484.5432210098065
2011-12-29_15-31-46_760.jpg 0.03651014151809848 0.338579364495647 0.09006565067012827 0.9359055518979567 694.3189575501683 -72.4813249352991 -340.4046723610011
IMG_20130302_145312.jpg 0.01404591359129733 0.7362159466466689 0.006588779250896328 0.6765688288729522 103.73648248125004 -22.24179876308848 -711.1580532497543
IMG_20140520_183040.jpg 0.12285876142502865 0.9474097374443029 -0.05161411344030799 -0.2909578963193743 -714.314315389134 81.04480883952714 229.94972886529376
2011-12-17_14-53-09_639.jpg 0.09406712379875605 0.8525935477023304 -0.061728573960610614 -0.5103187256934377 -328.8393006415523 154.27079884343937 695.6827457768327
2011-12-17_14-53-55_436.jpg 0.1026033657091586 0.9702855330550398 -0.03600123289157796 -0.21615375296195202 -708.6768576746534 87.65464031727801 352.8938033764179
IMG_20140521_134950.jpg 0.23988131050277173 0.8718521428074278 0.09810301050393255 0.4155798326238106 -452.715325841669 -261.2381821904182 -463.6008574380888
2011-12-17_14-50-59_577.jpg 0.14219626537531804 0.9810865501026287 -0.010150401734489336 0.13094415857785366 -728.5209387876922 -3.260662653492603 -133.22549112444807
2011-10-13_15-26-30_438.jpg 0.03360174984579125 0.2932830599906877 0.013430030995654011 0.9553405693244981 543.2434303551512 -50.2012105044625 -336.8681903505836
IMG_20140520_182925.jpg 0.0546779199448157 0.7355816977794739 -0.04876533145331141 -0.673462570163052 -246.79593349533528 103.17660893568235 706.488052347767
2011-12-17_15-02-30_957.jpg 0.00437672998927229 0.012811511932877271 0.08133716024505264 0.9965946898111915 729.2032819833256 -3.9241446934699815 37.57166588395566
2011-12-17_14-55-12_175.jpg 0.21192246988536736 0.9393309783325339 0.014120588137683635 0.2693451111365796 -686.1910278381315 -107.83665051876433 -370.214285814821
2012-02-11_15-54-04_6.jpg 0.20367562173965015 0.9341669064743898 -0.0474810930890995 -0.28912623152543543 -692.7607153656987 118.6898531744062 325.96440045116566
2011-10-13_15-28-19_661.jpg 0.09382891388436644 0.6306543600732784 0.05264426172491095 0.7685699673727062 267.3568286498334 -144.2078414598183 -605.0999627103091
IMG_20130210_165919.jpg 0.1192976460541543 0.5191558256408285 0.004975893192123938 0.8462981394497263 421.14702934111136 -169.24852630437556 -604.1261462917818
IMG_20140521_134324.jpg 0.0596542472028313 0.9179059501893905 -0.02361618205328453 -0.39157670173645726 -530.9502919860237 59.604589285660744 537.6124104221719
2012-02-11_15-05-20_118.jpg 0.03860339347723446 0.14516722845197969 0.04929963433295764 0.9874238197705429 769.6437010172687 -57.23184318722928 -73.78734587472934
2011-10-13_15-26-38_609.jpg 0.12934855796054873 0.7285149325113557 0.06894977637469135 0.669164308671183 -34.72833437088607 -181.91800675066543 -614.5764622825727
IMG_20140520_211951.jpg 0.00542736087319072 -0.11919084858563807 0.07862545414957281 0.9897384115649756 716.8724163577174 22.9402560633352 302.3149801285952
IMG_20140520_183030.jpg -0.00012314733055063829 -0.023290639365569524 0.12405847706174086 0.9920015248082028 717.1868092720946 53.07226965950601 228.73584856179343
2011-10-01_14-36-23_370.jpg -0.2507714165798479 0.958137028125981 -0.018502761463367857 0.13691157649621627 -639.8786646152404 92.89908695956345 -12.702307918471945
2011-10-13_15-24-55_789.jpg 0.047312194461816566 0.17423821313803567 0.06966435685117421 0.9810960598851594 699.0239932394473 -81.0216833392368 -175.61662884694465
2012-02-11_16-05-30_275.jpg 0.13884413015833286 0.8801301151196478 -0.08762439755871283 -0.44543827061953756 -556.7901143363437 166.64130838024678 437.25883118942465
IMG_20140520_183033.jpg -0.019499084035874907 -0.24717994506154678 0.07314692598587327 0.9660079646151737 541.4086235007981 79.04519780385546 519.7999440651648
2011-12-17_15-02-21_722.jpg 0.08761640008061049 0.44263234554252495 0.10066228074695786 0.8867170227029915 476.4194741918812 -177.5967755567027 -524.6167193746173
IMG_20140520_183130.jpg -0.01951668800103972 -0.2142745285980157 0.058035845400030005 0.97485248419044 584.1509232092126 69.46057477320505 506.95456800903
IMG_20130210_165751.jpg 0.032372895743626104 0.5678009516271695 0.02450351370720904 0.8221640060039446 202.00703988989002 -58.81217370155391 -612.4656001746911
IMG_20140520_211943.jpg 0.0089990268658652 0.45331038043474725 0.021391645446753486 0.8910505675945964 556.0245654213821 -25.99405611245917 -544.5811256442049
IMG_20140520_183020.jpg -0.08589457027526022 -0.694313612539694 0.07710779912249437 0.7103556275231392 -182.70913144832025 164.16968135404912 714.9125650348074
IMG_20130302_145337.jpg 0.12151463570702775 0.4694658169498789 0.2306791672140851 0.8435775968089643 498.503734182388 -249.82642723650932 -440.77395878329764
2011-12-17_14-53-47_244.jpg 0.06438486861102759 0.9721099152657413 -0.07136437285947617 -0.21392528514027714 -705.3329573594979 127.19341017876377 349.7810843206503
2011-12-17_14-54-02_921.jpg 0.07023318166480622 0.7022633911463249 -0.09059846292744474 -0.7026274604398027 28.377669995931388 171.0338713212214 776.7227008496928
IMG_20140521_135837.jpg -0.06134071412679747 -0.663318562544199 0.07288057606468412 0.7422494344943568 127.44463842368458 140.00202547676255 771.8882758497292
IMG_20161227_160049.jpg -0.09282035654831622 -0.6783488525067214 0.09756312591246924 0.7222940205866623 -149.57363726191713 195.49246020555947 710.5672854783137
IMG_20161227_160059.jpg 0.015443272437758525 -0.00623202288606989 0.1794990335535668 0.9836171837562091 724.3023509509435 47.1707829271263 193.94846583484792
IMG_20161227_160208.jpg -0.06324010369366838 -0.6451433356125069 0.08816877228815434 0.7563180768650066 -40.03284044902497 169.264955221927 767.8120748737101
IMG_20161227_160401.jpg -0.003906309169567189 -0.05481553833459981 0.1476998331380251 0.9875043072294719 727.8539362937931 34.60402511313151 151.09239966647175
IMG_20161227_160415.jpg 0.15982280748862632 0.982014268174669 -0.016263440442300547 -0.09919751918673471 -739.4562954987173 20.746946556669986 77.09519349124741
IMG_20161227_160457.jpg 0.09169354093752792 0.652398765657887 0.08062752510655169 0.7479754991399088 139.69976298843673 -181.26239924209497 -689.8863754935411
IMG_20161227_160507.jpg -0.008555141321530194 -0.03201878178378877 0.17211525661231253 0.984519144359991 720.5329757209985 29.879170232631672 86.88657501275883
IMG_20130210_165237.jpg 0.02000888820380948 0.6275649722105692 -0.03805318917498533 0.7773762312039181 103.67123628589407 13.344478416950276 -712.3414306497946
IMG_20130210_165320.jpg -0.01902083780100114 0.9730796588919143 -0.007714403687589056 0.2295532033230835 -646.8197313684652 8.550446533527207 -291.3819231226292
IMG_20130210_165400.jpg -0.04956012618690904 -0.5743513919634171 0.05505295850340021 0.8152505407554446 246.15252438831246 93.38633366638284 649.7721289481594
IMG_20140521_133240.jpg 0.05885444269929697 0.9462802215614399 0.020217058398059307 0.3173029583945263 -467.321611224209 -74.744280062378 -586.9982682759215
2012-02-18_13-08-53_664.jpg 0.1686010768612282 0.9729780289824335 -0.054260019234100926 -0.14813265106453655 -684.6224953752403 126.48847206315519 255.89243478721338
IMG_20140521_135713.jpg 0.04608235234848995 0.18134059728017202 0.18989861329787278 0.9638104176899347 699.6189669182323 -145.83122464052974 -295.17889930426924
IMG_20130210_165902.jpg 0.1046243824482967 0.9880143159830974 -0.01179780463869027 -0.11288162744872274 -646.5905297526489 36.56421000249149 206.39780205424458
IMG_20130210_170019.jpg 0.18528583425110481 0.9780148210161054 -0.03570401288900574 -0.08877720970119256 -714.6337742717205 90.42102208250601 177.2708472843495
IMG_20140520_183116.jpg -0.020915636095374758 -0.6386229191659021 0.04716815387676949 0.767788036207002 -76.69514623509512 77.83892743661335 767.8894525319432
IMG_20140520_183109.jpg 0.04421393427775117 0.48365079169415287 0.05934132106865866 0.8721270820947646 577.3721927747956 -87.79356356748767 -510.06658943891665
IMG_20140521_134750.jpg 0.358824525903997 0.9018164967504206 0.05909712645553628 0.23340843053169483 -662.3382663766239 -178.70990517542543 -243.37114094589583
IMG_20140521_134922.jpg -0.04988641890498479 0.9295995236612116 -0.01867149604438133 0.36470185913037234 -537.3414492905121 41.18515976025187 -463.6301324932053
IMG_20130210_164118.jpg 0.27768391703261225 0.9478250087266783 -0.03352895415125844 -0.1529549093269653 -746.2643868804992 51.95926295070554 118.46969780003447
IMG_20140521_134126.jpg 0.05031538816189628 0.26394263008296204 0.14109936275899113 0.9528345184595346 651.0981886634734 -122.47252801434792 -328.22987683133766
IMG_20130210_165428.jpg 0.258630200896778 0.6925361432255066 0.20791160567685335 0.6405285893192472 -74.56619043912733 -431.40132508244835 -532.6555262504962
2012-01-28_14-40-22_205.jpg -0.04140403945697056 -0.672138876819163 0.0750173864381578 0.7354504929068362 -118.23561141079904 128.07760906775266 734.5611685289252
IMG_20130210_164129.jpg 0.38633555786978235 0.8943430122047076 0.04907519402157488 0.22019772609588695 -619.076753700831 -268.3278334215694 -329.51200283627855
IMG_20140521_135601.jpg 0.2132803670473359 0.9116650516052704 0.0406149080133072 0.3488964716943757 -588.5840109030036 -144.01738806806853 -399.29602800060945
IMG_20130210_164053.jpg 0.0014806881542488064 0.15926553233362345 0.05454531359904713 0.9857266895734638 758.6150764445612 -7.651540199024139 -135.30248307623606
IMG_20130210_165216.jpg 0.3530069742162953 0.907957853035774 0.036150936613224556 0.22291640371966867 -672.0187179061754 -141.76338528189564 -243.6851087234284
IMG_20140520_211426.jpg 0.04503404674583939 0.5891788828755645 0.05817544546388174 0.804646379568239 410.85023203759255 -94.85829211100162 -620.510357236399
IMG_20140520_182639.jpg 0.0014660289454692334 0.9908521579546153 0.07680047130640005 0.11095737669451268 -607.1251312054355 -97.6240830755812 -281.0939503905218
IMG_20130210_165246.jpg 0.04469091705312356 0.9676087778590949 -0.015713739207854516 -0.24796986378002864 -610.2975005523131 33.50548445612818 380.19087573860674
IMG_20130210_165314.jpg 0.4071676100061692 0.9046280653557047 0.013977376837407515 0.12516882067593366 -694.6325095358005 -73.21766414956868 -128.63912934796954
IMG_20130210_165344.jpg 0.08511519085775845 0.9782170722499419 0.009704199962720473 0.1890835591665309 -662.0059914004347 -40.56927092815536 -243.29625413166806
IMG_20130210_165420.jpg 0.06990815559073225 0.778943905325888 -0.05707731489881576 -0.6205654053051115 -144.50282699099128 115.12470643025837 668.3650330879276
IMG_20130210_165444.jpg -0.06080344440258106 -0.44840890961478086 0.11175926460010599 0.884727222200667 403.202118498794 133.22651502278077 525.1311676585522
IMG_20130210_165507.jpg 0.024910213411118515 0.6911942938419211 0.02473005212586251 0.7218160111482926 21.945789975678487 -53.131621191972144 -666.3550422277266
IMG_20130302_145414.jpg 0.3405407514401285 0.6888882957457928 0.28391137969427116 0.5734625018893091 3.2395345106051776 -563.5336058585013 -431.308686486392
IMG_20130210_164001.jpg 0.002661486923008944 0.25996483710066276 0.03220057014582439 0.9650773664535235 737.1367342097774 -13.460173613334568 -286.21526503048835
IMG_20130210_165836.jpg 0.10908412356358481 0.7529789961553562 0.061788900004697306 0.6459918089042972 -155.06526511242944 -158.28582709976317 -630.0115314122971
IMG_20130210_164036.jpg 0.20378635033501583 0.9427512203511293 0.02790305444098875 0.26251224637424764 -600.9478283551766 -168.17806491677703 -458.9342417359466
IMG_20140521_135520.jpg 0.1594445927813425 0.8305199926953586 0.07399718757111537 0.5285247201386682 -363.00194336539226 -199.12219321614702 -570.7430273946813
IMG_20130210_164048.jpg -0.003918618011752093 0.13234924070332219 0.053581315171651996 0.9897461116784488 764.9752553231218 2.985997525116392 -94.1397664549569
IMG_20130210_164100.jpg 0.18294503604208204 0.8574107720454083 -0.117878402186807 -0.4663502589963291 -499.6216808541366 257.2067036386562 521.4716891494154
IMG_20130210_164110.jpg 0.08739855735967333 0.7438032052282236 0.05845242258104958 0.6600769639656239 15.596535718997812 -162.16389568605697 -744.1666564161798
2011-12-17_14-53-36_335.jpg 0.5078348932974921 -0.6222905351708367 -0.2634125396660654 0.5342958402729635 -353.76960669466496 -664.6517588865443 859.8061666244844
IMG_20130210_164155.jpg 0.001170533431722567 0.3016522744463953 0.05243162852746718 0.9519745057000004 672.858143228742 -15.161308704178099 -329.7915058010134
IMG_20140521_135611.jpg -0.13287719179534258 -0.24441539930745304 0.028852061491974237 0.9600897473828296 571.1515262647118 247.52769954318902 624.5779665858329
2012-02-11_16-06-24_189.jpg 0.08191873797409137 0.9964152253587724 -0.018752454133499716 0.00971413948477667 -684.7312136035821 -0.8912967486674661 -171.37880742442655
IMG_20130210_163939.jpg 0.06026718614811528 0.6494416209699231 0.04841938076000144 0.7564714210018552 240.44545857985202 -121.49701725799227 -730.1356345362035
IMG_20140520_211815.jpg 0.07780114052112617 0.9760600732760946 0.009793534601587682 0.20287385876421968 -624.4513188077926 -63.17368344052096 -447.60379472273166
2012-02-11_15-56-27_505.jpg 0.05154118470645624 0.9765468847203423 -0.0018173484898885677 0.2090368040956339 -588.3757682231076 -32.55331652741834 -465.6395335713137
2012-01-01_10-59-45_309.jpg 0.021614823055145265 0.2040108068631316 0.07897311552818 0.9755386394864743 728.1087625304015 -26.233661831812988 -110.3317686016052
IMG_20130210_163933.jpg 0.2119397448846928 0.9761993294672232 -0.018198374630345116 0.04225201589000124 -753.5687802469797 -42.170741575885806 -185.0760240577607
IMG_20130210_163921.jpg 0.07058400135122435 0.905506933952402 -0.031629104005993905 -0.41722259178662524 -601.8417164075732 73.66408661717117 493.07240068248296
IMG_20130210_164016.jpg 0.17718865765195 0.7510902077021878 -0.15037912560568353 -0.617943199716167 -269.4306988001486 335.56843059202305 667.0772562534261
IMG_20130210_163913.jpg 0.32735699815308283 0.7951226997327394 -0.24299320794750603 -0.4489672471587461 -483.34542476091144 482.4414909833394 378.4854509047714
IMG_20130210_163904.jpg -0.0015693052320711442 -0.10830612048577949 0.08459807003817921 0.9905102160463686 722.3015836661665 36.47635769405001 292.91184525943254
2011-12-30_15-18-52_399.jpg 0.11654017704390511 0.6746831595299838 0.08224353806837177 0.7241940498424515 88.7747826067327 -211.40549123934304 -694.5582289935837
IMG_20130210_163855.jpg 0.008306354615153498 0.30693712633588327 0.00470537172081267 0.9516819134703808 702.4797876592087 -15.617597909083823 -335.6189044610836
IMG_20130210_163846.jpg -0.010739719667218995 0.04288030501550653 0.059944524809591004 0.9972224384803018 773.7953889838104 28.654860440905345 77.25457655682341
IMG_20130210_163818.jpg 0.058413892414658455 0.5075767104888331 0.0857615972525241 0.855335401219311 497.7724473121476 -126.39733705390923 -566.8874223673548
2012-02-11_15-53-21_857.jpg 0.10370239586860408 0.96449624250365 -0.05186861155232879 -0.23728139080654054 -705.4023219133342 99.25092609407183 303.320707278549
IMG_20130210_163801.jpg 0.005894925145543887 0.20504018607135233 0.04368420842711322 0.9777604317456559 754.9218643300125 -10.1674441930384 -161.00773765472775
2012-02-11_15-53-01_240.jpg 0.0987118679933606 0.9864329249524085 -0.02032700906362921 -0.12958728483005302 -754.4084716618586 38.32174121938936 173.94854245501227
IMG_20140521_135412.jpg 0.1541610584953809 0.6919191017961088 0.1084938302531266 0.6969299917568877 -51.70758931822461 -246.01891363427907 -617.0727056040612
2012-01-15_12-41-51_416.jpg 0.04885171285653472 0.9147994372100752 -0.04097845230072307 -0.3988436614491313 -627.6070428769846 75.90760761174401 436.4799854715116
IMG_20140521_134219.jpg 0.00578729780975418 0.06904087705871675 0.09757991895590748 0.9928131868058478 736.4607634297463 -19.9408004336578 -74.07755293148533
IMG_20140521_134146.jpg 0.05690654071536914 0.36005650977596737 0.1359107770976108 0.9212215890112879 559.0000815459754 -147.30097413800746 -449.5410241381142
IMG_20161227_162934.jpg 0.15886404327664805 0.6876505390411891 0.13778958333135985 0.6949194072952115 -5.688355161993175 -278.3126452624845 -604.2143718244561
IMG_20161227_160409.jpg -0.05865623112309107 -0.41848463007934616 0.09999980235661382 0.9007941498846588 422.5556411059552 144.64814999657915 594.1327370410123
IMG_20130210_165452.jpg 0.038595309682900314 0.5351875450969839 0.06359198703749963 0.8414515748563118 279.67988873375566 -95.98893260616313 -603.2491533109461
IMG_20130210_165302.jpg 0.15008465125194337 0.8322431650221943 0.07004383525199763 0.5290933498690131 -341.9095488802283 -197.1901955600811 -597.4783215599667
IMG_20130210_163951.jpg 0.09272932186587278 0.8560224448636006 0.04459237947542932 0.5065948740845675 -267.5006187900556 -148.88580303004073 -720.621997552025
IMG_20140521_134023.jpg -0.09317724329571715 -0.6094446621682142 0.12852262555026536 0.7767735447401307 112.1654356112003 221.91959504527298 692.7740315266116
IMG_20161227_163204.jpg 0.13040932752630638 0.7694774935031993 0.11018719355676047 0.6154320244042024 -115.7607349854562 -219.0279102213859 -597.5443534445634
IMG_20161227_162953.jpg -0.43310294771673635 0.5512751824391189 0.3241616807941286 0.6351666825412962 141.58423341027597 196.4215104674788 -98.44034411067815
IMG_20140521_134151.jpg -0.012895306263628978 -0.044806775343297134 0.2666498076336217 0.9626650217228504 725.1046530190632 46.97917196287806 88.62628632699379
IMG_20130210_164206.jpg 0.11525287118933836 0.9589930969519361 0.010985582285733967 0.2587051075317072 -578.8165764865486 -85.88399900364304 -459.7777907657512
IMG_20130210_164238.jpg 0.036255539678223155 0.6333866845314998 0.02103259611550694 0.772699471723307 252.70973495028792 -62.53171662227083 -678.065043802002
IMG_20140521_134202.jpg 0.06950436725726938 0.98988138372944 0.002169268156406913 0.12369027186372117 -703.0858221321377 -25.991139195988108 -207.79774731946966
IMG_20130210_164244.jpg 0.3033905309124752 0.8094878570762305 0.12973969299006013 0.4856451452054509 -254.68504541969264 -405.4062786528349 -546.3297999061301
IMG_20140521_134209.jpg 0.08482026705522401 0.8655344736791833 0.04345598084000895 0.49169825594444855 -353.8360961927124 -125.93768362917868 -634.4209653190637
IMG_20140521_134213.jpg 0.05869594477164251 0.5213977802267548 0.09793109317240604 0.8456409650862682 355.89207277931894 -151.8885983847916 -628.7043762310212
IMG_20130210_164256.jpg 0.011256898734808122 0.16199403563751777 0.09054401936958895 0.9825644992595373 715.93603685684 -18.065280637995077 -116.33847738169179
IMG_20130210_164322.jpg 0.2595310020090864 0.8739550642528149 0.07851363644274549 0.40333833633260513 -388.97329897172455 -292.27308775306756 -530.6317893940246
IMG_20130210_164349.jpg 0.3468823702557171 0.903434498335923 -0.09524509081743206 -0.23325329814918863 -698.0779117874271 181.6180320279475 195.51694048635463
IMG_20130210_164404.jpg -0.0024788453637649434 0.031528391420476476 0.0344135501585863 0.9989071645681504 755.6710246615785 5.051090731852013 55.73849964964843
IMG_20140521_134236.jpg 0.07575457907578514 0.8182450331905361 -0.05630852587331015 -0.5670675967837022 -282.33813939762507 124.29381266301957 676.3835464456283
IMG_20140521_134245.jpg 0.10024205155541459 0.27618299227968557 0.3412995212298815 0.892854480127447 627.0056304514393 -269.39353470131067 -301.0595612723042
IMG_20130210_164452.jpg 0.023749202480465803 0.6962144192476006 0.017105725424085817 0.7172369566405405 79.60489402399178 -49.83619885471106 -750.6455811928419
IMG_20130210_164500.jpg 0.11821000040133889 0.9875872757781355 -0.015790524766550247 -0.10221755159380623 -748.9687840661566 22.767506678899014 97.61249394285643
IMG_20130210_164513.jpg 0.0042645890212598975 -0.046788090965388274 0.15022384538037706 0.9875350546200506 737.6681558607411 14.19218731876181 120.0657641378076
IMG_20130210_164534.jpg 0.06421370135052125 0.3007126702135614 0.16848370062164236 0.9365157410085178 617.4736391230168 -161.83927144758687 -376.3286039098668
IMG_20130210_164543.jpg 0.0926624513994388 0.7633906230602224 -0.0842191724599934 -0.6336841150877348 -164.25867005491673 174.70352517038714 699.9023077121849
IMG_20130210_164550.jpg 0.016138098708962673 0.04248502937193081 0.09609110976406297 0.994334492348343 736.2437805062651 -30.52047881051649 -31.715558750177326
IMG_20140521_134335.jpg 0.06627305519173142 0.8589713922486271 0.03111516769944234 0.5067621491321586 -366.809572334638 -100.67035815973362 -664.5446617980643
IMG_20130210_164557.jpg 0.05837830127160926 0.5667760668261389 0.07243231922738196 0.8186027260796751 284.52654706520303 -135.41945528662583 -665.992424419154
IMG_20140521_134340.jpg 0.07162407222297017 0.6914037328369231 0.06734225391417857 0.7157484832922281 29.576607128766025 -157.93891999829012 -750.1055957610661
IMG_20130210_164602.jpg 0.1556386727406677 0.8904412131010583 0.05870598337034673 0.42360908521319546 -444.93349581679604 -186.22808642462238 -556.5895531470115
2011-12-29_15-09-58_213.jpg 0.07965662528656677 0.7922127692392581 -0.06405060683760129 -0.6016238609513064 -186.76594800513055 157.01373907620373 795.9586047277332
IMG_20140521_134347.jpg 0.24989838040626566 0.7825964245626812 0.14964123636775606 0.5501828206245285 -267.4501192025359 -399.1835411195598 -601.7627405464359
IMG_20130210_164625.jpg -0.02750219085163609 -0.19396627243275436 0.16204828118523232 0.9671406667190741 681.4518334111633 86.49635955865995 294.5789040063101
IMG_20130210_164632.jpg 0.06003640402028487 0.8293736346274675 -0.035997800289668314 -0.5542915863978476 -303.6637980223804 86.3375167711863 678.2328986467635
IMG_20140521_134405.jpg -0.03839210465121219 0.16264717125382627 0.005000953429851355 0.9859244060516869 720.4634401463949 88.027088799012 270.79587810387346
IMG_20130210_164641.jpg 0.09291510877351328 0.9932360127725426 -0.004657697080443492 -0.0694788554253409 -742.8189241798292 6.050256521796586 85.81548077210155
IMG_20140521_134412.jpg 0.31882726853260723 -0.014055805364983034 0.9350901198463194 -0.1541365464170487 540.2633257017219 87.19997401582937 810.6028897562846
IMG_20130210_164650.jpg 0.12674526915102385 0.26479521565519315 0.3367163786907988 0.894673801357405 630.1601763705703 -302.5082474706764 -278.23438805024404
IMG_20140521_134420.jpg 0.11613075206709385 0.99082462963258 -0.005217877298165516 0.06894182688538028 -774.1313372676851 -11.06628636667229 -100.44936839257159
IMG_20130210_164659.jpg -0.11052105894414381 -0.6366502766204936 0.12247894673806697 0.7532996936245547 114.47145969841132 235.91108381959216 705.9701151800256
IMG_20140521_134428.jpg 0.1256436966505357 0.9318475706996716 -0.052344331471781184 -0.3363537385489882 -598.7265940077898 135.63261833188093 486.08092438455503
IMG_20130210_164708.jpg 0.9614622589877562 -0.0764123796455652 -0.17026052667689098 -0.20189805802624877 -717.3595532128255 339.00830044094806 -79.23959437793009
IMG_20130210_164718.jpg 0.11420746713032634 0.7085748560082458 0.1042426050656041 0.6884851539239649 -16.87602806738723 -238.81218931838123 -719.5599937443949
IMG_20130210_164736.jpg 0.09578112876580441 0.6509220859318933 0.07187298572833543 0.7496403720057481 108.7220785476518 -189.91782967770362 -735.8970431012496
IMG_20140521_133452.jpg 0.1098893214404236 0.732069899529546 -0.1108399240573782 -0.6631082192757979 -208.04420254349935 231.80899283710917 711.5653192647258
IMG_20130210_164742.jpg 0.1280092772633277 0.7416460696532011 -0.11506085709970637 -0.6483330405478047 -108.06252852645403 250.61582923559104 717.6423943870757
IMG_20140521_134504.jpg 0.029157143575367098 0.47632033473161023 0.04883265032659005 0.8774304371069958 396.285726275456 -85.59769065651327 -662.0857605791603
IMG_20140521_133418.jpg 0.09372680341029607 0.4443985718780706 0.10895097893773396 0.8842255819776584 569.7488083886271 -182.34610610341562 -488.374546441928
IMG_20140521_133846.jpg 0.31139059875275626 0.8180066099772066 0.15153343882628437 0.45928063094308547 -282.1045449708513 -425.2083972802842 -512.5806539964283
IMG_20140521_133410.jpg -0.016768227759127948 -0.1048105689741968 0.2909123649716619 0.9508436081058323 707.0489957968772 157.86302383663843 273.24246319478027
IMG_20140521_133406.jpg -0.05721125743199908 -0.5216893878874238 0.08999278665372701 0.8464445362449875 197.17364799123814 158.69645162642956 731.5957967254891
IMG_20140521_135857.jpg 0.48747408377268997 -0.5139387858798217 -0.15361878534271345 0.6889391923879644 -117.81873843250483 -506.80888412281234 923.5421933469441
IMG_20140521_133404.jpg -0.020168545070187515 -0.17238351232740257 0.0744842475128407 0.9820026737946626 657.3500039853653 71.12509009446948 402.9831978400495
2011-12-17_15-03-49_361.jpg 0.13515821785506246 0.2616532396779875 0.33361047336730076 0.8955299494555737 629.4799413178491 -310.39710050502833 -270.0155783447987
IMG_20130302_150040.jpg 0.02945004768632608 0.5743677283694097 0.025896089467510795 0.8176575076701291 371.2803115638052 -63.6649560988182 -688.7930567766705
2012-01-28_15-18-06_979.jpg 0.13264992881268325 0.8364958563840266 -0.0952753421238459 -0.5230691042506027 -320.3710251958689 236.5672022273436 701.6626082315105
IMG_20140521_133121.jpg 0.036473727778094225 0.8651326201051933 0.015207526855580291 0.499983947681152 -205.8999991890674 -53.26122289448461 -698.3098645370743
IMG_20140521_133354.jpg 0.07746565582300384 0.8014224481813078 0.04708432076148431 0.5911888010250372 -65.19201594019448 -137.1773177581063 -752.9833487978154
IMG_20140521_133612.jpg 0.020155451387443107 0.34218552357169 0.07081561627242858 0.9367432805893473 659.0460418148688 -55.42492009730754 -398.9665499545705
IMG_20140521_133351.jpg 0.04978925884242919 0.3821656892751412 0.09792394779272715 0.9175409070409155 644.1655776182795 -101.96321393412755 -405.6331269420562
IMG_20140521_133332.jpg -0.04600305762930229 -0.40148924536241204 0.09800799890573371 0.9094418819790354 379.328192963071 144.96340865626397 651.1676701273599
IMG_20140521_133606.jpg -0.00016815069567700956 0.01425472254266475 0.05661961968406995 0.9982940414914871 768.4357024072322 8.857759402618955 95.09570819747773
IMG_20161227_160503.jpg 0.0066327977221704165 0.08938396653452213 0.1766553733614162 0.9801833459019137 721.4481885995957 -22.331572534589913 -82.69923960187911
IMG_20140521_133336.jpg 0.05577853035543882 0.80952426977015 -0.04808977363850032 -0.5824487839079856 -397.4823340384784 100.51598036990072 648.5742209012711
IMG_20140521_133024.jpg 0.0507635551073491 0.9703718635395902 0.0101060084525222 0.23600715352870777 -537.3947736363041 -43.72359938282384 -447.3479294354807
IMG_20140521_133320.jpg 0.014867095918374009 0.27573148463792374 0.04864800796487263 0.9598877482077632 721.6139088970687 -26.92742954143714 -246.0602015232443
IMG_20140521_133230.jpg -0.031096160309341238 -0.2601063012232775 0.11294742468892435 0.9584469834759255 534.7499089308662 123.65199821816189 517.907505913143
IMG_20140521_133014.jpg 0.10566249493810327 0.5245333629684793 0.15495951290570914 0.8304744051784246 429.1717684225242 -206.92325918938238 -508.70072292583956
IMG_20130210_165503.jpg 0.17867622971672523 0.6786303569034445 0.1611297286548532 0.6939545043927108 2.9821184909646488 -317.48300542326797 -588.9132457857324
2012-01-28_14-41-13_0.jpg -0.012172823493491688 -0.22730225556075664 0.1521814232644387 0.9617828868296623 605.9230817130607 120.97863921419042 480.657374399562
IMG_20140520_211952.jpg 0.0013485352312798242 -0.12088519169102027 0.0758859785236735 0.9897607135798328 715.8088962682656 28.039300491082162 304.40323649081614
IMG_20161227_160322.jpg -0.007149727758880799 -0.023018610002969057 0.0828048429673304 0.9962742508805799 743.9817948257873 27.580278807815503 140.9530923092932
IMG_20130210_164731.jpg 0.09995788327464476 0.8311542326497479 0.058472834213028846 0.5438492353389472 -302.3002055826685 -166.1946902716707 -684.3353795530294
IMG_20140521_134450.jpg 0.0015985624727274494 -0.1509312301307828 0.05876870045508088 0.9867945319143446 747.217856968891 0.6507770562398025 210.313970921324
2011-12-29_15-30-24_502.jpg -0.4801811381419701 -0.15200400774427222 0.860554957010548 -0.07593432798764731 328.8918668337249 132.47555508091364 -186.3157832525211
2012-01-28_14-41-04_244.jpg 0.053927784410619094 0.3333220412152361 0.10026701454253495 0.935913851112055 699.6013494031425 -101.5576742612973 -333.2659781452484
2012-02-04_14-20-50_904.jpg 0.021309344745693844 0.8687012274073247 0.002936265379638762 0.4948691419690031 -218.51014501531475 -21.372949333662742 -633.5080547022662
2012-01-28_14-40-02_921.jpg 0.08863924053674875 0.9525560915528801 0.012603265699636233 0.2908971212925192 -496.31966618240455 -87.21974353071336 -559.5674338619463
IMG_20140520_211912.jpg 0.004346515236446686 0.3655218491454431 0.010125501021975855 0.9307375354156769 653.060577182266 -11.592806448702104 -419.61532180721736
IMG_20140520_182738.jpg 0.1039789165649073 0.8632101669597372 -0.06016615463953223 -0.4903433760164636 -489.8049725583712 122.4932343978685 493.5329351253847
IMG_20130302_145531.jpg 0.274067855367458 0.961299090344015 0.007790898928858094 0.02702168484628591 -720.0218286644453 -78.66671286096813 -119.12049250116105
IMG_20140520_211729.jpg 0.021115848382245145 0.39916189403279656 0.06953845086220428 0.9139957916483709 636.2696914534623 -49.744153626934605 -412.9699935629047
2011-12-29_15-31-19_299.jpg 0.0810863604527024 0.9945878231303555 0.0029715972064737577 0.06489402005884565 -741.0458123452792 -41.1388242792643 -268.1435735240689
2011-12-29_15-36-34_861.jpg 0.1495446663887011 0.9856643440188156 -0.029780852851251968 -0.07221699583963803 -719.1275374552725 20.20316687023141 -20.12603834623643
IMG_20161227_160721.jpg 0.08063599006470694 0.9406457151114316 -0.03585591079749239 -0.32771608048685885 -577.0716034687867 95.97765372525397 514.1665164153371
IMG_20140520_212003.jpg 0.34144061250520397 0.8266558558466885 -0.1936232764575629 -0.40319775661614077 -560.7189095338099 406.21386715374683 359.3047417448539
2011-12-29_15-36-47_728.jpg 0.0033290252154613113 0.07187302799116603 0.04543193346204498 0.9963729848106061 729.4158785661397 -0.8005520823712527 13.056824793538016
IMG_20140521_133252.jpg 0.0019543985414317952 -0.004162148517563472 0.11469529774699772 0.9933900772208202 730.1361825950731 40.4492526178602 189.93364505935418
2011-12-29_15-31-27_158.jpg 0.03936869483627179 0.9210243110143612 -0.03584915493476672 -0.38584862637810774 -660.4510406835861 65.51722023754327 421.73825029221894
IMG_20140521_135354.jpg 0.17023467497437847 0.7545214411509554 0.13020499871117713 0.6202936470660295 -160.0813877306264 -268.15600111172887 -572.3920162893072
2012-02-11_15-55-27_974.jpg 0.024189237467634777 0.8400170249718549 -0.03357832375784563 -0.540979458687464 -460.32104941206154 61.192858298795834 613.3576414640754
2011-12-17_15-04-45_439.jpg 0.04512911893778542 0.2648020362630504 0.062211125310190137 0.9612351533846863 667.0725007362644 -101.6689084349316 -393.80739246654707
IMG_20140520_212018.jpg 0.21885327966742413 0.9435110242656559 0.023769775511578602 0.24763922718364922 -616.9755955014704 -168.0519256499461 -441.33490454774324
2011-12-29_15-38-28_183.jpg 0.5628337159046015 -0.12159812266158639 0.8161262215253801 -0.04868362501809697 227.19873017035505 256.99552944722797 1256.738041362016
2012-01-28_14-42-04_667.jpg -0.01083922811431045 -0.32807892619625295 0.07157303251019309 0.9418726189549702 536.4911993886444 67.42008103287633 597.5821320688455
2012-02-11_16-08-22_494.jpg 0.059264476858146994 0.6155628522516484 0.04144301689298919 0.7847627495373061 343.31141856560924 -103.20971582734931 -632.4658907927148
IMG_20140521_134514.jpg 0.13125296696283392 0.8244839567863045 -0.08822929159022026 -0.5433364112324337 -274.69753816618356 220.20556531236673 692.7886795370232
2011-12-17_15-04-25_486.jpg 0.042357824727978055 0.306193694819776 0.07643348529882182 0.9479499766664925 627.7013202177678 -106.19836165428276 -441.59447726730156
2011-12-29_15-09-40_939.jpg 0.08631779759842277 0.850251054592121 -0.07986992651675565 -0.5130722920027472 -345.1956440644016 182.20515476013952 746.0417401835545
IMG_20140520_182702.jpg 0.09198810211374846 0.9901657258153844 -0.0017401559618493857 0.10538973549275112 -625.3053422074158 -38.64388050971365 -289.97592049498587
IMG_20140520_182712.jpg 0.10119914276438201 0.5247168028658498 0.1285822770634408 0.835402662384539 431.3916099274311 -187.81039421514834 -509.00764002215607
IMG_20140521_133132.jpg -0.027490260318049523 -0.2701659262915759 0.06740687974915219 0.960057795354605 516.1823564724534 82.46330831423141 510.6894184715644
IMG_20140520_182813.jpg 0.07182812971821555 0.9963406616225207 0.0025738942600389476 -0.0462534414624506 -722.0351856493146 -23.278484617217124 -99.38822500847539
IMG_20161227_160446.jpg 0.12750688971715182 0.9908203828674879 -0.0029741988566409066 0.044812008548427686 -717.7831692992535 -22.080231336274004 -112.44253213383544
IMG_20140520_182915.jpg 0.05821913319320631 0.9861323681776977 -0.02083184739760727 -0.15401142521410666 -753.130731081391 22.98740299847777 49.621386548548436
IMG_20130210_165818.jpg 0.07853199781633166 0.982356393228278 0.0030221254718481114 0.16970418014927577 -632.3449586073975 -21.788762179711608 -179.58628270155307
IMG_20130210_165913.jpg 0.04943940986211252 0.8923319047284537 0.013752259277306713 0.4484533330469808 -457.6780204941156 -49.989963081991185 -511.9327008145334
IMG_20140521_133311.jpg 0.06673699071958424 0.8696214984929181 0.02926638647141158 0.4883114805649485 -231.55438438339775 -101.61618522712068 -715.6236755489691
2011-12-17_15-01-08_996.jpg 0.11418226898565431 0.9893157028205999 -0.026310723203128883 -0.08674442602495269 -737.1285722444115 41.86222900001592 102.47830228874372
IMG_20140520_211734.jpg 0.07517929242609953 0.817541389219748 0.04592472204753403 0.5690914432741129 -86.19099406271903 -132.23589376091073 -744.1571152140704
IMG_20140521_135850.jpg 0.07219638938110355 0.9610687547095598 -0.031401579319550614 -0.2648555661064861 -671.5179101237358 75.04949221702637 435.021976164928
IMG_20130302_145444.jpg 0.27625223382237063 0.7714967446015433 0.18887137712648075 0.5411146637079045 -131.40797933982822 -446.13737286359446 -548.230569948263
2012-01-15_12-34-19_472.jpg 0.24315368557465994 0.9695739443809572 -0.02812225920414172 -0.003433672416974904 -754.565687648695 55.957278994305256 35.75138148608243
IMG_20140520_211827.jpg -0.062095076957396536 -0.48713680749565136 0.11490451334298767 0.8635038419219748 249.23839751787855 187.51178648876564 706.0013916983129
2011-12-17_15-03-59_335.jpg 0.09806321498560214 0.682108691482671 0.0676351802679143 0.7214823776507726 47.043185018943234 -184.01250625008663 -729.1523975581747
IMG_20140520_211840.jpg -0.01719641730259368 -0.1214214921285407 0.24144999018327465 0.9626333708747747 696.5785954199653 141.1204028616352 304.9088594665612
2011-12-29_15-31-05_955.jpg 0.011305569251398924 -0.6040431983619351 0.05932101080840839 0.7946603150360876 47.49593610500859 59.33635626074368 796.6329439090196
IMG_20140521_134840.jpg 0.10097812303697246 0.9927842192070006 0.007387836313545844 0.0642521021919124 -707.5298180625887 -19.784051996318365 -54.29762683596026
IMG_20140520_212025.jpg -0.044892783493086334 -0.3043324690188958 0.14219612013000485 0.9408223263247313 553.9057455051948 155.06594732072938 518.9796139216298
IMG_20161227_160532.jpg 0.11034511825776884 0.9934331575685694 -0.006860269297188815 -0.029452555495089093 -734.9811846045387 2.091761398880059 13.178919663094973
2011-12-29_15-32-54_705.jpg 0.05720600037062063 0.8083929315825934 -0.07556799268190206 -0.5809628388898249 -378.8921562848791 142.2428627739199 663.9388661753713
IMG_20130210_164902.jpg 0.26653305464380855 0.6817787617767367 -0.27546740612269077 -0.6231015639014696 -44.59537126403027 553.7779364400807 561.6953309512513
2011-12-17_14-52-45_843.jpg 0.16592035477566563 0.940985405113503 0.015175679218857886 0.29459565847911073 -658.3064970163965 -93.498834792581 -392.2549248274388
2011-12-29_15-10-15_99.jpg 0.09279055143238688 0.8121695148334515 -0.12373617416040393 -0.5625477330362443 -227.27497373190133 228.36562434549847 762.1430870434
IMG_20140521_134601.jpg 0.05964307098219376 0.8838752300458086 -0.03176616377469818 -0.46281550604352223 -401.92429856756985 81.2495910741601 652.7976786525595
IMG_20140521_135310.jpg 0.07494858789190294 0.8248845646729657 0.04582970404158847 0.558433346393965 -251.3835132957503 -107.1244920230348 -582.89207187248
IMG_20130302_145424.jpg 0.017608923720731834 0.4694260537634594 0.001050768460296471 0.8827955605569763 498.35150402685787 -24.777987465726035 -508.55170764353267
2011-12-17_15-01-27_386.jpg -0.020079195717655464 -0.19528268164575638 0.2247143174902186 0.954444852080768 667.2101970772138 100.54028007582589 295.852498992019
2011-12-17_15-02-09_761.jpg 0.09978956780741711 0.99475054431623 -0.014454439340638314 -0.017448951908945718 -733.0805929112271 8.33443442034978 -24.12350916620521
2011-12-29_15-32-40_658.jpg 0.03120449504755334 0.34666242319959245 0.005432510264919402 0.9374550291413637 667.7566410090282 -50.92210606623508 -391.99862692489825
2011-12-17_15-05-47_728.jpg 0.04004644487591351 0.6813798287920437 -0.08168779214615422 0.7262540297873825 -3.9414753513182372 45.69132548436334 -762.6196651841977
IMG_20140521_133505.jpg 0.12348927370760458 0.9244955771024601 -0.05904740671676575 -0.35576921024335795 -657.2665459737299 123.6971262665243 395.83371627846367
2011-12-17_15-03-03_393.jpg 0.13256206451729508 0.7767930844802414 0.11107095772317171 0.6055435948840038 -142.8402290771884 -252.41612120243724 -674.9841477744093
IMG_20130210_165854.jpg 0.03940262409080582 0.7177590086757055 0.04326789837005425 0.6938280245495027 -79.74014610556034 -86.19599622894268 -667.0147247959994
IMG_20140520_211742.jpg -0.03710229133920715 -0.3253748357754304 0.116533165908152 0.9376431397204985 471.19209793587413 142.31501385541083 583.4137793396012
2011-12-17_14-51-19_450.jpg 0.06045280228646716 0.8577123659013006 -0.04238734115845757 -0.5088008150398567 -313.15227973937874 93.49116898235305 660.5450148865484
IMG_20140521_133125.jpg 0.1092737612991563 0.9911431694362175 -0.022794424940820558 -0.07193661767890794 -727.2500881756287 6.241468938556417 -68.20287715701586
2011-12-29_15-31-55_697.jpg -0.02144834701429072 -0.027042334073907028 0.15892152791462513 0.9866877056817271 743.606107686123 92.73999953807282 201.0762048196583
2011-12-29_15-10-25_282.jpg -0.01049352150319427 -0.41577131191252703 0.07163487168244544 0.9065828960200154 549.4998733585576 51.56069563975244 588.9434753407119
IMG_20140521_095604.jpg 0.08848523812600251 0.9537241385806288 0.04130351428510071 0.28438468634953534 -529.6757159982583 -122.47787687082061 -543.3337185831384
IMG_20140520_211930.jpg 0.10898734595479463 0.9094941539638383 -0.04981770596612734 -0.3980707707174754 -615.9628484494955 113.01036019830218 461.44045170374983
IMG_20140521_133207.jpg -0.028442168177133006 -0.24217432595059946 0.2056900801665888 0.9477521985418017 562.9354433445397 177.84404635651183 467.9921172062112
2011-12-29_15-10-33_314.jpg 0.13386186885442675 0.8729223183798616 -0.0752928432642703 -0.46305357561982985 -426.24791941190006 202.81646493261985 652.910559486697
IMG_20140521_095645.jpg 0.11105040798820547 0.9835146463562999 -0.013137783605356553 -0.14210610799763182 -752.9273097112946 -0.6863663408706947 20.52849067065289
IMG_20140521_133039.jpg 0.0804143810903363 0.5097818869634131 0.15005398407003687 0.8432910274054802 461.73186074830005 -171.42001922510653 -506.6092581180523
IMG_20140521_133102.jpg 0.05965543038574196 0.9880970593984124 0.0021625888723134676 0.14177712806751389 -625.5410704582365 -34.30226454617106 -353.50108458275395
2011-12-17_15-00-40_564.jpg 0.06710821141273443 0.9255410518214594 -0.054552988490635404 -0.36863833333085494 -553.2825160097473 105.8386086358972 508.5480095971363
IMG_20140521_133028.jpg 0.1214756581320614 0.9594951233544828 -0.03776772324988253 -0.2513689953452258 -670.1173709182987 59.23561503010217 194.78162492934703
IMG_20140520_211823.jpg 0.0509593718905393 0.8391980748372799 -0.03085994408961477 -0.5405528627772781 -462.20439109345483 71.3925749091213 613.9913496440712
IMG_20130210_165611.jpg 0.026489994815181227 0.4211073465704142 0.04344661703137564 0.905582284669729 415.6483313050399 -59.49418775161555 -490.1233689710298
2011-12-17_15-01-44_429.jpg 0.0886207196520198 0.9951799823411533 -0.023178518234056825 -0.035013241613614896 -734.1884979785739 26.853833497261167 17.32190053459532
2011-12-17_15-00-58_832.jpg 0.058999244323144115 0.8298692784871365 -0.06587376815571974 -0.550905360712259 -305.7135383977351 123.11888643273087 674.2462369792026
2012-01-15_12-33-17_302.jpg 0.14031004092514762 0.7740317611650468 0.0570932781541155 0.6147587191028164 -197.33808698941553 -183.7349455007308 -644.338043922183
IMG_20140521_133301.jpg -0.02518670437823593 -0.49011112293303083 0.045054861678650866 0.8701303215834993 219.40846205851355 73.56291213783142 717.4004302331168
IMG_20130302_145343.jpg 0.045094659639072616 0.9823454559248418 0.004463215034969085 0.1815047013369154 -592.7262037195381 -30.673988615611435 -390.77335149803656
IMG_20140521_133245.jpg 0.018841946561091956 0.23583178816340164 0.10993512168555622 0.9653717510686876 735.3848055483063 -26.38629959178667 -164.95858325811975
2011-12-17_14-53-20_749.jpg 0.12166369160641967 0.8815368192346497 -0.05747739896340864 -0.45253412146130584 -425.94158888800416 166.20341467320384 645.1445581659201
IMG_20140521_135722.jpg 0.20559253188614396 0.9780676207445728 -0.005234060007104068 0.032985522574865686 -774.988347429173 9.275064991865813 -5.086500696735009
IMG_20130210_165200.jpg 0.0118395273301643 0.007520318282889961 0.09303296914336297 0.9955642305034329 738.1920236765438 -33.19738867062961 -46.52915954072674
IMG_20140521_135704.jpg -0.05473464290678094 -0.4856494786742252 0.10278195170538204 0.8663628415005762 442.76542110131027 134.89698426570845 610.9581875363016
2011-12-17_14-52-17_633.jpg 0.03988830685726589 0.04778110207904372 0.38481832554907863 0.9208912778291343 749.5266416461803 -78.59186215837958 -28.46199530242543
2011-12-17_14-52-06_93.jpg 0.07519162219998755 0.45839478729666566 0.09045386305015159 0.8809304953226923 403.5223821794643 -174.8429493884339 -622.245488498324
2011-12-17_14-51-41_274.jpg 0.26298495337780564 -0.5344592758732112 0.22220057344745817 0.7718931933172988 260.5064912969691 -168.16965884218922 719.142599577181
2011-12-17_14-51-31_186.jpg 0.2014906577020582 0.9080041911663432 0.06197371888756496 0.3620623728729506 -568.1475550834263 -185.56563545822846 -438.59037214511534
IMG_20161227_160435.jpg 0.0200814663545197 0.10550513625314238 0.13822157289547637 0.9845609162055736 721.7240171501442 -39.6769794006054 -92.10228493587792
IMG_20130210_165742.jpg 0.05045258543893714 0.9822647441678602 -0.0016706116512193363 0.1805760727341402 -613.2743237117215 -13.256709441896856 -205.17337111746147
2011-12-17_14-50-31_710.jpg 0.1911764348355681 0.9599198998118756 0.008966259220405717 0.20475586170928906 -693.659127033364 -57.13626000207561 -236.29079374810232
IMG_20130210_165721.jpg 0.027767356563850733 0.49121055693794313 0.0517143390474536 0.8690608665675015 323.01149897059497 -70.05796355832929 -553.5151895953264
2011-12-17_14-29-19_237.jpg 0.1332758820528591 -0.4035120451888309 0.8836709808342454 -0.19631904207692596 333.6904261528258 575.4190564233566 671.9500041698105
IMG_20130210_165700.jpg -0.0008139820597057755 0.1671077945233744 0.03125873471173684 0.985442648735563 608.4567078684846 -9.983743316394586 -209.26848610657896
IMG_20140521_133517.jpg 0.014514374056128179 0.564158154251663 0.019423654564849287 0.8253106273279547 398.0885660656684 -36.22696695981784 -671.2122414817239
2011-12-29_15-32-31_892.jpg 0.023239346934736373 0.03659433013808183 0.06588880937042202 0.9968848742736249 770.9699311272856 -22.82617804924356 83.61690054345824
2011-10-01_14-02-41_437.jpg 0.005527909010490215 -0.10727450463573462 0.102749486280628 0.9888903710453433 704.9919574385328 40.814531027521454 315.7666810632039
2011-12-29_15-32-14_611.jpg 0.05630412150038473 0.42919985502824254 0.06499969586894132 0.8991064285626879 593.3024806301316 -108.37731693183623 -479.5965970727547
IMG_20140521_133459.jpg 0.19489297783643764 0.9796666310694911 0.009972028196667287 0.046589460317163975 -748.9132264013675 -82.21259438698209 -190.68320550834338
IMG_20140521_095608.jpg 0.02577783833001561 0.34724379571425695 0.0951657473035248 0.9325774659132336 680.8007897612758 -58.41443768596436 -353.052422148431
2011-10-01_14-02-20_999.jpg -0.010847070072044464 -0.34326387331987623 0.1430523098211767 0.9282178036426121 458.5656103675624 131.98190230119044 596.2306278026622
2011-12-29_15-31-37_791.jpg 0.04672399275857359 0.7824656012430358 -0.04166783108092522 -0.6195387342411155 -346.97765693408485 88.97238696832837 691.8558284609201
IMG_20140521_135054.jpg -0.03626252132429384 -0.25408994051544564 0.17962729274831205 0.9496617120722382 582.4531032332669 99.92720766090213 312.723174112569
IMG_20140521_135854.jpg -0.024303424406309358 -0.6367655532857984 0.039973759117673875 0.7696369743539871 171.20488645020157 67.62015478209977 782.2400417421554
IMG_20140520_211821.jpg 0.05329588033193417 0.8447091138259369 -0.027841670671789637 -0.5318372904688501 -475.0244238879667 67.69098122492352 604.5742023079138
IMG_20140521_135330.jpg 0.025135488857457387 0.3267760022799389 0.056644005821996926 0.9430679233959105 491.8670704899428 -63.25602758081353 -416.9628904897424
2011-12-30_15-18-43_648.jpg 0.07240671524166035 0.3383748286187102 0.10011344591447535 0.9328649639108018 585.817013278848 -146.2614802711299 -411.10595533527504
IMG_20140521_133045.jpg 0.08236041719459324 0.5075633662060957 0.13685055331537285 0.8466806464200924 464.2343979852483 -168.17697849998888 -505.91417674454163
IMG_20140521_133546.jpg 0.2832549806078035 0.8023511415591836 -0.17772449933861958 -0.49438169862403386 -459.7155633083979 403.60181767437194 499.17532542349795
IMG_20140521_133343.jpg -0.001543670477262369 0.0261204947661543 0.23718565682301884 0.971111889038571 756.4737779035858 70.01768267706778 110.47790960998583
IMG_20161227_160317.jpg 0.2369947031447659 0.9082063481356649 -0.07218702496304491 -0.33731850425731014 -642.5664219994578 173.2284912746386 363.4280409044238
IMG_20140521_134523.jpg 0.09926264774216871 0.7867766796189511 -0.08991337538879303 -0.6025321303442548 -167.9557993502058 196.83447748300088 733.5310469340338
IMG_20140521_133521.jpg 0.0035669230884775964 0.1590366008396154 0.08407397918000643 0.9836799289799002 771.5147459864683 -8.079036721861954 -121.95291492525881
IMG_20140521_135342.jpg 0.07739591269483916 0.9743896137770428 0.0028687344259017357 0.21110784832485768 -602.777415281905 -26.672186587051012 -238.93221520325744
2011-12-29_15-36-03_290.jpg 0.04707174396983575 0.643685578557065 0.033213926346907154 0.7631185766143542 242.129555232508 -83.06813977588017 -667.4289941810607
IMG_20140521_135220.jpg 0.08665647734278019 0.9422102778213259 0.02878062072261503 0.3223385226329922 -494.3805478488578 -78.43878353480905 -404.4663660486201
IMG_20161227_160238.jpg 0.021428862548466026 0.2740570698160487 0.05474305269767897 0.9599149569180903 718.6850811945174 -42.854882847190645 -281.81209186512456
IMG_20140521_134955.jpg 0.07280943023482518 0.8721981328350357 -0.04967030495593472 -0.48114661461299124 -361.47475453609985 102.43381072854206 584.4645471608709
2012-01-28_14-44-55_57.jpg 0.04414296944776038 0.5131777928457639 0.03977508858252171 0.8562230395793708 396.21203592036886 -87.50752319737026 -600.9747325739761
IMG_20140521_133539.jpg -0.08744017592141212 -0.687308878973391 0.08035869947328397 0.7165913758468883 -91.90685208507611 179.86828663306326 763.5121047370945
2011-12-29_15-30-50_650.jpg -0.18675665933648578 0.538229910898654 0.0259307293465685 0.8214366137950376 416.50226666761984 240.08492510134462 -288.0867701426858
IMG_20140521_133535.jpg 0.011370769531194869 0.29999886251382424 0.025555477054764738 0.9535293942418261 709.9156469237363 -27.448463535638236 -345.019858523566
2011-12-30_15-18-20_837.jpg 0.10841695934317663 0.9937172880229241 -0.02383071682915496 0.014276251137959719 -726.2794676238876 14.024188806527226 -82.29842556504491
IMG_20140521_133153.jpg 0.03121169396017394 0.5943619333399986 0.045153908333788954 0.802322159059975 376.32805606146087 -69.74658626381853 -640.2745173364898
IMG_20140521_133558.jpg -0.027013599251767998 -0.322549631924933 0.08783605842366705 0.9420811150007998 534.7511033204844 97.38801059957508 558.6479355119404
IMG_20130210_165733.jpg 0.006693145987152311 0.07872305345395678 0.08152608308453015 0.993534790748958 642.9332659090518 -26.27331935064449 -103.61822400737789
IMG_20140521_134537.jpg 0.15830718486553993 0.9751681529065784 0.015726481778250305 0.1540733154949227 -752.4051511609437 -57.56329199726454 -192.2996462006421
IMG_20161227_160600.jpg 0.13438168179758317 0.6409782232652391 0.12807464943649388 0.7447720222113006 116.8368612872183 -282.9706878515337 -692.5472514060821
2011-12-29_15-33-17_315.jpg 0.0344264160923091 0.8802792796266079 -0.02931177863045157 -0.4722965502400142 -548.6881596955752 56.25687195364067 524.3791323215275
IMG_20130210_164919.jpg -0.028910684570339823 -0.48075322763794237 0.0353616979120861 0.8756654936413503 440.0869641156139 57.95119982731666 653.5628624264892
IMG_20140521_134832.jpg 0.10662472544115521 0.933264939695693 -0.035237445540305716 -0.3411832977904811 -519.7204823131959 98.3080191713241 478.94137260221015
IMG_20140521_134530.jpg 0.05521437881090081 0.5439838961107154 0.08762729190037426 0.8326790203067082 277.51172787726193 -156.62540567527827 -710.5706032846609
IMG_20140521_133200.jpg 0.0727071370901157 0.9875324184817236 -0.017663181677637068 -0.13849695547852336 -749.1695418652586 15.298800085499677 31.556823029384585
IMG_20130210_164947.jpg 0.17569243005440827 0.8310623105396784 -0.11835772298986011 -0.5142558268320194 -313.4076993288993 292.8864477531778 651.3959188029171
IMG_20161227_160713.jpg 0.027189719309019013 0.11055668991350551 0.14709773611601687 0.982547807238309 770.2373566125217 -82.9891439872848 -186.53786075601099
IMG_20161227_162905.jpg 0.22022452408866838 0.7449139541536803 0.18349750207818702 0.6024392306516182 -155.21575220818224 -376.2217693285784 -557.0641634804858
2011-12-29_15-35-03_214.jpg 0.018983980346616358 -0.1843694836880327 0.02422594573104364 0.9823749821367826 570.378893994696 -9.699355082980947 404.8872119804443
IMG_20140521_133144.jpg 0.01203756899088297 0.21473968740833593 0.06429855425856942 0.9744781472689978 724.6573944667994 -16.58925164849662 -145.63478844457686
2012-04-01_17-53-05_488.jpg 0.0785083576574025 0.97964924233121 -0.023556267555433955 -0.18321818151231778 -728.3486314413541 51.89485391050533 286.93376474412156
IMG_20140520_211849.jpg 0.057536099319558116 0.43061802746251854 0.09983889550723228 0.895147980304528 590.9751445745167 -124.82341740295061 -484.12076029563025
2012-02-11_16-05-04_241.jpg 0.044987457250108304 0.6909733710955548 -0.006386986066393126 0.721450715943925 209.0763509809471 -52.2667756745118 -688.8517345186834
IMG_20161227_160604.jpg -0.20304373061447667 -0.6426913078246619 0.2095707782076846 0.7083792876885998 60.048543612255806 415.3558904761959 629.6225045833769
2011-12-29_15-33-32_635.jpg 0.04670566861601995 0.7498731860031148 -0.06706639649765159 -0.6565141916923721 -269.57973341506244 120.97043434037904 691.9241086061583
IMG_20161227_160525.jpg -0.03649078531418036 -0.2866208306373351 0.19374629894099515 0.9375389558192155 594.644737478658 136.4038303522246 409.03077905714434
IMG_20130210_164850.jpg 0.16116524638189442 0.9628049799920699 -0.046442338772892444 -0.21183824732667675 -710.9053990778597 117.85125783840714 315.6925741246731
IMG_20161227_160732.jpg -0.03540652809070435 -0.2962696681194398 0.12068839379854644 0.94678665660395 674.450946824629 96.04125247971463 417.50347704551376
2011-12-29_15-34-53_611.jpg 0.02098213932765521 -0.028805055614716947 0.05514622181041439 0.9978421282048103 669.5197505533633 -6.481786640449589 213.97582101692424
IMG_20140520_211900.jpg 0.004263990942124954 0.17618296322826535 0.04325488355271164 0.9833973748684683 764.6313209054841 -7.381370617862106 -129.07066227692283
2011-12-29_15-33-51_400.jpg -0.02442917629927222 -0.1942096903468073 0.15686567840285418 0.9680283934161998 603.287537921041 131.83854271826118 427.20699694199413
IMG_20130210_165229.jpg 0.08310535521000767 0.9296010165156013 0.014521556790242326 0.35878207092463293 -566.2056950082999 -63.389525096065285 -445.97405382146394
IMG_20130210_165147.jpg 0.0327186423440769 0.9612831214058957 -0.018824085545223638 0.27296502476816475 -653.727643803671 8.280608642276825 -361.46720334319826
2011-12-30_15-18-29_265.jpg -0.07804399974851588 -0.577408298160795 0.11256098324932412 0.8048843496852538 177.07594834178587 186.80625032378387 684.4991539973536
IMG_20130210_165136.jpg 0.21696224599910155 0.9697830773509696 -0.03599449087309895 -0.10560569739126421 -720.6078650190022 97.87926136214054 184.0658446739162
IMG_20130210_165128.jpg 0.03260947382377952 0.5966407999509978 0.047445650167418106 0.8004406838304517 168.01666635528318 -91.04912159307295 -727.1651161394719
IMG_20130210_165125.jpg 0.08369530615102447 0.9243953397537422 0.03527136491646652 0.37046495433006954 -575.4210035299541 -96.7987188862631 -473.53074860627993
IMG_20130210_165116.jpg -0.10478582783036938 -0.7003761280816814 0.08844353932314025 0.7004790859484761 51.12099906887576 197.21655905175098 724.9760425632187
IMG_20130210_165057.jpg 0.1807694462012852 0.9470509932450654 -0.05705418694017795 -0.25915563521986595 -629.0869584408723 162.73699613129307 402.55308591656444
2011-12-29_15-36-19_806.jpg -0.005331365668767948 0.10990863985613925 0.05663654786376242 0.9923124351085981 716.636315846764 11.72896401117935 -34.62616060536124
IMG_20130210_165052.jpg -0.0524476144491604 -0.6545338857808128 0.04576015008137023 0.7528217908428209 156.02406141403839 98.19531753607932 742.4363662599591
IMG_20130210_165043.jpg -0.011150307167336922 -0.22745590567337914 0.0976235970814818 0.9688184117352696 707.9202709589657 34.30386110173871 296.01058764478444
IMG_20130210_165031.jpg 0.16877534480706563 0.9424271955057478 0.03987105937791776 0.2859303460294295 -664.670156913 -128.5140781375209 -372.6902893914492
2011-12-29_15-35-42_606.jpg 0.3206049412377636 0.6814237897991852 0.28311385876159806 0.5939028820663894 45.533253230092896 -541.5593950411553 -445.20763356196994
IMG_20130210_165017.jpg 0.1989153079957173 0.9261346388638033 -0.06523606193969524 -0.3137699589893568 -590.78792802015 199.10224408207787 468.85931514693334
IMG_20130210_165003.jpg -0.03597578540576963 -0.4396667343374875 0.06277694516887317 0.8952418448311674 507.266772046291 81.73565093525475 583.7932327577545
IMG_20130210_164956.jpg 0.0819841269814081 0.5270501086142836 0.12529175776708504 0.836539754804517 300.03910189842765 -221.68473896477585 -683.6608025975863
2011-12-29_15-34-47_696.jpg 0.06496870980346911 0.4193501760618637 0.10767617385909799 0.899071931586356 569.6430026136113 -116.14145792099731 -394.93607310406577
IMG_20130210_164938.jpg 0.38896149239308786 0.8496054749174689 -0.1474832951033173 -0.3242347484324778 -563.2051832913136 405.8406047459622 362.60266551031066
IMG_20130210_164929.jpg 0.0015664126636785135 -0.16370349920965066 0.0901198795456004 0.9823833864681188 750.7955455354045 8.279943009497464 230.27955319351668
IMG_20130210_164844.jpg -0.00675246902291708 -0.12811929915589587 0.04387001346855289 0.9907649929545177 761.6446555248006 10.942634297153466 195.46460703032128
IMG_20130210_164834.jpg 0.1882375783392562 0.8917176249799601 -0.08303311498306097 -0.4031275148352965 -516.7310305843702 226.97875593050858 540.6186379555419
IMG_20130210_164819.jpg 0.3514706160257826 0.8276415833297757 0.16777713403482009 0.40413939291895445 -478.02651969783733 -441.9327851590926 -422.21666803947284
IMG_20130210_164807.jpg 0.007335764711589151 0.34001713303072995 0.05356196934620318 0.9388640216993174 597.4163451956653 -46.73009419259741 -489.99222973951606
IMG_20140521_134509.jpg -0.0341030119052125 -0.2801952307128355 0.0870181219159425 0.9553823651936412 670.7449706475102 75.59860825274407 384.78440481480663
IMG_20130210_164749.jpg 0.008177654761041861 -0.07590864163197299 0.553932803813999 0.8290533474674358 751.126309711896 55.93822671380277 112.39760442934526
IMG_20140521_135831.jpg 0.07886117506897872 0.14676958645019364 0.30538327821192407 0.9375396828660203 735.1394951945908 -215.9951581778156 -205.1921045727569
IMG_20140521_135826.jpg 0.1219338138905623 0.98635590028598 0.002993992194184687 0.11056771233898735 -781.0083741857412 -24.642004761909813 -133.14000732567862
IMG_20140521_135822.jpg 0.11144531032884103 0.8389312835817058 -0.06430421279559356 -0.528809240133338 -306.408191587803 175.46495098015325 709.4442244762173
IMG_20140521_135727.jpg 0.17980733410338115 0.9488909494529537 -0.06009922299440411 -0.25231601622642946 -646.5533199463764 165.72562328292756 394.47187914523687
IMG_20140521_135635.jpg 0.08957174835359487 0.655901967475523 0.07232697372492951 0.7460149595218658 35.76528680965475 -178.15291749526327 -728.4257873575015
IMG_20140521_135627.jpg 0.16961783003110886 0.9222819850568994 -0.08403546469733898 -0.3369922438990929 -524.1917923435797 207.7649550238741 485.1265569468692
IMG_20140521_135615.jpg 0.19525677645481143 0.9740203554349632 0.0060296099329471275 0.11455471291431733 -727.0944801158781 -24.558007783386095 -101.58649297931078
IMG_20140521_135553.jpg -0.41241464966640556 0.16478175116420718 0.8662592081154594 -0.22881458777571514 515.8749937927704 -305.46014745653537 -21.172246295255523
IMG_20140521_135550.jpg -0.057178471755830365 -0.3320065414090299 -0.29358387826571675 0.8946009083673807 484.63342432376595 -152.35899906936643 721.6541812633553
IMG_20140521_135542.jpg 0.07437448803632987 0.7586846986417128 0.09649624671728078 0.6399644036551919 -183.66912060053517 -180.69276524793173 -667.8427828812637
IMG_20140521_135532.jpg 0.10069780151501616 0.8426162660079508 -0.04800302509678801 -0.5268334562368057 -249.83658446253247 132.30816256944743 649.329392875786
IMG_20140521_135527.jpg 0.14340180100159344 0.9338047613254215 -0.04692856606363636 -0.3244106978548694 -511.9550964214932 136.02670487508726 470.2740515498694
IMG_20140521_135517.jpg 0.08248668377650227 0.7011193326627079 0.06432579796418764 0.7053295825941411 -65.01276551471938 -150.77757878752197 -685.6193180810094
IMG_20140521_135510.jpg 0.011469082438314288 0.8623344140815464 -0.5062090537651892 0.0004607871643728838 -350.8484880499711 604.0996486525302 56.84221952848688
IMG_20140521_135502.jpg 0.15097819448465413 0.8140247994879483 0.07257956934334749 0.5561487361513057 -318.2148746077494 -194.4678168578257 -587.97722042719
IMG_20140521_135458.jpg 0.1442144038888382 0.969246070182785 -0.02263835906332059 -0.19812058410255073 -611.685151135067 80.51192836698596 321.131052646415
IMG_20140521_135439.jpg 0.15892812644270987 0.9783085860171039 -0.01427901763694808 -0.1320994731478875 -639.9092419564345 58.26031989026603 227.31502003593815
IMG_20140521_095557.jpg 0.027865406324078433 0.797934591415523 -0.009669605651417978 -0.6020219312279929 -371.85166344000146 30.417621051339037 672.014490222072
IMG_20140521_135339.jpg 0.13408513622700524 0.8807278399562625 0.061257125096024836 0.45009689267304626 -404.81990117017233 -148.8018603562205 -484.8931813634334
IMG_20140521_134437.jpg -0.26581598053555777 0.7622148277899329 -0.36341688861484084 -0.4650791178483419 -235.98019247449736 228.7208618797168 739.0327310892976
IMG_20140521_134157.jpg 0.12491503252624377 0.9319895392295409 -0.04874785746831839 -0.3367719997385836 -581.739464370652 115.98227458615509 429.2686374632337
IMG_20140521_134905.jpg 0.23001734260250511 0.8429865819218915 0.10971854320776511 0.47373778198291666 -401.4959376578811 -278.8999963239446 -506.276639892181
IMG_20140521_133901.jpg -0.006243353741840969 0.3647096174171603 0.009633222066075732 0.9310505445624898 604.167905761243 3.624940656132886 -404.9216904822371
IMG_20140521_133440.jpg 0.0004455210367028528 -0.0936320275138835 0.07314721202543158 0.9929160741510588 722.2429242534794 28.88487025250741 279.7082794863969
IMG_20140521_133430.jpg -0.0034251819359518796 0.21682108077950096 0.031608657957980076 0.9756934866034569 750.1077181448626 2.7231764694808978 -189.0075278004138
IMG_20140521_133129.jpg 0.07598588419388896 0.7551531145387199 -0.06940676898130947 -0.6474199714445943 -277.4485082461038 139.49420336051796 660.8641982725342
IMG_20130210_164315.jpg 0.3566158835965891 0.9311424386526563 -0.025171167348157646 0.07186990219097078 -690.418599088186 -79.21638036970849 -187.24598432244866
IMG_20130210_164224.jpg 0.2865356186494947 0.9059211153765234 -0.11871527972212383 -0.28828970554046 -650.4580142395228 222.01010189133135 253.67699919479708
IMG_20140521_135349.jpg 0.05832747350749734 0.5812229226073402 0.0635393840591612 0.8091604085367725 175.8144597180306 -117.10574019604816 -616.8272754814346
IMG_20130210_165539.jpg 0.6412986231587773 0.663910551739196 0.15359849258729466 -0.3526561473998772 -664.4504403131923 183.88326569640398 1305.4858627212927
IMG_20140520_211939.jpg 0.016889108816535943 0.5755510532152898 0.025034584932223478 0.8172080596172706 379.6944212955609 -43.19454071781355 -678.5963058148179
IMG_20140521_095640.jpg 0.08041528723528762 0.706860106158666 -0.060108657308350015 -0.7001922030534278 -201.89133145768656 137.14776047547193 712.4982602465589
2012-04-01_17-50-32_648.jpg 0.04740996694424731 0.39028840313443613 0.09312751024820495 0.9147428732972387 460.38565162635285 -121.62425910993001 -508.77429873535294
2012-04-01_17-51-28_674.jpg 0.17288646389433615 0.941339183807174 0.04780382630794663 0.2858419245346559 -648.4238956553122 -133.86310129123532 -350.00325856521476
2012-04-01_17-54-56_5.jpg 0.11721753084509524 0.8269555095652961 -0.08324039803571452 -0.543576739565847 -400.28831445103447 188.29876009073897 635.5797205216619
2012-02-11_15-55-43_341.jpg -0.007815449367766777 -0.16613054404167996 0.18797103088340306 0.9679909362366085 647.1371012971248 119.732506796702 388.08727278731493
2012-02-11_15-56-05_505.jpg 0.000243572842030618 -0.20767913014109116 0.16395936820424997 0.9643581519094314 603.6923845107318 105.21465046637493 448.1178996491579
2011-10-01_14-36-47_800.jpg 0.09412067573238639 0.9865307151933398 -0.00012321396544002746 0.1337850185862208 -624.9989152330008 -22.038775712093557 -172.11536061326734
2012-04-21_19-06-20_584.jpg 0.029052682778477945 0.16352598791362852 0.061271499237648276 0.9842057692786688 760.2683569137411 -48.851667113671034 -130.65598497417392
2011-10-01_14-37-04_651.jpg 0.11945024956580709 0.537161957773807 0.14247736336952285 0.8227325628213259 271.1786575486028 -227.79210657836154 -539.8476360446389
2012-04-21_19-06-34_639.jpg 0.026920962062260467 0.3272670912643045 0.036515619542968523 0.9438422126110044 678.7860399260944 -53.38094172927184 -372.9435617157482
2012-04-21_19-06-42_262.jpg 0.05026680642850095 0.6610580472902345 0.03283259420896492 0.7479288248502068 220.06930260986587 -95.68721123842066 -739.7629410567451
2011-10-01_14-37-38_417.jpg 0.05364778228640139 0.1965133884488791 0.06201013890117699 0.9770666027910012 586.5235592311639 -90.4969476272039 -255.13352745175743
2012-04-21_19-06-59_420.jpg 0.05432535016449938 0.7865757544800094 -0.07145168878816129 -0.6109353443393408 -328.38116994255296 135.92410197400233 693.1173951515045
2011-10-01_14-38-10_16.jpg 0.08729858550941973 0.5902928580445961 0.04654598651632305 0.8011034701265618 161.9446604460247 -131.10310838231965 -611.632025274297
2012-04-21_19-07-18_263.jpg -0.021852886371972333 -0.4491401941133026 0.08871823075618582 0.8887770321743078 317.2129724854208 111.94443808835211 696.9604388895427
2012-04-21_19-07-28_94.jpg 0.07798718673464412 0.9727440439324164 0.014724587366586078 0.2178765940299889 -607.4339009905249 -72.64752598053636 -470.0065956676787
2012-02-11_15-57-37_244.jpg 0.007957309274327933 0.7070438483977951 0.008546633328726357 0.7070732866759246 177.13794987124464 -16.08020300807287 -694.526966491347
2012-04-21_19-07-46_32.jpg 0.04157584557370033 0.9250939029767706 -0.03972077213967724 -0.3753598007254712 -656.5436698872512 68.57716769947586 385.2525086013554
2012-04-21_19-07-58_895.jpg 0.005582631215947556 -0.08138847794491239 0.1279696801048557 0.9884171745069884 696.9666616930458 53.35890730024789 294.5393447472358
2012-02-11_16-05-22_472.jpg 0.09814426743692167 0.982149477157092 -0.01706428523282322 0.15955850794869625 -615.1422505910776 -33.807048810939115 -387.5363057673156
2011-10-13_14-39-23_451.jpg 0.06781591375472515 0.675698631678109 0.04206499718796915 0.7328457525301753 207.98013542162755 -109.11225896390803 -648.6437629638878
IMG_20140521_134111.jpg 0.12014744166046265 0.8872575784461653 -0.07254589732014832 -0.43940377164324274 -478.2063500664451 160.1011876588881 535.8556738093505
2012-04-21_19-08-10_84.jpg -0.012205459608992181 -0.5165612113701017 0.039024218887673864 0.8552734369801235 178.0078479243372 54.17614967186999 731.8960605991809
2012-04-21_19-08-20_123.jpg 0.05379749524175483 0.7272610941465601 -0.06334218369594524 -0.681311161079203 -233.02454767852353 121.58216091385466 705.5621114987143
2012-02-11_16-05-39_713.jpg 0.048837045425157384 0.7757680639179951 0.021934820598256192 0.6287429662782632 24.16075056052152 -76.29006522378775 -724.4319877185065
2011-10-13_14-39-58_742.jpg 0.028529897161443794 0.09147955481503257 0.08719932259411992 0.9915713863146349 699.4059097465775 -21.352184456228212 40.024309499148075
IMG_20130210_163122.jpg 0.05270118319927822 0.42730355842023005 0.12852872906704296 0.8933726098640007 568.0854180445591 -108.69809661789377 -413.2385236879566
IMG_20130210_163137.jpg 0.0016179439630159883 -0.03943449321847875 0.07976330712388552 0.9960321871498913 667.7623651415219 28.69724645755441 216.85395461943145
2012-02-11_16-06-13_994.jpg 0.009389546155253718 -0.19804083859936109 0.09682980702918292 0.9753541157654233 576.6016872233955 44.77205542269461 412.9090817898949
2011-10-13_14-40-18_252.jpg 0.06181330119954107 0.43211865044478176 0.1100673273384463 0.8929377196563973 562.9472148401014 -118.59434215999386 -425.06716097589157
IMG_20130210_163148.jpg 0.14445462846283325 0.4656848212074341 0.2394178972573579 0.8396127548373302 490.3684520978304 -273.75276099885747 -413.570639519908
IMG_20130210_163156.jpg 0.05900904974562449 0.9783175855595897 -0.00019278666433168764 0.19852606042098273 -567.7006505533413 -33.96338214949503 -411.9679085402673
2012-02-11_15-55-54_45.jpg 0.05031337798363032 0.21469604161356293 0.10726899273406433 0.9694676564533562 746.1291420914699 -75.30973810978355 -149.09062097120065
IMG_20130210_163204.jpg 0.00927262046110456 0.6212429742298352 0.025323236746086504 0.7831538285423588 316.0232118305312 -27.00437353042361 -633.5317779916952
2012-02-11_16-06-40_96.jpg 0.05644590831000873 0.8564696063127684 0.0038002324726530293 0.5130879370348357 -185.66160305840035 -59.05296870321235 -680.3428763215933
IMG_20130210_163213.jpg 0.10945035697411618 0.8924296116966661 -0.05743821607240363 -0.4339249461134916 -559.2116080234814 113.47297855530552 430.5580153899454
2012-02-11_15-56-19_244.jpg 0.09275342549530909 0.9116793439539105 -0.04834610413522166 -0.3973666192341782 -630.2885781267148 92.91704844449534 397.02672633531813
2011-10-13_14-41-53_189.jpg 0.11146863312328527 0.9931032783087557 -0.019407074975857707 -0.030724385801999054 -723.3829882260634 -9.317332266725092 -141.47932360171822
IMG_20130210_163222.jpg 0.03708323271716134 0.07025502989396333 0.26339279203190785 0.9614121393718094 716.1467711621561 7.457625941028196 60.590579505097814
2012-02-11_16-07-27_41.jpg 0.05452575031134248 0.5432324085472094 0.03447407517570458 0.8371003709220078 457.0806026163482 -92.9236699950096 -572.9415350943177
2011-10-01_14-04-55_608.jpg -0.018668637725766397 -0.37755198331252554 0.058707748089822244 0.9239368929621035 478.345275454595 57.886308880050436 548.8948655618013
IMG_20130210_163228.jpg 0.10252042528133073 0.9863273666324484 -0.025078903307627024 -0.12656593870753893 -721.5575070458257 20.311363240632534 13.490671302960125
2012-02-11_15-56-35_310.jpg 0.031973687066302305 0.47722945124787686 0.04814139371149521 0.8768763541164464 549.7307918654978 -64.61974538291916 -505.68637849909703
IMG_20130210_163239.jpg 0.052185857305307226 0.2983821745620634 0.2651058616857902 0.9154035155606295 676.2201206830329 -104.75445102904372 -254.42602620180207
2012-02-11_16-08-30_939.jpg 0.2027771449682693 0.9787836157503259 -0.02419300846597961 -0.016696148016867144 -709.7081241411278 -35.07238671162125 -152.4649167679873
IMG_20140521_134226.jpg 0.07948533331508328 0.9523399581769405 -0.015158378900214053 -0.29411036941333984 -626.0208233588367 45.97617689318727 394.45036672611036
IMG_20130210_163245.jpg 0.09527018771609949 0.9500073578838113 -0.04327701631071537 -0.2941712276182034 -682.7951387755442 72.26744911782328 256.79219250541524
2012-02-11_15-57-28_658.jpg 0.04617569708906133 0.4352179550220274 0.0910570037381547 0.8945176122888883 565.0855407628317 -90.76449683219879 -428.2274974894187
2011-10-13_14-42-44_697.jpg -0.041644332389529436 -0.3182705018813371 0.146605009534022 0.9356690699128416 487.2878001529441 170.45234887303806 566.2430822439276
IMG_20140521_133730.jpg 0.07240507120051809 0.7644429068088976 0.04868068820250037 0.6387603138033415 -27.281346276393148 -131.36895570472026 -728.4806136015796
2011-09-18_19-53-53_378.jpg 0.10723804219145108 0.9028415696331138 -0.06244441273468356 -0.4116768122782484 -595.2869151074516 120.74801671668119 420.11279262540023
IMG_20130210_163519.jpg 0.0012469472174393937 -0.07633596640308637 0.15382653120089818 0.9851439811797273 683.4395113494013 75.46738525956798 299.2403882708704
IMG_20140521_133744.jpg -0.004193629273311403 0.0144951009540886 0.08189230242762793 0.9965269471143016 731.7887619160219 17.611354928419708 82.65993921594807
2011-10-01_14-01-49_608.jpg 0.06916165630674732 0.7615159171855612 -0.0951659687122447 -0.6373802723406182 -305.3255641145093 172.31813606767807 664.6168609443253
IMG_20130210_163642.jpg -0.011733265119286799 -0.2836954321882957 0.13613640050008421 0.949129133840078 535.4717411209567 119.33952392258402 546.0294649391634
2011-10-01_14-32-50_305.jpg 0.007717287344229876 -0.04185828731973778 0.16819190174132087 0.9848349158348029 771.1669170781705 -19.184033278193812 37.419063143159356
IMG_20140521_133943.jpg 0.031974406357480264 0.7126816127664635 0.027963002284622406 0.7002004189272596 75.67323313919887 -66.71917287916165 -728.2290049618836
IMG_20130210_163507.jpg 0.021392448343420325 0.4976535754032198 0.02587643826452125 0.8667258459195784 543.3621260543658 -42.01789037479244 -524.284305015437
2011-09-18_19-53-14_634.jpg 0.001979952015821375 -0.2184106157036865 0.18040028120918256 0.9590352554925182 597.0878531974621 115.58975583575719 458.12852961857914
2011-10-01_14-04-42_522.jpg 0.028522726547897132 -0.07667558114304493 0.11761186304762693 0.989684171338067 709.8036254192275 -16.26251105685446 184.08149046455355
IMG_20140521_134018.jpg 0.032742391049705645 0.29386640514257817 0.08930335171895677 0.9511021938407493 641.5167386342508 -78.90907196640852 -350.0900208856927
IMG_20140521_134713.jpg 0.18786170606193678 0.8953878397810502 -0.08229400093105195 -0.3952420690899224 -474.42921455006626 224.25561337742587 532.7780466800456
IMG_20130210_163543.jpg 0.09439801772153025 0.9777735007188891 0.0034568629300063386 0.18717918057534344 -599.9504076224871 -66.66524132536668 -439.5018528097368
2011-10-01_14-01-18_320.jpg 0.004480557297530442 -0.2848775079663289 0.055138295564801605 0.9569662995233454 498.3538178062568 36.96757727351152 560.5936892014059
2011-10-01_14-34-58_286.jpg -0.17533290873063098 0.9599158798624904 -0.05425618519738578 0.21183989490108776 -654.0585636867229 113.25730200772017 -259.95845338445883
IMG_20130210_163605.jpg 0.31708028214435896 0.5800671117101157 0.1598331769766136 0.7330999905368296 280.7794575282199 -523.882049904037 -492.75893466567874
2011-10-01_14-01-28_960.jpg 0.03366333790945042 0.3561513272412916 0.021852611969467764 0.9335659993461487 671.8938550672141 -54.89018761046538 -339.9523234617303
IMG_20140521_134049.jpg 0.06383621516117943 0.5290091274862546 0.07241149411403262 0.8431078556094119 360.89471966671596 -136.79566131645987 -620.4578314560365
IMG_20130210_163410.jpg 0.014041530447520883 0.27074949276888005 0.058598341032951834 0.960762083981394 728.8683573010803 -24.887684630120997 -230.6691407411594
2011-10-01_14-01-40_851.jpg 0.008330460098993697 -0.1982907339646282 0.15337306757782962 0.9680331039794425 597.5950110527867 88.28180972653252 444.8474049238865
2011-10-01_14-06-54_697.jpg 0.05452117244714241 0.29052124582836436 0.051518739420525615 0.9539238266055858 714.3327407328904 -102.819806690926 -336.6563264276087
IMG_20130210_163430.jpg 0.054017513948303404 0.7256603239215816 -0.05384259691471965 -0.683812969480946 -239.1361532263198 110.76993009843841 719.2122316208656
IMG_20130210_163744.jpg 0.021911181628058253 0.7803603219539536 -0.02742458055942363 -0.6243441041771146 -323.15664250814996 52.651687003342786 703.2511537864112
2011-10-01_14-02-31_15.jpg 0.10466829964134053 0.4749700557314569 0.10170729902120137 0.8678154288409834 534.667622518348 -196.46145901656948 -515.0731423424978
2011-10-01_14-36-35_776.jpg 0.12004700666754481 0.8524978466034099 0.029721456171128643 0.5078905125809894 -322.72881759136374 -117.96085432514987 -560.0259993001736
IMG_20140521_134121.jpg -0.02568155796030429 -0.21725503912940808 0.11907997815382185 0.9684836933869856 651.0037965738377 77.50878846429399 341.26480834144445
IMG_20140520_183052.jpg 0.010939240917999846 0.36512974353964933 0.039595147197272404 0.9300499060315172 675.3421229133454 -23.332022122342963 -344.7488132701649
IMG_20140521_133951.jpg -0.026337221274813118 -0.2786397840110787 0.07313127589662965 0.9572450250732634 572.9502124227934 72.40142979424708 456.3066008257719
IMG_20140521_133853.jpg -0.009171160070260554 0.15373063687586014 0.04974345252677753 0.9868172931396292 716.2882363943377 11.957634840516404 -107.67235868908942
IMG_20140520_182723.jpg 0.015713422910918543 0.7481600798103057 0.011859249439597768 0.6632261616683929 77.024027835395 -27.31927887297314 -696.3785016584297
2012-04-01_18-11-50_589.jpg 0.06655715109120598 0.6735735311348181 0.08717706270102953 0.7309370722107446 226.85064506809672 -157.1035324313538 -724.89933727363
2011-10-13_15-24-38_28.jpg 0.14177993522869753 0.9798237759168597 -0.0446660426878474 -0.13359926176884926 -729.5184695516027 67.15432172386616 113.40793754527122
2011-10-13_15-23-25_156.jpg 0.09377688186914425 0.9856984420718214 -0.051864613454213365 -0.13005590949791493 -726.4392787390724 83.05200927588777 156.10782524984285
2012-02-11_15-54-22_239.jpg 0.07294284318873966 0.5895686965098461 0.06508333979357014 0.8017806761231764 340.0465454207921 -149.34610607934624 -681.1184254149147
IMG_20140521_133959.jpg 0.018302964899161358 0.21620756171578168 0.053005784280707895 0.9747356967740556 692.6182010279254 -40.06405250901015 -236.46009083766268
IMG_20140520_211755.jpg 0.005608031075036912 0.018956991243076145 0.23210965933608627 0.9724887086816779 755.9505417013058 62.315592913102435 127.38459117783245
IMG_20130210_163450.jpg -0.08635026707275734 -0.6215144286878121 0.13126161225118552 0.7674853975539505 -46.5944690070458 235.09466678136155 721.995862003153
2011-09-18_19-51-48_277.jpg 0.07452524858320508 0.8411320145349424 0.017843359064026485 0.5353732679031645 -225.9537264733814 -97.99909558886824 -720.0347903510615
IMG_20140521_134720.jpg -0.07526336054134965 -0.4715556379709931 0.11928352452106221 0.8704838583429481 436.5234801232977 168.1485190185442 578.52806018787
IMG_20140521_135132.jpg 0.09849278074123438 0.925644292048222 0.04138394730898379 0.36300025571000827 -474.98032481399173 -99.98781694088728 -422.74344284609
2012-04-21_19-06-12_928.jpg 0.01947317535668776 0.5962922218493519 0.006551689940050458 0.8025044903067018 334.5707508496111 -34.55291878758206 -696.3490740289473
2011-10-01_14-32-21_386.jpg 0.010624210626061038 -0.2528621649120804 0.12315768364451583 0.9595728407285536 701.8067141773118 16.61543680327097 356.94520281079843
IMG_20140521_135449.jpg -0.42481273845565415 0.48788231526735076 0.7526966141299297 0.12228160439132556 135.10329937632903 -443.25083136393516 -467.0178487090908
2011-10-13_15-28-32_396.jpg 0.09491767187015529 0.9899315886580314 -0.0661846090006903 0.08152105786336199 -630.0322343913418 46.48882683687655 -269.1639961417083
IMG_20140521_134103.jpg 0.12395561444339492 0.9921269969148925 -0.0034128513552119087 0.017532258446212038 -729.095578599838 -14.527481502377782 -67.47380939871137
2012-01-28_14-40-10_416.jpg 0.013245678470251182 -0.0023152249226087904 0.12658380661276905 0.9918647748755078 727.2658859028238 28.506949085745624 192.95381581104877
IMG_20130210_163456.jpg 0.0038618386377919744 -0.05818038836454956 0.10419836786187081 0.9928458232510267 702.6720076895634 45.757748837391695 286.5784034046338
IMG_20130210_165257.jpg 0.39209155377110316 0.9191216964092356 0.01070162994373163 0.03694584912703767 -715.4680508778615 -12.746132219247396 -11.489524421165575
IMG_20140521_134058.jpg -0.04189776920790376 -0.2999232954154441 0.08825729573781407 0.9489474398256152 570.8845838138125 97.79846164649163 448.4010049457844
IMG_20130210_163752.jpg -0.04684963585009361 -0.1460115090547833 0.3956701005074749 0.9055003712912895 674.8175716141631 264.5467818963863 276.1311058433306
IMG_20140521_134517.jpg 0.3590388027231098 0.865405447699732 -0.12542904910250163 -0.32623933372912667 -564.4083828730817 363.12859875870646 392.08875773985477
IMG_20140521_134725.jpg -0.005004434512711505 -0.11235073275836142 0.07974017591409538 0.9904512975553401 731.2407076451257 6.7035137980677035 128.15261095777169
2011-10-13_14-42-19_619.jpg 0.00984459309527999 -0.061753708263440545 0.16730857349617856 0.9839194096760043 704.5862047813079 61.757729783566184 265.08361315938225
IMG_20140521_134032.jpg -0.039299110255608984 -0.39837791754279617 0.05218540704416055 0.9148919597630193 454.2365005449065 81.90714860837704 573.3358992878744
2011-10-03_13-15-48_699.jpg 0.16301479990202888 0.9455408531896178 -0.08163106934459416 -0.26965726112977073 -545.2849319272414 175.34134120222868 384.2718840329083
IMG_20140521_135154.jpg 0.08855501993212556 0.9611729381793022 0.013773259696440006 0.26098829221618797 -554.6022721216949 -51.65915760921845 -322.31786752784797
IMG_20140521_134702.jpg 0.08451129134981998 0.9846547230720963 -0.01376626318766949 -0.1520638285853898 -701.2109081969311 38.68327535335306 263.8036095628328
IMG_20140521_134006.jpg 0.04788123464411697 0.8486304408087094 0.01655613661814824 0.526554514406678 -260.32823683743914 -66.63184963676416 -681.627230970925
IMG_20140521_135141.jpg 0.14327472643985156 0.6680346283693757 0.11672948473566469 0.7208164228541978 37.30578305750461 -237.93903003101735 -596.2695880233847
IMG_20140521_135136.jpg 0.0939042221274277 0.6689228497086667 0.0885589339925507 0.7320392977254583 51.008930910701785 -169.7666536593573 -618.0412868375466
IMG_20140520_182909.jpg 0.06382259766344107 0.8263300738411792 0.03148184968682438 0.5586717983158076 -108.05535562629595 -103.52661388188837 -739.0641922598995
2011-10-13_15-28-44_551.jpg 0.05886771538795947 0.521497789011017 0.057627874509903136 0.8492665519264807 453.31142363981235 -101.59824988483017 -519.3582735655704
IMG_20140521_134455.jpg 0.00824280149554241 0.15772673135831072 0.092200538506686 0.983134474595213 729.3013371246235 -46.82435018524089 -260.297594261015
2012-04-01_17-51-57_877.jpg 0.05959333370575548 0.9445953261321322 0.004618638947129488 0.3227490861357196 -634.5970508392261 -38.50641883279389 -427.48347962055857
2012-01-01_09-47-31_226.jpg 0.00919419382637062 -0.23827137562994857 0.12911186191384172 0.962534334695878 576.3387640436379 82.18055758069544 514.0804016664152
IMG_20140521_134759.jpg 0.3474904920917954 0.9262332647880851 -0.061345253369595655 -0.13258603619849013 -683.5854921808944 170.3065765900132 182.8334923417409
2011-10-13_14-42-35_909.jpg 0.07028892088505233 0.4189273241436441 0.09417493152754493 0.9003834999368011 610.964608670565 -134.00354919841416 -440.6488535221325
IMG_20140521_134042.jpg 0.0067291821756174505 0.030346448190421142 0.18320595316532212 0.9825830193496422 732.2349621391168 -3.156742523769529 11.058142278907418
IMG_20140521_135234.jpg 0.013185210295029177 0.5590928017094414 0.07387931475283759 0.8257016629254261 236.98157196784857 -69.70112101444944 -584.75718811995
2011-10-01_14-33-25_558.jpg 0.2802181490965298 0.8937095342578006 -0.10170330338237873 -0.33528718343344244 -541.5088285519228 289.7894851255872 437.9236423153004
2011-10-13_14-40-48_799.jpg 0.10518596051610232 0.9935230824576966 -0.023809912976750867 0.03578947300675587 -692.0453527986579 -9.208334778562936 -225.44348479948303
IMG_20140521_134620.jpg -0.03712319787852553 -0.5352644278258227 0.043112198933754925 0.8427663963321402 366.75846669308106 73.37042546363426 663.7768373630904
2011-10-13_14-40-58_228.jpg 0.06438086224336337 0.9664185092497342 -0.006483888511174203 0.2486932422606159 -534.2224787451239 -36.70874261048552 -493.47126988645033
IMG_20140521_135207.jpg 0.02245776160693285 0.41352190908991804 0.05866332360720276 0.9083247734756509 433.0454254168206 -61.22740747937185 -473.6354565624301
IMG_20140521_134708.jpg 0.3711811371280274 0.9095630896730565 -0.09306376000417257 -0.1620453205700015 -682.382091506609 237.33533755225997 201.61209251225492
IMG_20140521_134010.jpg 0.15391744831957757 0.9860328792621135 -0.004674055134237408 0.06345654675018403 -714.3308189634874 -33.86401169319748 -158.1082156258394
2011-10-13_15-22-28_406.jpg 0.1649459984754181 0.9857019007155812 -0.02429575684424432 -0.024378201574424937 -779.3678135661102 37.69866069696039 38.79304284876884
IMG_20140521_135259.jpg 0.013964906085579383 0.085659384867745 0.09062351556683167 0.9920961796158722 633.3186625817523 -35.2282393848316 -116.8984755619391
2011-10-01_14-04-06_46.jpg 0.06678625180745675 0.30329437718879526 0.07783898024511575 0.9473611827014935 660.0182392732763 -123.26868279456063 -341.5779668126559
2011-10-13_14-40-10_3.jpg 0.12327680997353467 0.9882222960427173 -0.04595128072765055 -0.07815370449503478 -706.3812044829539 36.943985831305206 -60.44121059872246
IMG_20140521_133829.jpg 0.359452546987276 0.9125144584567919 0.025404777860933144 0.1935609124629885 -616.3442715735354 -208.39588667172717 -315.3013367348788
IMG_20130210_163303.jpg 0.0499229627695639 0.7614696413211347 -0.03282345993204878 -0.645441169753418 -285.3972147480118 76.72299451240201 684.1098805809705
IMG_20140521_135218.jpg 0.13418493366399337 0.838018925016927 0.08886395996401614 0.5213654011445126 -262.942371278944 -192.94637098968883 -554.8482428379265
2011-10-13_14-43-25_273.jpg -0.0742385111238169 -0.28120807102870876 0.2761181938549114 0.9160619014437471 546.2289657801675 291.4438969871352 465.69123639423384
2012-02-11_15-54-43_404.jpg 0.06768676171763396 0.7975722235163455 -0.08869528093375031 -0.5928154836907141 -343.71573719030386 167.71480443474104 677.9513674885702
IMG_20140521_135144.jpg 0.01094173700560579 0.37878765914678986 0.05097109220493884 0.9240141424398391 454.54812516878945 -43.73205835958249 -452.62981910714524
2011-10-13_15-21-54_312.jpg 0.0008942399944272013 -0.2206063999009194 0.13849429229127452 0.9654798535755823 732.4774991015046 31.487205242460554 316.3839476765954
IMG_20130210_163342.jpg 0.03674771990544155 0.13721703260828663 0.2870737374357719 0.9473171381953279 757.7169456627263 -19.235452111646413 -40.64320037046888
IMG_20130210_165409.jpg 0.06961656548707877 0.40357466943314063 0.11060103081908744 0.9055652555081106 456.8951823972565 -158.8485643565033 -504.12475752277555
2012-01-28_14-40-55_292.jpg 0.06538459978047219 0.689517364305214 0.04344268752678715 0.7200023550889176 208.64034621118265 -121.88868021976687 -737.4879388523867
2012-02-11_16-06-32_96.jpg 0.08578340913054391 0.4302314148100967 0.18105134100335357 0.8802059692761298 547.5490988811251 -171.98865609783812 -410.8650937338533
IMG_20140521_134543.jpg -0.041833906708462855 -0.42363833396742673 0.06619479689051855 0.9024404329967898 527.8115732635262 90.94386538153076 564.3597177954844
IMG_20140521_134552.jpg 0.24120142565415528 0.9064993892093062 -0.09111108667058951 -0.334334412693732 -563.2376173205103 262.53124726710865 468.03313324367645
2011-12-17_14-51-57_632.jpg 0.23536545538087575 0.8433519372538835 -0.11811580367607018 -0.46841143161267046 -373.3280560774367 321.7022246407567 576.9159004980087
IMG_20130210_163442.jpg 0.10061862160840317 0.8325242561301563 -0.08629684494829762 -0.5378960034175039 -485.80707469889734 169.09833813707678 563.9656526472088
2012-04-01_17-52-20_918.jpg 0.08254428325304033 0.6463088406654963 0.08041735956294796 0.7543237846314987 75.5827682089777 -185.71496745683635 -752.1866904518573
2012-04-01_18-11-32_119.jpg 0.03631170603737268 0.8461697822051276 -0.04635136995575581 -0.5296505547913699 -476.6699622600704 86.11927547959019 605.784078011017
IMG_20140521_134259.jpg 0.02771478259192593 0.13348631909944483 0.24927230993665642 0.9587891368481432 726.2133126836657 -89.70905258257879 -166.3346330899411
2012-02-18_13-09-02_132.jpg 0.11760149725746877 0.9510754743056515 0.013383637518896383 0.2853878208050317 -651.5790251398953 -63.161729019393995 -348.7262946619689
IMG_20140521_135425.jpg 0.04991439345598732 0.4219667772762906 0.07428030579860538 0.9021834782190639 390.09293102088 -115.15068984998321 -542.8137751409956
2012-02-04_14-26-36_868.jpg 0.8901518620960127 0.014916734785678544 -0.14548442073865683 0.4315569913147883 -459.3699030110256 -582.9224288064419 245.23564345711037
2012-02-04_14-24-57_766.jpg 0.04768026529082007 0.39513020509192887 0.04305747722056567 0.9163758873853066 474.351260046101 -79.62081285914478 -430.1590588162189
IMG_20140521_134229.jpg 0.09023366313167372 0.9895146349923011 -0.01289771134174144 -0.11203714659004105 -727.682708458815 22.996215665386956 140.441121078078
2011-10-13_15-23-06_588.jpg 0.05002070894254453 0.879154534175094 -0.06737743105015052 -0.46909009316051564 -429.14146750908566 116.93993436845433 611.4864592750713
2012-04-01_17-53-25_203.jpg 0.06662114011935069 0.7692362239194175 -0.07594196645138686 -0.6309279461482827 -153.30680051457995 148.05678233879232 746.8074889518822
IMG_20140521_135431.jpg 0.09743789840995892 0.7593461050350738 0.06111721072009132 0.6404405009642266 -173.26278402671463 -150.83273598959752 -641.7113857125147
IMG_20140521_134250.jpg 0.0975507725205144 0.9916885880893801 -0.012009381023416432 -0.08302629584281193 -738.6251156950126 19.475170241152675 105.66075771357539
2012-04-21_19-05-53_128.jpg 0.132202155735919 0.9874510142153171 -0.038140519145760124 0.07751377518357333 -740.4939362138758 10.010433913207514 -222.92688075088435
2011-10-01_14-02-03_773.jpg 0.07521598151893885 0.6115331749229515 0.016106953776512195 0.7874708236708454 351.816132313423 -113.60837751681889 -659.8204982163878
2011-10-13_15-26-09_227.jpg 0.06874207978968991 0.4344356566550929 0.029051971527225454 0.8976057985793249 423.8118966795857 -98.86593731512768 -471.12034408796274
IMG_20130210_163656.jpg -0.016316401125230116 -0.11875448566509873 0.16294971283238338 0.9793255527538232 697.4357296256661 106.28033610386568 327.11607422066817
2011-09-12_14-15-33_253.jpg 0.17915340679008512 0.8633949115608968 -0.10016515619909619 -0.4608906866165421 -400.2894562372891 265.60792203146667 619.6155602564854
2012-02-11_17-54-57_837.jpg 0.002037079073243109 0.05909911088222564 0.04874714893171156 0.9970591060076677 767.5066998554144 8.000488107678198 73.08511948817315
2011-10-01_14-34-01_838.jpg 0.3285994105777089 0.925101193278831 -0.01596741578858522 0.18961869948689103 -697.8334437087799 -49.24377296879509 -230.05108161806498
2011-10-13_14-41-10_987.jpg 0.07858341294436882 0.4794885372695003 0.0900496499317106 0.8693712960434951 521.8776084537129 -143.40879267178371 -486.63869865119534
2011-10-01_14-03-23_319.jpg -0.004993125967019233 -0.2171360731163205 0.049079967419623866 0.974893917943276 645.3101281957739 32.88658624346795 440.7292268727559
2011-10-13_14-39-31_519.jpg 0.07787031648872653 0.9483654261555163 -0.01117206725972317 0.3072692910070173 -454.2297720731943 -41.58555682904749 -517.6616973826782
2011-10-13_15-28-57_199.jpg 0.0700279562160808 0.2496732560315678 0.11700753292435873 0.9586806495438142 679.6256485513973 -98.41508309349302 -167.71946417764576
2012-01-28_14-44-12_979.jpg 0.05605755649707654 0.6343720095287925 0.028925298556678896 0.7704498886945121 227.8993150344825 -95.93613351438769 -687.6789285498406
2011-10-01_14-32-07_573.jpg 0.06379697259825298 0.7243017582073106 -0.07985084993028092 -0.6818656400717874 -16.783821865250296 151.7240917980561 775.5820566533059
IMG_20140521_133816.jpg 0.029837941049079362 0.9978920860490132 0.0034843947045125985 -0.05752339409530307 -724.8155944362226 -11.60170706832007 -30.222362819899256
IMG_20140521_133716.jpg 0.2627311204728741 0.9061460188038524 -0.08157637745394895 -0.3212740972790794 -641.7007142483334 185.58882100871006 330.6324754370684
IMG_20130210_163420.jpg 0.05039834400591266 0.9623923105374018 -0.03192095790092823 -0.26503226216185527 -734.6533222950981 49.80993714010867 215.07869994467086
IMG_20140521_133618.jpg 0.15328568283416324 0.9768982573123155 0.01302227862863332 0.14833649098432894 -695.3368982592397 -91.88848252500061 -323.0161537878014
IMG_20130210_163326.jpg 0.061604322809374175 0.9010777519570259 0.02702411169560969 0.42840808783954415 -332.1466765841535 -89.61938987196964 -669.3491939375521
2011-10-15_14-27-51_352.jpg 0.04570973485181385 0.9786864218891034 -0.009534049978588722 0.19998152324824148 -571.4436433200174 -14.457359289514054 -416.668441515077
2011-10-15_14-27-59_188.jpg 0.03172132777820758 0.739477773359328 0.00167071204417799 0.6724311033799555 94.58588144114813 -38.284019710417134 -702.3335786392109
IMG_20130210_163733.jpg 0.06863149142090942 0.8088463323305816 0.045601458990712496 0.5822180313238564 -85.26084738055849 -126.97244089426323 -762.9149427996662
2012-04-01_18-11-58_134.jpg 0.0572771671307733 0.9981690066203927 -0.007301297023139677 0.018018085628381118 -750.3469077713456 -9.91959601649498 -192.16235905186898
2012-04-01_18-11-40_213.jpg -0.05096388425544628 -0.47857730841091256 0.14823889979656077 0.8639396222901624 268.7605306936509 207.6716978612006 697.1736359408064
2011-10-01_14-05-51_548.jpg -0.0838044908591619 0.9538900631593122 -0.16157332482958092 0.23867261137649387 -582.0697291165217 296.22821498843393 -280.72636945586635
IMG_20140521_133704.jpg -0.010697521579043506 -0.1978979371849625 0.025875930333912465 0.9798226399299806 643.5961831640664 24.277475141730925 386.6760765888568
IMG_20130210_163614.jpg 0.021005989225463234 0.1805293828835717 0.0442021261392082 0.9823512927548427 764.1602443349605 -27.583185745751393 -79.96387930842727
IMG_20140521_133236.jpg 0.07746470447813418 0.780947805917881 -0.05280400882097946 -0.6175204293337966 -353.47916643261743 118.58694819684821 655.1642487964614
2011-10-01_14-05-02_890.jpg 0.07867346380583405 0.3914755484302993 0.08389270510792372 0.9129728337161316 536.650599426472 -152.43630129845263 -471.5798578572341
IMG_20140521_133657.jpg 0.011568574746054883 0.22647542209929553 0.06740167277419226 0.9716131255651764 719.0234293709372 -29.79081122342968 -230.73649071830422
IMG_20140521_134901.jpg 0.062281445836370665 0.3514196661148775 0.16794835996343024 0.918922514773598 499.3298793073505 -179.81406139322613 -462.5094614430195
IMG_20130210_163537.jpg 0.14037974727715435 0.7568815551573825 -0.12478563405944836 -0.6259811367360254 -322.8927278140817 251.3710681745942 624.352018534794
2011-10-01_14-04-27_991.jpg 0.14080839594611005 0.9723469351846086 -0.014497445230916662 -0.18575321625737234 -715.7348609849099 32.660691651594504 190.35888481928885
IMG_20140521_133638.jpg 0.20247039068196335 0.8948476717600863 -0.09746104716343834 -0.3856873468607075 -597.4922900312464 215.13093233003852 425.75030893794013
2011-10-13_15-26-23_83.jpg 0.08592464020418741 0.5099341445676705 0.08216323160238466 0.8519585246844313 321.5098868510776 -149.71667702907177 -533.6803486448683
2012-04-01_17-52-30_726.jpg 0.12402761104265675 0.8701170816246593 -0.08046565452112962 -0.47014752408847477 -391.7222798358126 198.87959156172778 647.9174799429976
2011-10-01_14-04-16_647.jpg 0.008669295624535547 -0.29295404646692597 0.02238655052391867 0.9558250950501709 566.6207156141818 -2.7623598100058513 491.2934841368112
2012-01-15_12-42-51_289.jpg 0.030312867975715738 0.35356235414507536 0.041575493485113135 0.9339947912638213 671.8872090726904 -52.37837465590638 -333.0629563056144
2011-10-13_15-25-56_609.jpg 0.0412795103101494 0.35658626039848 0.021804865053556718 0.933095273154664 512.7465724756821 -62.052030252175456 -385.26050871523177
2012-04-01_17-52-11_509.jpg 0.10610587913289758 0.9442653538703228 0.01936654166077966 0.3110135382225193 -648.1997854824889 -78.5712866111621 -412.91863005955196
2011-10-01_14-03-53_317.jpg 0.12211287911056977 0.9200544534454018 -0.06928072539727281 -0.3657710056019175 -618.8272440196636 141.78401335004568 423.19291769146537
IMG_20140521_134814.jpg -0.058590540877628994 -0.44783154517637336 0.15297619737300389 0.8789836964937999 456.7323031366483 156.08871822501834 530.9939929009793
2012-04-01_17-51-41_830.jpg 0.07439308146488598 0.585049890717697 0.06773223464102165 0.8047326507554561 180.08332687096055 -158.0920192652454 -713.7101681190503
IMG_20140521_133925.jpg 0.000501915171365552 0.0797664426156052 0.05651314402661803 0.995210192505 728.7738152975058 0.7359192515819766 -10.810232600253661
2011-10-01_14-03-03_624.jpg 0.03527380110992594 0.24407134458048965 0.013358737313302888 0.969023468161284 736.5115983819873 -57.64247307860343 -238.18977113938382
2011-10-13_15-24-27_555.jpg 0.1181410617646999 0.9005069366893113 -0.001694570849668847 0.4184818692956459 -427.1154192882364 -89.90538012351948 -598.0667947048732
2012-04-01_17-50-51_52.jpg 0.28305035140858065 0.9418702294927068 0.015090155987333048 0.18037532135830683 -672.0673055713714 -81.04268578721484 -205.43401575592108
IMG_20140521_134746.jpg 0.11501820582697136 0.9074275979822974 -0.05315303343217389 -0.400650373499616 -458.8548821264587 136.55188278445326 549.0007165217589
IMG_20130210_163400.jpg 0.05343258124896 0.8613210931655045 -0.03878436120905354 -0.5037526248615078 -521.7569778048464 79.37112426396253 552.362004948447
IMG_20140521_134319.jpg 0.13247101339874573 0.7011973480911413 -0.14225402733380058 -0.6859573611722339 -22.746677682394218 281.75608027853514 703.2311367925305
2011-10-13_15-24-17_508.jpg 0.05291552545465014 0.7111808501326949 -0.0907793223918835 -0.6951121205938408 -71.60799475613244 147.22907200528945 721.544301201968
IMG_20140521_133834.jpg 0.043849714480878495 0.6480160113011528 0.03648350625932008 0.7594875939792015 225.81489967875962 -83.02039621902559 -682.0686231364772
IMG_20140521_134734.jpg -0.0629146617583743 -0.5592397453802924 0.10759297161896056 0.8195830677734969 304.53376227085215 152.00797114566384 650.2757178752981
IMG_20140521_133824.jpg 0.1677507225968966 0.9450885881291091 -0.0615516703492384 -0.2736396307802755 -663.9423673203461 114.20900382320892 262.96976955309
2012-02-11_17-55-15_790.jpg -0.01110068842426031 -0.2182882435736963 0.14708540678349125 0.964672431732841 598.6862505134432 111.9139687068499 461.03914633858307
IMG_20140521_133802.jpg 0.3899523854059335 0.916808057125661 0.008446707133064075 0.08560827439156155 -696.3514027847624 -137.83446019766873 -178.3648240122355
2011-09-18_19-52-52_142.jpg 0.05952297915074143 0.8924801506006226 -0.050908782147574785 -0.4442347258343959 -582.0502583285634 97.4922915382863 492.9889504148416
IMG_20140521_133751.jpg 0.287397674192656 0.9429595492454874 -0.03119117767659925 -0.1650968679004713 -717.9477795985082 51.75517767313106 131.8329514067386
2011-10-01_14-35-09_370.jpg 0.023943514165592553 0.8493106612134986 -0.06347418972279041 -0.5235161278485378 -298.4541516326533 86.19922020197437 634.9087449692773
2012-02-11_17-54-45_951.jpg 0.043907558799164796 0.8245923308890428 -0.050613316930673335 -0.5617454105451581 -420.2861209731166 97.1699203943553 641.3726381734485
IMG_20140521_134934.jpg 0.05271939025427449 0.8916657613167062 -0.034643032019623876 -0.4482774769260702 -408.50801699394424 70.92122285869104 573.6196927173148
IMG_20140521_133735.jpg 0.22281827413690972 0.9248546161782457 0.04691454221527277 0.3046226868983485 -532.0177384582506 -207.00967429490203 -471.122062053156
2012-02-11_16-12-51_455.jpg 0.07160283559612662 0.22865087095808173 0.27085427315832566 0.9323249304060148 720.5240096345058 -98.48169198806855 -140.98921653842643
IMG_20140521_134642.jpg 0.1254598527904458 0.7271740342046847 -0.11698776921274616 -0.6646740638620623 -12.07646179551388 247.38214763610978 711.4731612052627
IMG_20140521_133725.jpg 0.03771783376403246 0.5485675113287849 0.04923642281190524 0.833802629642879 386.8544932097193 -85.35577528491561 -625.9588174467916
IMG_20140521_134624.jpg 0.11197022146140043 0.9807003076331111 -0.015301943955474582 -0.15954756853487295 -705.2711594549606 52.75606820108141 281.7211725007107
2011-10-01_14-33-40_719.jpg 0.2366800721640201 0.8736571324446482 -0.1485422924945217 -0.3982975592562686 -445.651562005906 339.14335597806536 493.47574174193153
2011-10-13_15-22-10_39.jpg 0.08348650658688714 0.9865387915643091 -0.03861876327734807 -0.13520283680336925 -754.1884010133632 73.52464799501685 228.5577093116662
2012-02-11_16-07-09_767.jpg 0.09480480825063356 0.8978064414625674 0.031770579797776775 0.42888958049852 -315.49456567664174 -123.73384224150664 -650.5873643978086
IMG_20140521_134611.jpg 0.04777238988321669 0.5647533682953043 0.08091903977308541 0.819892395846038 232.81463483198334 -141.44453445894555 -719.6945896077012
IMG_20140521_134851.jpg 0.3910716054194907 0.9080508125012626 0.03009723806361767 0.14697237023114654 -687.738413604109 -100.77066145612443 -144.96478457593804
IMG_20140521_133653.jpg 0.07118868473368659 0.5760828513828411 0.07784006193865355 0.8105563794492585 347.85408385054393 -152.34334030595932 -654.2631723383904
2011-10-01_14-33-15_675.jpg -0.0058462318478169455 -0.47617359111299856 0.04163751375316018 0.8783455186589089 446.96982544809566 27.1773809403315 610.6690967442828
2011-10-13_15-21-48_70.jpg 0.04504549452802669 0.7701264910215302 -0.08864277467699366 -0.6300940800762642 -122.95864083944441 145.06140791833553 776.4381403933152
IMG_20140521_133644.jpg 0.18881665925475954 0.9067042490970495 -0.08375554671146417 -0.36772364929698437 -615.8402623111986 185.06255448965283 408.21798551053064
2011-10-01_14-33-03_50.jpg 0.23454562942796733 0.8843788696445902 -0.15203924229512022 -0.37382673987386394 -489.8270935735178 343.8076150358057 477.31565517541287
2011-10-13_14-44-35_892.jpg 0.029683622415879102 0.3994864451965439 0.02470508874131011 0.9159252814803093 626.8791103625817 -40.97561486168501 -411.108468841646
2011-09-18_19-45-01_34.jpg -0.024239319441499287 -0.0459499337751152 0.11985222607081579 0.991431542208006 760.6615848893572 72.15542784314323 188.38866607845378
IMG_20140521_133630.jpg 0.08940679044272916 0.5299762945331945 0.1151868242628929 0.8353822769078981 420.3354650095789 -198.36003139157273 -608.1777734084993
IMG_20130210_163338.jpg -0.009599579190806428 -0.26980512370522913 0.10374763134498409 0.9572614440643008 543.1210549929773 87.46558689292902 522.4819259520555
2012-02-11_16-05-59_783.jpg 0.055723206376340526 0.4588502685820133 0.10672252440976306 0.8803190660646636 538.7244024444105 -115.28516903423348 -467.76537858840453
2012-02-11_15-07-14_158.jpg -0.08719105078690333 -0.532683839964954 0.11871105835572775 0.833398663262025 229.00727168876935 223.04338962814057 737.4329794642039
2011-10-01_14-31-58_416.jpg 0.10383416408348284 0.9723040394041181 -0.04513435006535398 -0.20446567382252337 -715.2899052879048 100.62180636325634 335.73977514885206
IMG_20130210_163309.jpg -0.07452790712694261 -0.28800144484493784 0.2512585448484275 0.9210699769654621 502.0269877685316 275.0313146904617 477.39719089839633
2012-02-11_15-06-19_188.jpg 0.13167627309887392 0.8480905298663225 -0.09582889523816915 -0.5042029701333415 -455.0287890953763 206.75876064549493 581.4117900872114
2011-10-01_14-06-32_541.jpg 0.07828299828517161 0.633677095775889 0.037786230515628905 0.7686984527445977 260.6300570008409 -138.50306806483408 -725.0865079593784
IMG_20130210_163253.jpg 0.041788410326789864 0.6121584921729069 0.04946629708523428 0.7880791804607126 339.7327575965328 -87.04069917008754 -649.2169523276025
2011-10-01_14-06-14_385.jpg 0.11584987660746199 0.9060855529408561 -0.07056122871707683 -0.40076038956443216 -590.8214012819013 148.66251745704403 475.62802818946795
2011-09-18_19-51-28_840.jpg 0.1453839681908725 0.9337574155733815 -0.06388962211189798 -0.32074710729980654 -643.3300996140055 131.10231927179615 357.05400011292977
2012-02-11_15-55-18_225.jpg 0.09412149321624877 0.9888286177752446 -0.0005975808959916318 0.11558006783402036 -695.8556083057123 -46.640854786792396 -327.969841846314
2011-09-18_19-51-21_238.jpg 0.142869776113868 0.9408021394690271 -0.06237456517447943 -0.30098002435870946 -656.8522999837896 124.37470049463411 332.06145097613853
2012-02-11_15-54-53_466.jpg 0.0816073839609564 0.8746555565038147 -0.07656405055024056 -0.47165224320826826 -534.8800357797909 149.9406753450092 544.6495445974277
2011-09-18_19-50-03_845.jpg 0.12831236718686043 0.9909276673249909 -0.03619615026153153 -0.016974488593207618 -738.1850947269484 36.832940250582865 -34.63857586391829
2012-02-11_15-54-30_83.jpg 0.07541195356565203 0.8547862359413989 0.019318022472384486 0.5131085091014407 -256.12180247134035 -100.85379169193975 -725.7601580074368
2011-09-18_19-49-27_741.jpg 0.09889790545851891 0.9920750978853116 -0.034416298067220706 -0.06943862670815418 -740.52390474769 49.71919236033487 74.30312280566302
2012-01-01_11-00-20_21.jpg 0.01663764339378293 -0.11378553560558013 0.08309200667208283 0.989884720124752 631.6953781159883 18.58280354577493 316.1422250518081
2012-01-28_14-42-30_955.jpg 0.02957355010572216 0.2765028304391187 0.023171762756493307 0.9602784280114061 728.2369151286287 -54.99083455006741 -310.294184009581
IMG_20130210_165559.jpg 0.12867657175820107 0.7748379128756309 0.09684134155029729 0.6113021374229203 -157.79493250915903 -203.7055948108163 -593.9451561269442
2012-02-11_15-53-41_116.jpg 0.3909216729398464 -0.05583578086475477 -0.11447366406361706 0.9115691917989466 508.8833126562668 -616.1991807221609 1014.8040779017077
2011-09-18_19-48-09_199.jpg 0.11896326245860107 0.9542268987399081 -0.008270042954099366 0.27428156025507927 -694.5940683722434 -36.81426870305734 -375.9656842462323
2011-09-18_19-48-01_445.jpg 0.1123103085164743 0.8755852431073889 -0.10120806466096506 -0.4587960378001212 -401.9504859517388 217.79453510002844 642.0465864072422
2012-02-11_15-07-21_697.jpg 0.13449843513301776 0.8298589108061822 -0.10529149786886671 -0.5311855227497035 -432.7626671828682 234.98619663341023 634.878579108134
2011-12-30_15-21-57_182.jpg -0.04028277353905176 0.9616527441336488 0.002809918135486825 -0.271281039175791 -694.3742903694653 -34.93144862948187 468.18456105219974
IMG_20130210_165459.jpg 0.04270527130010167 0.8067483743041464 0.041638139653873946 0.5878771858874658 -210.64960559029495 -84.53904264145704 -629.1470889852708
2011-09-04_18-03-31_55.jpg 0.04994900809942831 0.9987406305238012 -0.0014676179838564757 0.004482814769469408 -730.8819082949411 -12.417083582499757 -99.12157274243137
2012-02-11_15-06-31_219.jpg 0.08775816328918525 0.8604278548255861 -0.021077550606938184 0.501515850474101 -283.51711418030266 -62.09287506323792 -712.1850578636426
2011-08-27_19-07-57_152.jpg 0.1401003935890525 0.9848260347064209 -0.009308665535466732 -0.10199465587259654 -739.7854206602273 7.6615857194195245 70.46867785931838
2011-08-27_19-04-32_391.jpg -0.00896481828175991 -0.06215264637665216 0.09020191510580446 0.9939417966323779 723.1035188144817 32.246725916729226 171.08824525993933
2012-02-11_15-06-07_821.jpg 0.031658288117792435 0.01005327625166441 0.049325060475670895 0.998230295492543 766.6533625631309 -41.470035715821794 101.74807558940999
2011-06-25_14-52-41_37.jpg -0.0087558933692325 -0.6529637578918901 0.049566768664003974 0.7557147614379496 -67.77989000961729 68.6174071427144 756.8804972076856
2012-02-11_15-05-53_430.jpg -0.06924126557014516 -0.49861538408883826 0.12138515291979339 0.8554846524297345 274.85532717342005 200.16509756521154 709.4584042088627
2011-06-25_14-52-30_729.jpg 0.06421048760347277 0.8427844736558348 -0.06791141784662622 -0.530074884872358 -480.1352415128935 128.43491285209734 579.7421725195037
2012-02-11_15-05-45_805.jpg 0.28370332531206405 0.7802738974397044 -0.211489307860617 -0.5157105203908189 -409.4542387577372 453.60652525306193 495.6782755468219
2011-06-25_14-52-16_178.jpg 0.04874227462453433 0.41786956108110657 0.062775927407715 0.9050239795300518 617.6927060944511 -91.92792137977429 -441.6885111932721
2012-02-11_15-05-04_657.jpg -0.012216352363328579 -0.6845782527449723 0.06414614353568168 0.7260087112928308 -116.35444226178122 91.89050874375648 759.9405506028197
2010-10-30_17-49-44_340.jpg -0.010098609230057606 -0.508617732841107 0.07823163438553983 0.8573714663508217 207.51599909611946 94.92077305067535 742.6176694399422
2010-10-30_17-49-33_742.jpg 0.005661747051615734 -0.0814797526256065 0.10606942542732005 0.9909986233703407 714.3754216989206 42.41065264715038 297.14871514870947
2011-12-29_15-36-12_252.jpg 0.02337564286983013 0.3379858985727256 -0.001960438926408434 0.9408587930001105 623.5420742243807 -34.29805511656512 -352.89648470647114
2012-02-04_14-38-27_722.jpg 0.04961917213955734 0.7583159320908621 -0.07683225120176382 -0.645439145131918 -96.03279819909609 140.3737620642066 814.0586853129969
2010-10-30_17-49-17_523.jpg 0.023042710924475854 0.7447445489977139 -0.04789255156241194 -0.6652299555163496 -257.5752633905554 80.52293259946838 715.9838630068682
2010-10-30_17-48-53_719.jpg 0.01118809618771452 -0.005809425248792269 0.12210939802248537 0.9924365833626647 727.3626171409409 27.860282846995986 183.92455412574395
2010-10-30_17-48-42_201.jpg 0.0488787200095597 0.7434770996287847 -0.06693038067281393 -0.6636060557294434 -258.63241284123745 122.89878658367508 699.2131633484215
2012-02-04_14-28-54_541.jpg -0.01920139322034492 -0.30822707584498915 0.05280918210875251 0.9496518132976154 638.5981591519277 40.957767747204265 410.5017373972442
2010-10-30_17-48-33_797.jpg 0.06258784608625333 0.9809170736950898 -0.04170703401777215 -0.17929020990892294 -748.48007987479 56.6775565938754 89.12029920143141
2012-02-04_14-28-43_650.jpg 0.03348080099879558 0.49523106828024677 0.03467263237336948 0.8674232147797201 343.23194777639486 -77.81043148538974 -663.3690676014893
2010-10-30_17-48-20_774.jpg 0.04621906502974547 0.5802248798348709 0.04342800759914623 0.811983309560212 395.1916767030337 -88.82619249475495 -625.994381679164
2012-02-04_14-28-35_778.jpg 0.25731175541416274 0.9551114401906741 0.005246244490070009 0.1467149421883421 -729.5524013288174 -49.90760496627719 -169.25098158235318
2010-10-30_17-47-59_875.jpg 0.062369272279454616 0.3367814598102456 0.1760616899148029 0.9228708487907477 647.5477295380664 -117.625494369513 -303.7869698929926
2012-02-04_14-28-12_421.jpg 0.02372749972186295 0.9247128521117485 -0.011094713531886744 0.37976315543763545 -553.6171966917228 -3.962717379754793 -487.6678945764933
2010-10-30_17-47-51_774.jpg 0.12212745346775437 0.9911747031420785 -0.045851742701525824 -0.023562908392823132 -707.5505344456327 27.55294617039387 -136.29843685117098
2011-12-29_15-33-41_760.jpg 0.06839260540927085 0.9970854553929538 -0.03277536097688974 0.008295895490704698 -725.7279794047295 20.500285594964396 -194.81504745332865
2012-02-04_14-27-59_72.jpg 0.10924308192159911 0.8439191615447307 -0.022764391792153147 0.5247362959584967 -301.624835447393 -32.75361736235523 -228.75449388930426
2010-10-30_17-47-33_586.jpg 0.09332302550420868 0.9944897975997874 -0.026229859262157502 0.03991052322084743 -671.5625034289496 1.3716086084020669 -212.49988726783252
2012-02-11_15-04-56_852.jpg -0.005924640402215197 -0.03588407985172712 0.33132791058663524 0.942814428779913 742.5321868782688 129.6710612604745 176.94586368501655
2011-09-18_19-49-47_322.jpg 0.012482088215688792 -0.09554666593131268 0.16938213827061946 0.9808285901920164 711.7487761458987 15.023510524158608 182.78914829728132
2012-02-04_14-29-15_423.jpg 0.15212667779436598 0.9157401578731956 0.026651072725102552 0.3709004684335488 -580.9723755216958 -121.31499644677587 -486.5628806510035
2011-09-18_19-49-18_689.jpg 0.04827854745138716 0.8163133120086705 -0.06592553977893759 -0.5718002987916979 -275.14142723088804 114.60207503194599 684.3747266281316
2012-02-04_14-29-05_111.jpg 0.12726419284993373 0.8433469429626002 -0.09047379834589452 -0.5141830907631622 -308.6942103615939 212.93324772933542 661.2511449396264
2011-09-18_19-48-15_986.jpg 0.031953121893753926 0.999059147027718 0.018214930012288723 0.022979013602390245 -817.5990444466827 -25.887656557304535 13.683717544416616
2011-06-25_14-52-08_316.jpg 0.02448124944126359 0.8895424527366841 -0.0006647711853989251 0.4561956283046459 -286.7946387285615 -24.982284587018373 -706.6617358881574
2010-10-30_17-47-25_73.jpg -0.0023031747162110686 -0.08041682539061239 0.10875033188481764 0.9908083542720381 652.2825560536105 49.14281892456321 259.67831251039706
IMG_20140521_134310.jpg 0.12953372176160993 0.6398289035693007 0.10945667227649866 0.749572695592661 120.32846054364988 -259.21543663363 -697.2626520403933
2011-10-01_14-38-39_644.jpg 0.07987304853823898 0.6428796178237711 0.027542477248692195 0.7612933107882761 67.10680473264995 -106.84756998588722 -642.2568818114228
2012-02-04_14-27-02_446.jpg 0.20432229668761212 0.8229729113041193 0.15085020422518364 0.5081458473914185 -313.1424373308753 -316.7601134909708 -523.9185215867053
2012-02-04_14-26-27_329.jpg 0.02240442526956972 0.5218644298445122 0.01923099999092261 0.8525172885230841 297.633845051447 -45.04796763465543 -594.8342942540623
2012-02-04_14-27-11_868.jpg 0.05477414481855146 0.8584171177218693 -0.05966733524202701 -0.5065171805246004 -318.8098086762688 102.31573651611646 602.7983616930563
2012-02-04_14-26-05_672.jpg 0.01991894805921153 0.19848076796159442 0.03874387785356672 0.979136115249794 590.3477360859634 -40.67066326587491 -252.3026977787091
2012-02-04_14-25-57_611.jpg 0.08095361173676932 0.681061527843232 0.09024057613129072 0.7221207284506568 34.38933270514454 -159.5168756447429 -622.5298091592836
2012-02-04_14-25-24_48.jpg 0.02184943588088576 0.19495083081526354 0.023145360222454094 0.9802964184451042 601.4801837224815 -36.23657590579258 -218.7550633979222
2012-02-04_14-25-15_610.jpg 0.0713364751315331 0.5519797961288465 0.08493118782403286 0.8264478842105919 271.4134869703041 -137.1047780642066 -563.5245464073371
2012-02-04_14-23-21_748.jpg 0.033663051044561215 0.08034605484717401 0.08562786172498867 0.9925115514497918 730.457563750932 -48.660626757828084 -26.572589724893874
2012-02-04_14-22-58_90.jpg 0.12282720724699799 0.8890116668644594 0.017312116208401007 0.44076300204436936 -359.18686555077505 -125.03596325394363 -620.5916308040325
IMG_20140521_134138.jpg 0.09778002084711901 0.800669090699458 0.06417242690434308 0.587579759987397 -189.28720307748154 -167.45167547567087 -686.499281092135
2012-02-04_14-22-30_751.jpg 0.026266278272087988 0.4591866682309699 0.017430261130827535 0.88778030634926 508.3500098055604 -45.31808072255058 -513.0803281253645
2012-02-04_14-23-36_467.jpg 0.039279199194875415 0.4972655900606617 0.032002908501878306 0.8661177121498277 429.6360280044113 -76.09957989851483 -587.3560009968415
2012-02-04_14-22-23_115.jpg 0.017869573297555157 0.13769654651721971 0.04195137469724706 0.9894242879515368 716.3222782681681 -25.442884922082857 -76.57739503786051
2011-10-01_14-34-12_690.jpg 0.037172509825858166 -0.4178138244903737 -0.034314553042521206 0.9071231030171515 342.00426340078224 -68.5408362350443 803.1570348632223
2012-02-04_14-22-13_779.jpg 0.2568568715104341 0.7927791195367553 0.14497895300826355 0.5333918994220174 -159.43759990924963 -387.80892148810244 -580.615144856457
2012-02-04_14-21-52_735.jpg 0.0061136601222699 0.471180088502214 -0.023525732917620067 0.881702039948669 497.93496669298963 1.3821131504413302 -505.6430198889754
2012-02-04_14-21-34_646.jpg 0.03319184607151092 0.42178864164591273 0.040868865546669846 0.9051642828579736 553.3143709164365 -57.177219980776805 -423.34166071150565
2012-02-04_14-21-18_397.jpg 0.053276644638386196 0.9631326873615249 -0.005291147703553113 0.2636456512590749 -509.0280853488346 -27.50601413824631 -474.73276482721633
2012-02-04_14-21-05_53.jpg 0.06287466190146809 0.6670446457757663 0.07807791864016002 0.7382425455454866 212.04057380791167 -127.01820869406251 -639.7078193271406
2012-01-28_14-43-44_776.jpg 0.15522870325128463 0.9866462199310109 -0.027306189039328865 -0.04108112002999895 -735.243756956759 18.374629653744734 -27.235183899964504
2012-02-04_14-20-28_124.jpg 0.07017548095959024 0.963067145844357 -0.011671268148140922 0.25969377344693495 -492.54986418902735 -25.944021306543217 -424.21857317799635
2012-01-28_15-19-19_648.jpg 0.062023983005398534 0.9667909665547366 -0.03590905514666615 -0.2453136610113221 -686.8738316472351 75.23195994652023 406.0594847100505
2012-02-04_14-22-01_386.jpg 0.02766338940303782 0.5451655369646752 0.007777336072261472 0.8378357758155071 400.5812904494036 -41.02722467861485 -587.3690805168684
2012-02-04_14-26-51_287.jpg 0.0493717810673723 0.7462404450142599 0.006245547581360464 0.6638136926838462 -92.79315405302545 -57.00731235846854 -672.3382003987467
IMG_20140520_211932.jpg 0.10555939729056713 0.9097954042043387 -0.052689599283323015 -0.3979363545338365 -615.7153025463882 116.01683721816723 460.989174525156
2012-01-28_15-19-08_964.jpg 0.08580023333380597 0.9871891449320911 -0.005475757169243099 0.13440955387000705 -779.8150380317688 -11.300906176490649 -173.42570327135616
2012-01-28_15-18-50_977.jpg 0.2016868461412933 0.9447331755072572 -0.06816096001658614 -0.24931050262507878 -661.2462292657171 186.04079710081675 381.6747818779476
2012-01-28_14-42-20_620.jpg -0.006505766761060717 -0.208732548246243 0.07259715354899758 0.9752528141964338 664.4761514087082 48.170851742046395 437.3481835512824
2012-01-28_15-18-34_874.jpg 0.10048946188223777 0.8263845878145015 -0.07135667640564282 -0.5494530060028923 -270.51407996135146 175.21711593058208 721.4445108509959
2012-01-28_15-18-18_863.jpg -0.020646282644479493 -0.3718940118370558 0.09844651957032866 0.9228092206719618 603.1820145932817 75.31521475484294 524.2592390867585
2012-01-28_14-45-51_331.jpg 0.21614422859795215 0.9247963050325615 -0.0682246484209582 -0.30557955427311284 -666.0274159010694 150.7863603565476 323.5186759244144
2012-01-28_14-40-46_978.jpg 0.008161936086874945 0.04098822804567174 0.1048868555480272 0.9936056035944226 766.7970398208197 17.85818923228765 113.40994014403582
2012-01-28_14-45-05_143.jpg 0.07846019893598226 0.9603303260079489 -0.0035670521168528887 0.2675760420358828 -585.4195332870047 -40.36356538268406 -426.6808941492678
2012-01-28_14-44-45_580.jpg 0.042782446710207235 0.25294951011392797 0.07637265889590943 0.9635109882921843 658.8514485471014 -84.11944676743403 -290.2223115247446
2012-01-28_14-44-35_41.jpg -0.008871420831280835 -0.2705174230527596 0.047585222075958195 0.9614974094386891 584.863250138554 32.11274376969503 435.9360774480023
2012-01-28_15-18-43_310.jpg 0.0745794562428392 0.9578645202990944 -0.0013547328785428454 -0.2773655172467104 -672.0924383737723 33.99703677503282 456.6433855412982
2012-02-04_14-23-07_60.jpg 0.05077711588943973 0.5801617567957462 0.0361218772034219 0.8121140501437744 325.87184386411 -94.02378008045754 -646.4564263567304
IMG_20140520_211811.jpg 0.06434450838382362 0.6683456718767127 0.05787369324410284 0.7387993521618689 239.67400944192354 -130.40700251204817 -721.0641073364843
2012-01-28_14-44-03_713.jpg 0.1768287094909928 0.9745618144641743 -0.04483363471664093 -0.13019532436359255 -722.7120634296073 60.65433845653294 86.35149755493524
2012-01-28_14-43-54_18.jpg 0.11264540314446723 0.9491582018456993 0.0070224961941630516 0.2938714099170955 -552.3269869645911 -80.56094831899972 -473.9032045438362
IMG_20130210_165643.jpg 0.04436128841983338 0.43873099945783045 0.08284971984549544 0.8936907239789327 406.75209904112376 -100.20547304038536 -488.03659897114386
2012-01-15_12-39-00_996.jpg -0.1314569127717983 0.19669178915921612 0.01712419153597327 0.9714618789361182 709.3926479864592 212.85864829523706 -79.73510612269897
IMG_20130210_165635.jpg 0.11755603117384154 0.8878007526906778 0.045533477294724456 0.44262524273020315 -374.1885577097788 -126.17096547848037 -507.2945279228706
2012-01-28_14-43-28_869.jpg 0.023249780185629645 -0.02806147362667582 0.04397835471742414 0.998367620536427 725.0348925573436 -27.7345351109055 139.65301427324468
IMG_20140521_135313.jpg 0.08189506628227473 0.9376780498743442 0.02762790725759252 0.3365854596429191 -504.7733030924455 -72.63928293012353 -392.655864678509
2011-12-17_14-27-50_531.jpg 0.04931408030712557 0.6920150689594127 0.029768111625836376 0.7195812152542566 14.894597802257787 -73.20505654327098 -609.081587402701
IMG_20140521_135120.jpg -0.01939000448913409 -0.114032850149516 0.13750111784668606 0.9837245444755361 851.0640064302396 158.38036700795578 739.827143885931
IMG_20140521_135106.jpg 0.16050112336511418 0.6469241796838306 0.16069032746356446 0.7279471916276562 69.62720247753668 -300.45968788030194 -592.3413412719111
IMG_20140520_182921.jpg 0.08287566590625273 0.8860116380289836 -0.03369330219065173 -0.45495028592724457 -576.5221839073428 77.20957080222016 482.31455151004747
2011-10-15_14-27-43_188.jpg 0.10034569241539104 0.5235667193977032 0.13354510270307313 0.8354485848314236 440.6685066516311 -192.89150361591194 -518.2308389130561
IMG_20140521_135059.jpg 0.07905612990237257 0.6362999045034006 0.07118581575417844 0.7640714230287866 113.93132658118431 -147.21523874806695 -641.184168065125
2011-12-17_14-52-31_163.jpg -0.00590037172128207 -0.28321741349772594 0.11400131177283758 0.952237776618467 666.6712629883787 42.65403176107412 386.32373220974034
2011-10-13_15-23-55_514.jpg 0.003973282433116999 -0.07580785364777128 0.20330245016843232 0.9761687846410256 723.2468796200792 27.56498398647275 148.74510881334703
2012-01-01_10-59-53_763.jpg 0.04127709921082159 0.5285066563075687 0.03914742054871264 0.8470208939475556 478.6017187496137 -75.48423401544977 -553.0517644469738
IMG_20130210_165353.jpg 0.33990724845411907 0.8099541095276817 0.18602975945069075 0.4402616625443197 -392.11815498352934 -422.06392251105365 -402.1764068086646
2011-10-13_15-25-11_586.jpg 0.10583744141594317 0.7002439491012651 0.12315035039334944 0.6951912247285548 -10.557812473113557 -231.69518049144995 -655.8474574604273
2012-01-15_14-14-25_544.jpg 0.03988298239132901 0.3342342548159937 0.05555564770303981 0.9400055215962639 529.835551029429 -69.81786551194516 -353.4213452733255
2011-10-01_14-32-33_19.jpg 0.2699242674114473 0.9021176773456474 -0.11143746589686923 -0.3176574842143237 -585.9981903511285 298.4454470954678 426.6644749833503
IMG_20140520_182746.jpg 0.08087988234951486 0.9926163245258214 -0.0004048749321745508 0.09039420884252926 -651.2390151354771 -35.65866446865671 -282.88130938722776
2012-01-28_14-42-54_940.jpg 0.009058754308916282 0.116974185151087 0.009480942486337988 0.9930483828636851 766.9278028653077 -17.89904701552968 -73.73538746893314
2011-10-01_14-34-22_269.jpg -0.028670469016397887 -0.5926457294190443 0.1407033920199783 0.7925601548663805 252.88418235525887 139.8025228084005 671.3735753677248
IMG_20130210_165620.jpg 0.07508172342878391 0.9438119469101434 0.025682301282135483 0.32081484235848845 -508.5309167645573 -67.7970206604233 -390.6601666685903
2011-10-01_14-34-35_331.jpg 0.052708031930022964 0.9698068743313935 -0.048700208690827175 -0.23307676748896938 -619.5419035622165 80.82608219725688 354.0029648294759
2011-10-01_14-35-20_347.jpg 0.28826017346043764 0.8736084307225572 0.10704902351853904 0.37716692422687076 -499.03404502025296 -283.9239262055067 -407.5938682635872
2011-10-01_14-35-34_597.jpg -0.034119854715876655 -0.6002381037211355 0.10050473814614502 0.79274765970364 201.0180935706943 112.9031656778618 652.9066662858233
2011-10-01_14-35-55_354.jpg 0.24125360697220802 0.6767605952077751 0.19893435624712344 0.6664959983386697 -31.523853146258922 -410.7638996497179 -549.8859623508675
2011-10-01_14-36-03_448.jpg 0.20890659083234034 0.8440638783706492 0.05839335917680301 0.490412501003753 -359.75722288505875 -212.1889145525805 -545.2282260966481
IMG_20130210_165801.jpg 0.2553043143246124 -0.5568963173062427 -0.027756951324012256 0.7898833777914182 179.2187929084254 -319.84135600214427 676.6938038147542
IMG_20130210_165814.jpg 0.09327384512063636 0.6967848990198828 0.06610355306498739 0.7081109479357364 -33.59115108987402 -152.12241027836342 -638.377280583235
IMG_20130210_165827.jpg 0.016508610214175958 0.42838190901345385 0.035948751708839134 0.9027314623238524 383.49565399920965 -49.204310999469115 -537.7012161890987
2012-02-11_15-57-14_674.jpg 0.030345475620879442 0.15912605342084893 0.12350080482275358 0.9790329935401458 712.4485765382293 -27.777211386487004 -50.41559098918118
IMG_20140521_134354.jpg 0.11901218431909853 0.7906751487829357 -0.10418245360551713 -0.5914515410762011 -217.34835633046671 227.5131199718648 702.8203530854009
2011-10-01_14-37-23_89.jpg 0.07211925032784272 0.40775593775423674 0.036043785459734086 0.9095244661294419 423.9964255791597 -109.28041333445101 -476.6060566443329
IMG_20130210_165933.jpg 0.047392209929158685 0.6806585890618541 0.03421733158394759 0.730265046263089 -16.46403023086205 -87.87897761336681 -699.2657268337591
2012-02-04_14-21-27_210.jpg 0.0801436418367783 0.6619089716434366 0.059200700291437924 0.7429325588612132 226.05896572180475 -136.61491679840745 -645.5116588738887
IMG_20130302_145354.jpg 0.03764238960145305 -0.3694415607625287 -0.06911628538063197 0.9259151812026967 397.40168989397006 -94.14223834190297 576.3954246096637
IMG_20130302_145455.jpg 0.0024835574003615863 0.1559692552954932 0.030944365571000755 0.9872739587290937 716.5698043939344 -5.240241501644841 -110.11200124632089
2011-10-13_14-42-04_627.jpg 0.07704720203007304 0.9964584772561134 -0.024329308837014525 0.023287689779755864 -711.260813274506 1.6395004536959656 -227.3068935971011
IMG_20130302_145508.jpg 0.05420727615272513 0.6521810255667971 0.039839267799453 0.7550723898037501 211.56996945819992 -100.61928119161796 -688.109403293662
IMG_20140521_134547.jpg 0.1087980972177748 0.7481750798079714 -0.10857483429711937 -0.6454521898277832 -70.25836193732512 228.71655061186038 739.9976264286494
IMG_20130302_145519.jpg 0.00679746847998428 0.10629742970643524 0.08636981237326322 0.9905528286621953 730.9617245774491 -9.224196942326587 -50.86155894632268
IMG_20130302_150016.jpg 0.16374340849385113 0.9844520655506767 0.0013248258276124453 0.06356470439126588 -746.8445570751011 -57.82213865051154 -199.4792838989641
IMG_20140521_134606.jpg -0.02830597492671815 -0.29018009657263416 0.094055386935869 0.951917994117607 662.5776520758528 68.35474216401678 385.0219908054274
2011-10-13_14-42-58_635.jpg 0.011043889071316837 0.03464900789506101 0.07748271590627757 0.9963302201087021 762.8067123763772 3.4068367675433433 107.38318164939412
IMG_20130302_150032.jpg 0.0879603860382265 0.9796625828543756 -0.026426564570720172 -0.17839795662531982 -765.0336921981042 41.68523651088443 162.43858169192748
2011-10-13_14-43-11_783.jpg 0.0745722731164559 0.447781249878514 0.09912312610432399 0.8854973372127026 572.1513926667718 -149.89508740372338 -494.764434619443
2012-02-04_14-23-47_959.jpg 0.03842562119546507 0.23630340691629786 0.10519968496809907 0.9652031899025746 669.1361024653689 -81.07574232164342 -262.1152155339439
IMG_20130302_150051.jpg -0.04316854097620773 -0.41789952270669606 0.07335250075570199 0.9044975824314772 416.7729611573722 116.34680023432202 663.5885758531033
2011-10-13_14-43-36_947.jpg 0.028446868031606565 0.2551175338671718 0.01945411457875357 0.9662956882024684 732.3550281365932 -47.78402606979921 -252.18511408733394
IMG_20140520_182632.jpg 0.039992928068437565 0.6819615892054686 0.05139503193244369 0.7284830178154647 183.87186174393773 -80.88485463161147 -639.5995824895346
IMG_20140521_134634.jpg -0.0657319113315307 -0.5937356019638694 0.07549968562618405 0.7984091358843869 267.5832511255362 137.19600744793743 695.2238800678045
2011-10-13_14-43-56_197.jpg 0.06506774175459899 0.2072738310561977 0.12048371199009744 0.9686523747389106 746.5199530425297 -113.22087406478286 -188.31903390517502
2011-10-13_14-44-10_424.jpg 0.038087126410625116 0.42908533421500455 0.015535380100659016 0.9023268801983609 577.7038591629807 -68.22246882581898 -525.9424982604439
IMG_20140521_135306.jpg 0.04668608952077787 0.484033502260243 0.0772329910477221 0.8703832735230863 328.1679084970224 -107.08530883266125 -543.3571334418931
IMG_20140520_182651.jpg 0.03469966351387675 0.7060779380437623 0.043460862202230006 0.7059469046723922 150.8829431427353 -71.32522777034112 -663.6201282758436
IMG_20140521_134654.jpg 0.20529663173829313 0.9527183595615625 0.035471376179200174 0.22118499457058907 -695.8469592542732 -108.02074285483023 -263.3899372986421
2011-10-13_14-44-28_463.jpg 0.10131573780683815 0.8646927333705368 -0.0899027864517182 -0.4836931745611701 -499.5509614183286 184.88717350955093 589.505541527063
IMG_20140520_182733.jpg -0.014609167424803603 -0.13372076373790137 0.10082559336883799 0.9857684968055774 619.9525237401972 69.72191729389095 330.4595965248966
2011-10-13_15-22-43_375.jpg 0.0859088547773707 0.766757755693861 -0.09151659222384302 -0.6295450151513301 -150.75288562418206 183.9301549188185 734.5232242815001
IMG_20130210_165337.jpg 0.022780348672036887 0.9088847359995548 -0.013148120056920842 -0.41621715404385856 -449.17070953241716 23.627884116839883 548.298345874501
2012-02-04_14-27-51_236.jpg 0.4388575319554283 0.09717134423428496 0.13558038650578672 0.8829381378673332 445.4186851235907 -588.6795155091761 10.916768529317832
IMG_20140521_135000.jpg -0.06538852006388042 -0.5879199772322314 0.09277353443090935 0.8009166705246593 214.91749124653705 140.5901203903528 643.2579015097336
IMG_20140520_182759.jpg 0.04648220960889797 0.3624600151604895 0.12007892091601996 0.9230618583558614 629.5056345578797 -89.92515917728551 -342.4726475307981
IMG_20140521_134740.jpg 0.01145860037041159 0.0973145994181056 0.09812408190467375 0.9903384440523397 707.7981460069738 -45.08534711606764 -176.55184746314083
2011-10-13_15-22-55_274.jpg 0.10434745429849275 0.7262019201596286 0.04831897436602441 0.6777961763348241 -53.12312147409014 -169.59235586091077 -742.0595156331735
IMG_20140521_135007.jpg 0.06769677030870941 0.3810573339511089 0.13487218656217687 0.9121523714949052 477.447617310075 -163.89547118447948 -468.71761921532357
2011-10-15_14-27-34_559.jpg -0.0067683628255817176 -0.15703014770143595 0.10987095970818869 0.9814398067076391 605.4689780728996 67.09575909278503 358.53669379966686
IMG_20140520_182803.jpg 0.03559243631112832 0.7154582326267619 0.04098648579422883 0.6965434687270193 150.1837854476206 -75.29712251754255 -703.0848145358483
IMG_20140521_135018.jpg 0.0802258197899281 0.6663934885327455 0.08124233755311241 0.7368060931270164 61.35194481380098 -162.6975915627251 -665.5587305323984
IMG_20140521_135701.jpg 0.045904081192511346 0.9136696985044144 -0.048526535444444276 -0.4009310074345501 -463.51278878880055 89.14852916185662 588.9588481441307
IMG_20140520_182826.jpg 0.038647155974192604 0.5478589666346059 0.05483287159602908 0.8338766732591224 441.5076491508383 -82.08151031600406 -588.8844917673078
2011-10-13_15-23-34_531.jpg -0.0027604295489544175 -0.36859840503324964 0.09941342688259458 0.924253518462932 518.0024811108136 59.248026487802775 535.0412909651739
IMG_20140521_135034.jpg 0.1665205717430724 0.6586828561287053 0.1546086934543677 0.7172893043513378 44.80091462001523 -304.7787954446978 -601.5452013290131
IMG_20140520_211430.jpg -0.004379885724058788 -0.059812713119866384 0.10225560634061222 0.9929486627828238 693.4842157414911 54.96995979130968 281.70450045960854
IMG_20140520_182834.jpg 0.1202258636295879 0.9852209392810328 -0.02146936576984814 -0.12010207679369789 -742.0066075928877 11.419678001205796 6.933863374694549
IMG_20140521_134810.jpg 0.08725344111258576 0.9820755726141953 -0.00834859551667848 -0.16686733545368265 -663.7172029698713 32.072741331494235 272.92592197283614
2011-10-13_15-23-45_574.jpg -0.015326045813482509 -0.5484095013095907 0.07418702409587741 0.8327715272803743 255.73077681975488 77.73921468316759 692.7824467685818
