IMG_20161227_172439.jpg 0.07177434133343522 0.9824669338267364 0.013521243151219395 0.17153525540508932 -583.5887959363089 -54.77158388863616 -369.02564700295767
IMG_20161227_172448.jpg 0.11477638103948286 0.5572154748550477 0.1581947292776217 0.8070388618686983 384.66635722275333 -224.89601025041972 -534.3965994864152
IMG_20161227_172456.jpg 0.025007044516768794 0.8241177474206698 0.012082945645368015 0.5657372080174229 -98.02123476255485 -36.894228661524274 -692.8862074123854
IMG_20161227_172504.jpg -0.009902237731189641 -0.06246533142325128 0.1272840312356656 0.9898478688417206 659.5493811535896 64.29534396533748 234.67834245079052
IMG_20161227_172513.jpg 0.09128202428069213 0.9950418043365676 -0.002156906651633115 0.0394302855625588 -675.8611513117003 -31.164604635494822 -212.5995129030166
IMG_20161227_172517.jpg 0.12296551710094086 0.8896690183915068 -0.06089091047530357 -0.4355006502175163 -550.531873904881 122.1480706660055 429.28766138406826
IMG_20161227_172529.jpg 0.09033990564987729 0.4927125006777565 0.17218926809041843 0.8481886282411062 491.2968443905318 -190.2508824159646 -482.9320897089709
IMG_20161227_172558.jpg 0.11383360104303075 0.9890549582765534 -0.0029899600258286273 0.09382569435493583 -670.0077009828744 -55.107413925403606 -317.08535705169413
IMG_20161227_172604.jpg 0.13118116281188008 0.7080071878540745 -0.12067106365960116 -0.6833416560297995 -218.03494158815622 246.6774098194061 666.0310344864052
IMG_20161227_172616.jpg 0.1439280830949739 0.8044609337831794 -0.089549263400298 -0.5693050520922559 -426.02331382182774 197.56112401080648 586.1427306013062
IMG_20161227_172620.jpg 0.13046122221405118 0.9803498105034878 -0.02475671450401408 -0.1458808542309721 -750.8881486261552 13.823055948950195 24.029947289870716
IMG_20161227_172626.jpg 0.09120174448873816 0.7204125929307923 0.055754994517132 0.6852585777174471 153.16367830576198 -162.22111201879784 -720.3762815130408
IMG_20161227_172633.jpg 0.009943756853946405 -0.01673789076097403 0.15684821138441568 0.9874308093724912 722.9053244871369 48.598110767787 209.18718368911237
IMG_20161227_172651.jpg 0.04645188583127913 0.41716192569298816 0.11064081022181675 0.900875552542245 616.0996129983415 -101.78711148696449 -435.4418978340458
IMG_20161227_172658.jpg -0.08511808776981411 -0.6898716711547803 0.08909662885679331 0.713367912930541 -155.4835672917134 181.75910547329556 721.6884750966577
IMG_20161227_172703.jpg -0.05954206800849289 -0.3984954729848872 0.13479279951637385 0.9052552133770686 366.47849847760494 193.8254670531743 637.6458148960114
IMG_20161227_172723.jpg 0.08649407766432715 0.5265370432645553 0.11306949395793223 0.8381484392011443 473.19069606886904 -182.88569388077198 -579.9704079226029
IMG_20161227_172730.jpg -0.0783528324198557 -0.41409594490310153 0.20498954719183887 0.8833825148873381 361.32391245761994 280.7630315736091 621.6913416510486
IMG_20161227_172739.jpg 0.0645235893374787 0.7966224887632511 -0.05965428301761653 -0.5980557526964404 -369.4411558264849 124.26136631372698 667.1850419870665
IMG_20161227_172754.jpg -0.034486621934164435 -0.12090169028071945 0.1708938682072187 0.9772352531524886 695.6891527287287 131.536428353497 310.0956582270971
IMG_20161227_172811.jpg 0.0034348947244695715 0.2604240955792221 0.03832529946903117 0.9647272481694422 728.548183113347 -11.539304630806196 -260.38356672380985
IMG_20161227_172831.jpg 0.12299646468951105 0.7928934032312949 0.061983173980669715 0.5935907739591809 -100.38048546537392 -204.81316973575233 -741.6547558562258
IMG_20161227_172836.jpg 0.18571781992573205 0.9501776703392806 0.027506832432932005 0.24882656674912804 -609.3206426187111 -155.8335809107213 -454.5731046240288
IMG_20161227_172901.jpg 0.16975061078697787 0.8620707008894102 -0.08731264741628007 -0.4694628189821312 -505.96512668861146 210.80466989878676 544.8539613574394
IMG_20161227_172905.jpg 0.16468561580669655 0.9847993222097834 0.00911768604256462 0.05445925745683631 -749.5165150132667 -66.18410518582785 -179.0380070205935
IMG_20161227_173025.jpg -0.13452020659821742 -0.6316014840627682 0.13727719747770423 0.7510917722882794 120.2786683846779 283.04926114902133 709.1351541343515
IMG_20161227_173032.jpg 0.07229325127652941 0.4914095627229508 0.11724782531033592 0.8599670196840712 397.68221483136153 -192.38798338681102 -635.1053815333541
IMG_20161227_173116.jpg 0.06047791356040326 0.8363706406132295 -0.05022287989608713 -0.5424981436157539 -329.67817545458905 103.75959622405286 658.4959599651421
IMG_20161227_173123.jpg -0.03400607974312497 -0.27325085771465923 0.15952309676536355 0.9480136796993469 611.1777951738216 115.29147140233324 402.5474222821714
IMG_20161227_173132.jpg 0.10700250760466119 0.9932481627696622 -0.013419787874458298 -0.04276049361746021 -736.1582478576713 13.081469589024342 28.890711549024992
IMG_20161227_173137.jpg 0.13480952138827285 0.8292328495785996 0.07691611305104736 0.5369200924494615 -272.7047038900999 -211.02749693874676 -651.3255190422209
IMG_20161227_173141.jpg 0.09984308008286372 0.8558809551389099 -0.06764548979820718 -0.5029147419792299 -386.0766983552205 149.63128529766723 608.5641562711165
IMG_20161227_173158.jpg 0.11469905942952673 0.9931627547680312 -0.01021437748982648 -0.019171197147102227 -731.2858821997221 0.9798576796873093 -23.095497887750494
IMG_20161227_173202.jpg 0.09724382242235743 0.9141647568666713 -0.3488371828632861 -0.18209628265177624 -542.9255700014288 475.96733595129547 105.84296134630173
IMG_20161227_173206.jpg 0.07737339839084344 0.507486278077216 0.10833227516368354 0.851313780543136 390.45780030917103 -176.38099920164018 -593.7572260168799
IMG_20161227_173209.jpg -0.003534439410151512 0.030488855020457856 0.14875026729016183 0.9883983485612993 731.9911268172027 8.311450763370539 5.421617245512716
IMG_20161227_173326.jpg 0.027521473110479477 0.06047381850225131 0.15901195536491708 0.9850384174460465 787.0626974659457 -73.46700567794446 -107.14539161457591
IMG_20161227_190424.jpg 0.20180143626913688 0.9037042484555963 -0.07342825021449803 -0.37040937314470923 -527.6070911917064 226.60456894209946 530.6379911875521
IMG_20161227_190941.jpg 0.21319772434562426 0.5986880286751929 0.22490692168860818 0.7386042588771154 275.42935719216206 -386.484824853254 -511.3557954450727
IMG_20161227_190948.jpg 0.08538165409558435 0.9951514066223122 -0.01784148725986552 0.04544592802322335 -667.0165692438848 -6.296233180943161 -209.9272059291099
IMG_20161227_190953.jpg 0.044589676458629 0.8116699175354991 0.016337149933681433 0.5821827919590853 -80.13496603409898 -61.02772793767672 -692.8054506805166
IMG_20161227_191024.jpg 0.20131312017611294 0.7468577997381832 0.13361154352917687 0.6195356406623825 -16.044373516024358 -333.8287898204362 -631.6088241797522
IMG_20161227_191029.jpg 0.05792833929614679 0.5374465438390483 0.0646741254409784 0.838816295454671 406.49649228632205 -113.10971997019173 -577.267524618332
IMG_20161227_191046.jpg 0.19845037687244527 0.8276606426713409 0.11401148365540148 0.5124418894730817 -215.86542441301506 -305.1809713149208 -617.1076775590473
IMG_20161227_191052.jpg 0.33235641272653366 0.9429921213529532 -0.008460913770784572 -0.015280278923189141 -715.4576721818614 -55.3579251823942 -73.00732193201092
IMG_20161227_191109.jpg -0.07435172050150772 0.5650597207678143 0.10977764292460507 0.8143268402417931 263.1511111281809 11.218053057207403 -620.5995536648627
IMG_20161227_191118.jpg 0.048889220919362125 0.5721312832544914 0.05119351537983377 0.8171015009058066 347.5870074863228 -101.34687661289227 -637.9215018174332
IMG_20161227_191129.jpg 0.334984105498349 0.9370732233167848 -0.029373469927391066 -0.09389687146325391 -731.3755433700302 17.96435049841644 36.82429870886348
IMG_20161227_191143.jpg 0.2972135884669506 0.9441366756465943 -0.0027832072952577347 0.1423456156217945 -677.5661191603762 -118.9761507363793 -276.39908212227715
IMG_20161227_191152.jpg 0.2320967531618601 0.30189244201451276 0.1953303681900358 0.9037909591763917 581.4827104433522 -387.08837181844603 -250.993159995441
IMG_20161227_191156.jpg 0.004595116159227561 0.02200149141440109 0.08129994836158022 0.9964362185706773 738.1771914719437 3.130579436790467 68.41282514630127
IMG_20161227_191215.jpg 0.2440335443540298 0.9068841759204885 -0.08593844226553361 -0.33260081905491395 -642.5949026710648 193.1276882607449 350.36000009941597
IMG_20161227_191228.jpg 0.17356902231928656 0.939934926634682 -0.044024810923210804 -0.2906164899081916 -686.2663556389393 102.68879164333278 319.6786053438264
IMG_20161227_191239.jpg 0.13544514981526587 0.9573246777275989 0.014328841554506878 0.2549093115305436 -607.8613531974911 -104.81473326592425 -458.83064648977444
IMG_20161227_191254.jpg 0.09776981676021082 0.8987724448370223 -0.03169872519651835 -0.42619754357958545 -561.2740656177018 85.77336045689533 506.8293659013152
IMG_20161227_191326.jpg 0.08149507206658833 0.5623164097994653 0.0639417943431868 0.8204085905421006 342.18935289692774 -155.3920280294683 -643.3319890741825
IMG_20161227_191341.jpg -0.0437175094640512 -0.34611642982094376 0.1105906336054895 0.930624472133094 508.26265857389535 124.15831711999725 521.0412706962852
IMG_20161227_191347.jpg -0.002966227783401895 -0.03605336284541661 0.11103759677720955 0.9931575950584156 727.7618466122561 21.55104134767677 123.9881596409512
IMG_20161227_191355.jpg 0.04080234471713005 0.32688826573607277 0.07098040198070499 0.9415099643255535 616.0665135115029 -87.43178822845643 -390.6569613041442
IMG_20161227_191402.jpg 0.2060901095970701 0.9780380010462729 -0.00546654489998573 0.030637430090251768 -725.7801618904444 -33.96590580321233 -108.03205827431503
IMG_20161227_191414.jpg 0.10988641521316436 0.9928222913335473 -0.0076335096393155485 -0.046589731845028945 -729.0010787130038 -0.4101895709681614 -1.5401947189235081
IMG_20161227_191422.jpg 0.03805674177858208 0.2633960045737659 0.10213783144355498 0.9585103507880253 655.6799218063286 -84.08309600685814 -300.1966180126432
IMG_20161227_191533.jpg 0.03440613288132431 0.38551802753221504 0.047524149158065424 0.9208330596338434 482.0479187488183 -64.99694477229556 -421.62051937995574
IMG_20161227_191546.jpg 0.057078147349292487 0.9094588627678808 0.01305525912488234 0.4116506069925168 -396.3942162958002 -52.706984512535826 -503.6887459271685
IMG_20161227_191555.jpg 0.09836133794978949 0.575634959038371 0.11225951464509619 0.803969677600634 234.14122837382484 -186.63511831873095 -570.161668034704
IMG_20161227_191611.jpg 0.05005626505149208 0.4920454575889062 0.06889006835411411 0.8663947117090367 341.98780110676785 -103.50242247868655 -538.2219885304402
IMG_20161227_191631.jpg -9.506612613208554e-05 0.11518032011955788 0.055690015610140094 0.9917822880959966 634.6668626502903 -14.131442053945117 -151.59828123422935
IMG_20161227_191640.jpg 0.10869300778777309 0.6757636074070099 0.10130433166972018 0.7219880950176832 35.57297873181711 -199.02289501973777 -626.4318080922396
IMG_20161227_191658.jpg 0.0473695781655785 0.5400139579356529 0.05470891083727844 0.8385391960869119 254.02371203463204 -95.71031109189951 -586.3827554564247
IMG_20161227_191704.jpg 0.0757456965292683 0.9003053594583165 0.02786522717305672 0.42771062449104724 -418.33209375305665 -78.43357059791224 -485.6315796969692
IMG_20161227_191720.jpg 0.060358982020048725 0.6073450816793707 0.06150272886140524 0.7897506944548904 140.31674903724124 -115.99100583443182 -617.6803041638555
IMG_20161227_191723.jpg 0.10840654770168998 0.8056153546687589 0.07254263145731911 0.5779009321316061 -229.75790177906993 -159.55722404855229 -580.0289564428534
IMG_20161227_191752.jpg 0.028817595513053875 0.17442521656496876 0.23773058775037448 0.9551070922482835 620.5712894106629 -100.25555521872616 -215.4893506103311
IMG_20161227_191759.jpg 0.09939648385616247 0.8077500749400642 0.07065561310962011 0.5767737335970295 -224.1002555740545 -158.16396651157194 -609.0048593728415
IMG_20161227_191808.jpg 0.06545982022205765 0.50685324257702 0.10002511000494946 0.8537035666987419 315.58764082947806 -150.8632091980421 -577.082126287076
IMG_20161227_191819.jpg -0.05135123147473052 -0.43246971945501345 0.11038147240019264 0.8933918084084362 427.43777221241976 119.79112269470714 515.7399038450556
IMG_20161227_191825.jpg 0.1289668766673156 0.9049755992233255 -0.0595490483833303 -0.4010493989145231 -452.0911424341103 138.8288375967866 490.70229614343083
IMG_20161227_191835.jpg 0.23565375412655717 0.669650736064198 0.2195164916856055 0.6692142480049137 -14.175503827892134 -425.1934576112983 -541.9652869670643
IMG_20161227_191843.jpg 0.13978552841937256 0.8996183066205887 0.044998925563449615 0.4112444590942907 -465.00499936859796 -140.39683117055478 -495.2011092657494
IMG_20161227_191905.jpg -0.02645907994101491 -0.4457770372108437 0.06362708253091694 0.8924877279564136 425.2776279138016 65.01355814510822 552.7778277172985
IMG_20161227_191920.jpg 0.15157445344662687 0.9144174513638619 0.04497428580291664 0.3726167244234932 -515.9823613243578 -140.39294374918285 -456.73808953559114
IMG_20161227_191954.jpg 0.030918956083546032 0.43776782535701836 0.08276550385860418 0.8947363972745953 411.1793499415518 -101.40473358845612 -568.7135645572632
IMG_20161227_192015.jpg 0.30340574614153626 0.9441605714714454 0.01179663748972878 0.12793204380039672 -701.358790204413 -53.530415496974136 -130.78028914989005
IMG_20161227_192026.jpg 0.45766789230227306 0.16738144888102702 0.7916135939496034 0.36860747252365333 539.4318443660053 -352.41595487341385 924.9356662079114
IMG_20161227_192030.jpg 0.015460106206238312 0.652443961250695 0.6427658514257678 0.40116071939373765 57.01640741728655 -639.2492773486839 -181.34906153042064
IMG_20161227_192112.jpg 0.2383309881265557 0.810341570108764 0.12171640609702483 0.5212772739522668 -367.4782132454223 -336.11040912448624 -542.5512832346103
IMG_20161227_192139.jpg 0.2801615408928503 0.939883905033852 -0.07552499396995306 -0.18006590834663558 -698.124146499721 204.84415528629364 270.04285755401963
IMG_20161227_192148.jpg 0.08083529518805885 0.5105389025215442 0.13814069336417406 0.8448271023711434 324.4748531462039 -230.05637860017745 -670.5189309637674
IMG_20161227_192153.jpg -0.045594333491257494 -0.35638299756723096 0.12818031929571547 0.9243820214303885 605.9971453731575 120.12594219322601 474.8052424317643
IMG_20161227_192201.jpg 0.23542774580522544 0.9008350636464533 -0.10831815482865875 -0.34833481299559416 -542.4259582260338 287.6318835365849 480.18026271880535
IMG_20161227_192213.jpg 0.2293991229163422 0.8960688709931858 -0.09451658085944088 -0.3681076429318626 -526.0889859211763 271.8124790392321 511.7581259734457
IMG_20161227_192220.jpg 0.09786792099507868 0.61441037156982 0.11663460344944526 0.7741564019148371 135.9188315335895 -240.7460128864538 -733.1815925714167
IMG_20161227_192300.jpg 0.19350344259640462 0.8246195012626348 -0.14031673052159632 -0.512708797443962 -264.16297486887976 321.77386412636366 613.5448958009154
IMG_20161227_192304.jpg 0.2709215273463834 0.9622824422000366 -0.01858285193756588 0.016392225831246006 -739.0848423451067 48.36337107833955 27.389727681209845
IMG_20161227_192316.jpg -0.14699211029097356 -0.1131250611005897 0.9801876718109991 -0.06948502063702094 746.681796523673 148.26248973953292 -95.83234647626097
IMG_20161227_192330.jpg -0.004137287824035536 0.21303328079599024 -0.21815958680820566 0.9523686779847554 634.6650962926674 99.94183571308747 -332.40169521172766
IMG_20161227_192344.jpg 0.11460244010498903 0.9377212893560548 -0.038714065500855314 -0.3256474863142601 -511.47412987611665 109.79811846657228 480.5104750928236
IMG_20161227_192354.jpg 0.22564343549242258 0.9122774148761076 0.04285911749112663 0.33911363047513193 -591.2461217598049 -144.22935563991732 -375.5893464913379
IMG_20140520_182846.jpg 0.0035058468826865176 0.03516198263781392 0.13152493102694565 0.9906828637525587 736.1168639279089 32.81354343226267 116.93038764406619
IMG_20140520_211432.jpg 0.0011222400342612304 -0.055302751749047724 0.09353222767809322 0.9940785022380585 696.0385928719452 42.82383804875029 276.9869990833328
IMG_20140521_135037.jpg 0.07667296264072422 0.8186655855662596 0.05976091218763119 0.5659828170393951 -244.1589136423387 -130.6905605959876 -616.2399029085656
IMG_20140521_135047.jpg 0.111676453966379 0.8905749525835146 -0.052944000566018036 -0.4377231502495981 -405.31751779059334 123.84036631489315 520.9724230785458
IMG_20140521_134943.jpg -0.04015528721326425 -0.6475606058168241 0.05373692361375128 0.7590554378591182 122.80307909660098 84.21221262520115 687.5766991621025
IMG_20140521_135321.jpg 0.06207444559808809 0.5489768859639867 0.07689190060847449 0.8299751667982542 233.77100532639602 -127.7201200746264 -587.4713618508769
IMG_20140521_135225.jpg 0.06525363255141103 0.4936152316905109 0.10204786190978629 0.8612039249571556 344.162928246925 -138.7703178030593 -526.2362421566763
IMG_20140520_211801.jpg 0.016498186433481606 0.2711011034694387 0.09333491087288164 0.9578729539737564 728.8184645099387 -33.022836347952776 -244.07970108499805
2011-12-17_14-28-15_257.jpg 0.060769646056513194 0.8440149802279567 0.028010788179574062 0.5321288932340802 -284.9057902593419 -75.774258017077 -565.3207576574587
IMG_20140520_182958.jpg 0.0033808462631188833 0.15904557716009307 0.029733790579336002 0.9868176001481446 756.3965289518823 -1.4388188221653793 -45.40155339088029
IMG_20140521_135040.jpg 0.04707182264210601 0.4405937331807611 0.08752424650024619 0.8921888320695093 404.6030264835395 -115.99479056099109 -528.5474389463724
IMG_20140521_134826.jpg 0.03936963426004097 0.6313772713988408 0.04217789821203232 0.7733264498008586 101.77056023916951 -89.294367933864 -702.0796470921634
IMG_20140520_183007.jpg 0.011323607730391365 0.3808725624452528 0.032757306347291175 0.9239777194095243 656.9995052933122 -24.224332171650445 -377.30884457979715
IMG_20140520_182943.jpg -0.013108242390595956 -0.18252544228137701 0.08671050143980329 0.9792823524609613 613.9616908897567 73.10277117649414 438.50706285570516
IMG_20140520_211910.jpg 0.008397573063597008 0.3682305474298145 0.011232641783483334 0.9296287282914316 650.5361657613248 -18.133637289455457 -423.2933336782925
IMG_20140521_135650.jpg 0.09510623194304453 0.9905954614442919 -0.008886033440471059 0.09796159870715414 -755.273732939491 1.3934429208839083 -96.01861813894335
2011-10-13_15-24-05_816.jpg 0.11402738983822971 0.279827611243908 0.1657834248533716 0.9387279256505026 629.171576081852 -219.4775929503525 -319.51632802204495
2011-12-17_14-29-11_706.jpg 0.09594512456975593 0.818353937464611 0.03179399246429528 0.5657565802981372 -299.2950738731949 -109.91432670252675 -608.0190879836973
IMG_20140521_134821.jpg 0.20040915036123766 0.8519184766674673 0.08627974044465977 0.4760534507309776 -414.7521919875075 -236.89235918917322 -531.8448262731713
IMG_20140520_211723.jpg -0.05859122496845143 -0.6806438824521722 0.05009563508117155 0.7285474596640518 -134.82922761755793 111.06891409833138 739.5333860510787
2011-12-17_15-01-35_152.jpg -0.08305590626613515 -0.6614779741158395 0.10706995515972559 0.7376209262866729 49.95991027261673 189.43372261192056 708.7391885565085
IMG_20140520_182904.jpg 0.023925482425559478 0.48328409888119556 0.054233746040334666 0.873454493290708 539.8053422327781 -56.80138685466499 -521.8879787287798
IMG_20140520_182849.jpg -0.03461430132691613 -0.3268736215045942 0.07935383838027299 0.9410942854158864 461.42440590919784 106.32663558949886 576.4548832924269
IMG_20140521_134925.jpg 0.11445416706077945 0.9842312739839499 -0.011972901126417522 -0.13433425695991147 -678.1830708452483 36.79725179732339 209.8360328070179
2011-12-17_14-50-43_241.jpg 0.2418071236234876 0.9549778694704112 -0.04869881947486701 -0.16484844181381797 -673.16713837033 143.11703670940412 260.2435534801419
IMG_20140521_134908.jpg 0.3865951267786881 0.8923020626981808 0.06889288232278028 0.22269936600897927 -643.1937917879313 -188.26894128459125 -215.07766079773953
IMG_20140521_135013.jpg 0.26436351688674875 0.6303933242035298 0.27091327416500827 0.6777331227113577 38.400787108382765 -487.06434815892857 -485.40762403265325
2011-12-29_15-31-46_760.jpg 0.0365808001636529 0.33920014059793224 0.09066903857616779 0.9356197064627294 693.828440849814 -72.80762570070809 -341.28281816861613
IMG_20130302_145312.jpg 0.014059270133991527 0.7361389032784682 0.006781036085739493 0.6766504781294983 103.9124409997879 -22.431550665383973 -711.1152083707943
IMG_20140520_183040.jpg 0.1238855610464579 0.9470252647962564 -0.05208705975436228 -0.29168896758007534 -713.9168636078152 81.9061900595603 230.89710046889033
2011-12-17_14-53-09_639.jpg 0.09583329768657016 0.8516392710150615 -0.06194747383936187 -0.5115555117525108 -326.8734880809803 156.06064057144215 696.220521309156
2011-12-17_14-53-55_436.jpg 0.10253972851939623 0.9702868150475865 -0.035912343093908866 -0.2161929791493811 -708.6600989000042 87.5015017082569 352.97313849060146
IMG_20140521_134950.jpg 0.23989442856103851 0.8718031322500838 0.09811058792831322 0.41567327828557393 -452.5998943328457 -261.2811929801117 -463.683648965325
2011-12-17_14-50-59_577.jpg 0.14226134440133495 0.9810850675663003 -0.010171046003150771 0.13088296264508392 -728.5386098393693 -3.22608111340777 -133.14185805847046
2011-10-13_15-26-30_438.jpg 0.034097254776930354 0.2937455602916001 0.013927498183000424 0.9551737788591212 542.8506581884737 -50.996119518766186 -337.34382449681016
IMG_20140520_182925.jpg 0.05471865565868893 0.7355336165882541 -0.0486453794988069 -0.6735204485722213 -246.71076541625945 103.05274605252039 706.5293763278245
2011-12-17_15-02-30_957.jpg 0.004319427726650189 0.012759959679692377 0.08121574052471447 0.9966055034285684 729.2060307346267 -3.8293342556724883 37.63857628052278
2011-12-17_14-55-12_175.jpg 0.21185687859411254 0.9393363430298254 0.014194266771763844 0.2693741272775218 -686.1635237857458 -107.93084149203402 -370.2444215926759
2012-02-11_15-54-04_6.jpg 0.2028879991757937 0.9346614668559686 -0.04669631715938402 -0.28820800843981104 -693.4669078475575 117.07009140764407 324.99550756284344
2011-10-13_15-28-19_661.jpg 0.09329953497663192 0.6306216824773542 0.05369920224036246 0.7685882421956014 267.55562447582486 -144.23023979006052 -605.0154818735124
IMG_20130210_165919.jpg 0.9345312726402918 -0.04373881811505743 0.35115299855818666 0.03781253563051223 -596.8745887215738 -92.6042265067986 1028.4838320934443
IMG_20140521_134324.jpg 0.05967869692827114 0.9179401829614339 -0.023589221683779825 -0.3914943451162826 -531.0467723371806 59.57528122386689 537.5183146135231
2012-02-11_15-05-20_118.jpg 0.03833710846309078 0.14515872848125377 0.04888702973484104 0.9874559574908135 769.6666328952583 -56.803785814687444 -73.66554349002833
2011-10-13_15-26-38_609.jpg 0.1301416633000508 0.7292834831220009 0.069784539337885 0.6680859726025821 -36.465688024606926 -183.3000882505221 -614.078951848144
IMG_20140520_211951.jpg 0.005575174187359885 -0.11922542943154718 0.07859675036887082 0.9897357047419766 716.8537655533482 22.714077563437225 302.38324235184433
IMG_20140520_183030.jpg -0.00015372802746055502 -0.022226642154537454 0.1230156863720144 0.9921557809399945 717.5644856873106 52.588006415008316 227.31850481195755
2011-10-01_14-36-23_370.jpg -0.21861116288542484 -0.5117649265152896 0.11823957503492585 0.8223899454311457 219.2145876103537 280.5535455031227 938.5726948223579
2011-10-13_15-24-55_789.jpg 0.04735002871740946 0.17416599472639938 0.06959576783512883 0.9811119253993721 699.0563866586583 -81.05538746740005 -175.52257738508138
2012-02-11_16-05-30_275.jpg 0.13857120464186268 0.8801955710699365 -0.08751540812354397 -0.44541534689988116 -556.8317228363633 166.41098337720646 437.3014745793743
IMG_20140520_183033.jpg -0.018683739530434063 -0.24844543426098173 0.07504912385906769 0.9655534232138674 540.2719500067126 79.31325993784823 521.0582816656917
2011-12-17_15-02-21_722.jpg 0.08774876122492536 0.44259878380120576 0.10068680421617819 0.88671790268265 476.42923462038453 -177.788361880817 -524.5531805257446
IMG_20140520_183130.jpg -0.019708804006587866 -0.2149769393639628 0.05738717823563841 0.9747323685814917 583.4968578228272 69.36992457526095 507.8294668276052
IMG_20130210_165751.jpg 0.03202368032308986 0.567961872401709 0.024679248904945182 0.822061269048723 201.78909466445072 -58.58477562222076 -612.5512201213506
IMG_20140520_211943.jpg 0.008946593770841005 0.4532268741530651 0.021409840526934072 0.891093136397062 556.1320556271208 -25.92342224714445 -544.4808476200064
IMG_20140520_183020.jpg -0.0857135246616377 -0.6942768833766818 0.07717442968307453 0.7104061572804199 -182.5911006065733 164.12639506936975 714.9544161623515
IMG_20130302_145337.jpg 0.12175946008524878 0.4688010849050829 0.23097827832540216 0.8438300845628816 499.1951850771988 -250.05968558383051 -439.88781754363595
2011-12-17_14-53-47_244.jpg 0.06418789387942143 0.9720749294928194 -0.07128769991590504 -0.21416888095975553 -705.1860662485346 127.03707137563237 350.1745358463174
2011-12-17_14-54-02_921.jpg 0.06778331664315021 0.7044346628192251 -0.09233828741502301 -0.7004647517761905 24.263648470231818 170.22118964322155 777.5034351185562
IMG_20140521_135837.jpg -0.061495471087008285 -0.6632522269570691 0.07300982132400995 0.7422832050252193 127.54643321541272 140.30242645260165 771.8117620166482
IMG_20161227_160049.jpg -0.09305393688647509 -0.6784631312394539 0.09753293907078767 0.7221606955345172 -149.86467752108817 195.62051385192902 710.4613642887755
IMG_20161227_160059.jpg 0.015516929381332452 -0.0071053491573974305 0.18017235786252636 0.9834869904468406 724.0380816398887 47.49348834956429 195.13754459887926
IMG_20161227_160208.jpg -0.06332488038952433 -0.6451241509350046 0.08802814327384213 0.7563437283377189 -40.01306041132739 169.17817676992246 767.8119688415253
IMG_20161227_160401.jpg -0.004199858618790783 -0.05482175169429045 0.14779022207799397 0.9874892338587237 727.8417519451017 35.02733038159478 151.01285508531774
IMG_20161227_160415.jpg 0.15989093939967267 0.9819894548417888 -0.01624199918781402 -0.0993367783844423 -739.4561305955187 20.73888172608753 77.30474244920691
IMG_20161227_160457.jpg 0.09144980145212044 0.6536819645389481 0.08045289433462728 0.7469030424653861 137.27102471167797 -180.840132820527 -690.4391909649023
IMG_20161227_160507.jpg -0.0085595086590593 -0.03236030682556513 0.17204813448681455 0.9845196721108616 720.497887771058 29.973651618126095 87.38250858253242
IMG_20130210_165237.jpg -0.08868620873267855 0.30852897647931415 0.07156766430940277 0.9443636463135096 555.338751085343 74.3439905418559 -461.6995517294652
IMG_20130210_165320.jpg -0.018954771057018635 0.9731000895954015 -0.007607804953180172 0.22947560564772868 -646.8676847307555 8.382542766499057 -291.2933777071742
IMG_20130210_165400.jpg -0.04952395939085562 -0.5742991262959416 0.05501438998344196 0.8152921610543801 246.23927468435966 93.31694635686856 649.772936337853
IMG_20140521_133240.jpg 0.06055586877686364 0.9463347441797759 0.018879945667966438 0.3169023293799724 -467.9348043167995 -74.5569889276917 -586.5921561108062
2012-02-18_13-08-53_664.jpg 0.16866937196110174 0.9729343098018141 -0.05435647749367456 -0.14830659165119633 -684.5241345852588 126.67961080505573 256.0856543293786
IMG_20140521_135713.jpg 0.04697210745332409 0.18455903775652496 0.19141372468115506 0.9628563593327231 697.3183129328842 -148.575380953812 -299.1466988577114
IMG_20130210_165902.jpg 0.10487645432667271 0.9879896566607766 -0.011989215526584034 -0.11284337096278024 -646.6002842339279 36.87595297620746 206.3070275364151
IMG_20130210_170019.jpg 0.18530551288575262 0.9780147293472755 -0.03567059464344418 -0.08875057606408682 -714.647889417383 90.37220810041019 177.23558610802127
IMG_20140520_183116.jpg -0.021318134750317318 -0.6382279522268255 0.04697007880161693 0.7681174583515789 -75.9588083068541 77.92345666274547 767.9258628218415
IMG_20140520_183109.jpg 0.04373349406157525 0.4831817261527532 0.05924357224521035 0.8724179045370621 578.0035730200489 -86.98134014206485 -509.5215541262063
IMG_20140521_134750.jpg 0.35874418839398425 0.9018185552020022 0.05917872489088165 0.23350327472479776 -662.2653584531168 -178.84795974077778 -243.46442532850747
IMG_20140521_134922.jpg -0.05029574833434251 0.9298990893394983 -0.01919716029092066 0.3638536661651551 -538.1762054899408 42.04022314432238 -462.61616613599386
IMG_20130210_164118.jpg 0.27764915721241684 0.9478200137509483 -0.03359670374779314 -0.1530340763675517 -746.2435385479711 52.09200281078001 118.55554269551597
IMG_20140521_134126.jpg 0.05029117955264246 0.2639421128200308 0.14105269987224206 0.9528428486366746 651.1026430161114 -122.42107056938094 -328.2436951205294
IMG_20130210_165428.jpg 0.2588695207290904 0.6925814533311584 0.20803858086136567 0.6403416670906086 -74.8254122606895 -431.68956707606696 -532.4022806085096
2012-01-28_14-40-22_205.jpg -0.041739748118145036 -0.67213163316093 0.07500016886457736 0.7354398927184597 -118.26857283499147 128.31574597864187 734.5174772610414
IMG_20130210_164129.jpg 0.3863083925227528 0.8943733907840701 0.04906408165996699 0.22012446391701979 -619.1420484257291 -268.26083183810937 -329.4436190732146
IMG_20140521_135601.jpg 0.21307517021997582 0.911608878100427 0.04065907584307921 0.34916337831421534 -588.3347086754878 -144.07653026721326 -399.628519864664
IMG_20130210_164053.jpg 0.0016153200586802566 0.15924846989052913 0.05447139952713998 0.98573332205632 758.6199753240492 -7.855210692343737 -135.26261734365752
IMG_20130210_165216.jpg 0.3527917006281632 0.9081010174008031 0.0360246791792463 0.2226943660121355 -672.1678780370236 -141.4207956753117 -243.49162699347542
IMG_20140520_211426.jpg 0.04679139624236717 0.5881640488718304 0.05778491662374917 0.8053164100297294 412.411771302618 -97.11151846930898 -619.5659686214874
IMG_20140520_182639.jpg -0.007908233587140226 0.9762181095385105 0.053777384940639064 0.20986580312079284 -538.908018366436 -60.17581438609333 -400.3885825093206
IMG_20130210_165246.jpg 0.044715398708562476 0.9676147431552294 -0.015676528659550756 -0.24794452685259902 -610.3219473982774 33.46604233330368 380.14919669287985
IMG_20130210_165314.jpg 0.4065788101850708 0.9048256155428027 0.014017081735303808 0.12564950451834836 -694.4732545391385 -73.45392615749235 -129.2553093615889
IMG_20130210_165344.jpg 0.08435352873090325 0.9782346978573725 0.009424139714593596 0.1893476793868355 -661.8801932293702 -40.02864627035307 -243.71568698380523
IMG_20130210_165420.jpg 0.06979707361699876 0.7789437262484231 -0.05705817168597448 -0.6205798940479615 -144.48521616732418 115.01351837097258 668.3988685243958
IMG_20130210_165444.jpg -0.06062838713389339 -0.4486481014247515 0.11153370561360451 0.8846464334826692 402.94660569792933 132.9180157103528 525.4133859433007
IMG_20130210_165507.jpg 0.024943578517065565 0.6910861524301505 0.024825081976952497 0.7219151356737799 22.154083777453938 -53.25348046731024 -666.3398458014524
IMG_20130302_145414.jpg 0.3533451257506619 0.6294756723675743 0.30864889294712683 0.6193895873262266 103.20203960792892 -584.5316369259234 -389.4937125325735
IMG_20130210_164001.jpg 0.0019172929472135926 0.2599051992409934 0.031683674909347946 0.9651123023459461 737.179199758111 -12.154767072949111 -286.1635642773182
IMG_20130210_165836.jpg 0.10928899723955078 0.7526147094548026 0.061888245553015725 0.6463720749359513 -154.388442138215 -158.58665732176974 -630.1101801196761
IMG_20130210_164036.jpg 0.20375313626723757 0.9427299612565985 0.027970496246572673 0.2626071799287241 -600.839247817336 -168.27607402554887 -459.02557273868354
IMG_20140521_135520.jpg 0.15925942323339992 0.8305069536539091 0.07427007993396717 0.5285627600110233 -362.89257778778256 -199.34910914811985 -570.7370123423841
IMG_20130210_164048.jpg -0.0037953760768651094 0.13236149982650727 0.053605340250893155 0.9897436516496072 764.9762922808939 2.794817127088349 -94.15168974749038
IMG_20130210_164100.jpg 0.18297408634640341 0.8574373389086323 -0.1178538905242828 -0.46629620849763803 -499.6988686378116 257.17463501392507 521.4129183537368
IMG_20130210_164110.jpg 0.08745666620320418 0.7437785214906059 0.05845667851115206 0.6600967044633027 15.639437671081362 -162.23563241440652 -744.1485440864941
2011-12-17_14-53-36_335.jpg -0.4256247569985542 0.563262571516241 0.4693124609219213 -0.5304004673661618 -155.08562551752712 -828.6677196973092 592.5664717143512
IMG_20130210_164155.jpg 0.0014268867811762405 0.3018798216060868 0.0525869078001016 0.9518934574989029 672.6967618724354 -15.607776497046487 -330.108045594436
IMG_20140521_135611.jpg 0.10073022193167175 0.6515439094011969 0.10210799547955952 0.7449281265806443 32.22719807175341 -215.5410172892526 -698.9733285051633
2012-02-11_16-06-24_189.jpg 0.08175886055000765 0.9964270120971384 -0.018703565470516173 0.009943587050146575 -684.6407946481046 -0.9258092395408634 -171.69549743919265
IMG_20130210_163939.jpg 0.06027618615263954 0.6493950539202021 0.04843527629247071 0.7565096624216656 240.53776092279418 -121.52240646957763 -730.1041153917772
IMG_20140520_211815.jpg 0.08162017657095072 0.9755560777274779 0.01104830668389391 0.20373124675641954 -623.5280369721626 -67.74116827339489 -448.1792762771326
2012-02-11_15-56-27_505.jpg 0.049686720870481066 0.9768362644610112 -0.0001962449399695534 0.2081396254703078 -589.3023648390007 -33.31054450215005 -464.42755062112604
2012-01-01_10-59-45_309.jpg 0.021722562009912915 0.20355305471508445 0.07857821454934116 0.9756637476170366 728.252359658527 -26.33782089154162 -109.62324222626064
IMG_20130210_163933.jpg 0.2119872022551056 0.9761913972559506 -0.018153099696802583 0.042216667027679705 -753.5850235494387 -42.244423100513664 -185.00839476822472
IMG_20130210_163921.jpg 0.0704066098487153 0.9056587646911194 -0.031545906806948396 -0.4169292110076898 -602.162067369246 73.44239366752946 492.7060565671614
IMG_20130210_164016.jpg 0.17719741847106793 0.7511283035298806 -0.15033084718146084 -0.6179061279103947 -269.5212096720799 335.50733780604054 667.0727136012051
IMG_20130210_163913.jpg 0.32737317075817296 0.7951127912249032 -0.24297345264486736 -0.4489836941450284 -483.34142343294644 482.42978958982883 378.51510513895903
IMG_20130210_163904.jpg -0.0014940154540510496 -0.10829494687643053 0.08459854326473068 0.9905115137525355 722.312394121571 36.36263712525388 292.90340131059094
2011-12-30_15-18-52_399.jpg 0.11688244037630223 0.6744512719638359 0.08256818657523357 0.7243179353320759 89.1246206627486 -212.0920530899368 -694.3157017984946
IMG_20130210_163855.jpg 0.008117558520008493 0.3068911898602979 0.004972663921831652 0.9516969977063735 702.5210369194167 -15.398853358745807 -335.55113202321894
IMG_20130210_163846.jpg -0.010657386999908178 0.04284683062454324 0.059890108355228344 0.9972280301560746 773.7966010434446 28.521834333320278 77.32288167379835
IMG_20130210_163818.jpg 0.05786751529923341 0.5078928775720116 0.08561246090210593 0.8551997907641232 497.4171204099423 -125.56128585655773 -567.3480483605662
2012-02-11_15-53-21_857.jpg 0.10366585315812504 0.9643939996522833 -0.05233378753074926 -0.23761056164732336 -705.1312904589059 99.99165135479015 303.730965977582
IMG_20130210_163801.jpg 0.005826164241695503 0.20488874656977138 0.043666496055430326 0.9777933802504176 754.9785589239139 -10.048770785066093 -160.77716597186304
2012-02-11_15-53-01_240.jpg 0.09882608694341972 0.9864554198111277 -0.01971287282692935 -0.12942376871971079 -754.4732013582401 37.36865868046735 173.7516690130228
IMG_20140521_135412.jpg 0.15384657197890406 0.691862809848903 0.10854111723995488 0.6970479972761007 -51.471174389286546 -245.807460964301 -617.1755158688876
2012-01-15_12-41-51_416.jpg 0.050944189558687014 0.9144196924173497 -0.0416194949287192 -0.399385945310356 -627.115867815657 77.29095648369997 437.00556913645124
IMG_20140521_134219.jpg 0.0056583589584164665 0.06906199786007985 0.09766306117926597 0.9928042858018732 736.4601181084636 -19.75989137738737 -74.12477485563697
IMG_20140521_134146.jpg 0.05697173629865858 0.3600901119640085 0.13583687370520697 0.9212153256817099 558.9532974020614 -147.35753197091506 -449.58324998361934
IMG_20161227_162934.jpg 0.1587328000824479 0.6876274577761402 0.13789828389988085 0.6949506750754159 -5.586934050078032 -278.2943687129402 -604.2251758706901
IMG_20161227_160409.jpg -0.05853706380897455 -0.4183102429506394 0.09995663831902041 0.9008876862623671 422.7912440339858 144.45451389420333 594.0123815972229
IMG_20130210_165452.jpg 0.0385945948219609 0.5352711869949835 0.06382472993108897 0.8413807803086147 279.5549673540922 -96.16809953660078 -603.2885457548713
IMG_20130210_165302.jpg 0.14939222075645753 0.8335938277648846 0.07027578613319985 0.5271286451836041 -344.8706687383004 -196.66779406052692 -595.9218339242965
IMG_20130210_163951.jpg 0.09264993780871328 0.8560475417515198 0.0448401937198934 0.5065451137977584 -267.54928701160077 -149.10700736857538 -720.5592102091159
IMG_20140521_134023.jpg -0.09300391715974267 -0.6091343946436891 0.1284967683519468 0.7770419172593691 112.75852525598667 221.700606196296 692.7445171207828
IMG_20161227_163204.jpg 0.13049605217471477 0.769380701177766 0.11021309142864583 0.6155300086102745 -115.59434551777669 -219.12622931247822 -597.5398108178368
IMG_20161227_162953.jpg 0.9511198146230164 0.17403139758544484 0.21336298580372487 -0.13985852557086126 -666.1907705567334 72.03507285348046 582.4158215047464
IMG_20140521_134151.jpg -0.01289051709086062 -0.04482471372138075 0.2665734307618659 0.9626854032448893 725.1021946052947 46.97322294885827 88.65927874734446
IMG_20130210_164206.jpg 0.11531073756197219 0.959016471013324 0.011113836638283218 0.25858717053102676 -578.9271410097523 -86.07456569212033 -459.6087306053316
IMG_20130210_164238.jpg 0.03677068519121188 0.6335168936309635 0.021201154713309734 0.7725637664513956 252.3984535683154 -63.33442184041964 -678.1380155835977
IMG_20140521_134202.jpg 0.06957501730710154 0.989878891423411 0.002281351942452011 0.12366847906556593 -703.0936544623809 -26.17296343109936 -207.75822966713872
IMG_20130210_164244.jpg 0.30297523650078845 0.8097825094451202 0.12936658208226973 0.4855126990145643 -255.0445478610127 -404.65969475626343 -546.6937732623213
IMG_20140521_134209.jpg 0.08465013065124716 0.8655198529845749 0.04325177819226675 0.4917713118447374 -353.753521652517 -125.55203061020272 -634.5402481422358
IMG_20140521_134213.jpg 0.058636805658633974 0.5213787667472106 0.09789436919142837 0.8456610426689414 355.93218741274245 -151.7825629373799 -628.7103781132271
IMG_20130210_164256.jpg 0.012089953504602157 0.16291485008254958 0.09033093543458051 0.9824219596234355 715.4909013565582 -19.381743593565243 -117.75341787862999
IMG_20130210_164322.jpg 0.25944087454036896 0.8740234333342375 0.07837698868169436 0.4032747428807687 -389.09566771005586 -292.0305687725226 -530.6739786782031
IMG_20130210_164349.jpg 0.3468070011879039 0.9034648348509372 -0.0951476485596782 -0.23328763595267132 -698.0824124038633 181.49513282808104 195.62091241443798
IMG_20130210_164404.jpg -0.0022450713003623907 0.03171035406279127 0.034729305368108164 0.9988910293163704 755.6897917235027 4.733032811371325 55.474103428628126
IMG_20140521_134236.jpg 0.07585671075356702 0.818073241983837 -0.05633496748711008 -0.567299128874644 -281.9696914671058 124.4152165431878 676.534827942362
IMG_20140521_134245.jpg 0.10027933221778824 0.2760278893970385 0.3412428800555666 0.892919904927846 627.1237245874789 -269.3456445652647 -300.83718141810294
IMG_20130210_164452.jpg 0.01932566411230728 0.7030465380904408 0.013933000824605623 0.7107446485719663 65.15000559006292 -41.399781414412764 -752.5153985872902
IMG_20130210_164500.jpg 0.11808466148909551 0.987607924270597 -0.015448446081851837 -0.10221519531158378 -749.0143748016033 22.262131857031708 97.57529628998088
IMG_20130210_164513.jpg 0.004155225643623227 -0.04675125356873554 0.15005614246073584 0.9875627618027143 737.6721983170473 14.328937179880652 119.96357210702361
IMG_20130210_164534.jpg 0.0642268612757759 0.3006820772038808 0.16847515197471744 0.9365261992630629 617.499603973781 -161.8483684345312 -376.2856339472826
IMG_20130210_164543.jpg 0.09204121261877317 0.7635407298192282 -0.0834715863157093 -0.6336927199871603 -164.42122347696537 173.35119570786236 700.2167796237193
IMG_20130210_164550.jpg 0.016189344314671072 0.0425658761889827 0.09624693206474216 0.994315130822744 736.2338401335312 -30.611309596511724 -31.823047080778867
IMG_20140521_134335.jpg 0.06608242794346748 0.8590538907016084 0.03111102570368874 0.5066474411927786 -366.99046889744665 -100.50347891732193 -664.4655795754179
IMG_20130210_164557.jpg 0.05841166925290264 0.566797155519305 0.07241504747249165 0.8185872722501069 284.4835922646973 -135.4480342902169 -666.0022111170365
IMG_20140521_134340.jpg 0.07144227035714919 0.6913741091498775 0.06734298188830153 0.7157951983590147 29.684947190039566 -157.7366593232983 -750.1431537820667
IMG_20130210_164602.jpg 0.15566232115977513 0.8904423447444032 0.058722974310360665 0.42359566185855235 -444.9474174474333 -186.26371850304534 -556.5646096875796
2011-12-29_15-09-58_213.jpg 0.07985988686313533 0.7922016321471306 -0.06389546903908305 -0.6016280757493826 -186.7990914400031 157.03313703241517 795.9354907271041
IMG_20140521_134347.jpg 0.25015963734411945 0.7834068659676457 0.15020563427688594 0.5487550506647647 -269.6498892830048 -399.73724203776686 -600.4460807554303
IMG_20130210_164625.jpg -0.02741726956791228 -0.193999056624836 0.1619855395716137 0.9671470127792402 681.4397603131456 86.3624276531182 294.6513842859992
IMG_20130210_164632.jpg 0.05922758915895563 0.8293265466650761 -0.03495555487380037 -0.5545157174169751 -303.4232719444273 84.4943246261935 678.6443209003228
IMG_20140521_134405.jpg 0.015276686579124404 0.24301862626091056 0.06465535040635682 0.967743899903923 686.5313065948451 -55.66272874601812 -363.5459458961949
IMG_20130210_164641.jpg 0.09240936462024041 0.9934111970242855 -0.005289263105396632 -0.06757756027751712 -742.7217809226624 6.756828055833938 83.55575845303382
IMG_20140521_134412.jpg 0.030436178228650395 0.5996905933584267 0.04112954118753896 0.7985945104581896 213.61178027791593 -84.60035148993774 -744.4647771347031
IMG_20130210_164650.jpg 0.12672536985937496 0.26486315887467177 0.3365738945102481 0.8947101213460925 630.1128017183271 -302.46389510642 -278.3785858829425
IMG_20140521_134420.jpg 0.1161443502138035 0.990819115297324 -0.00520356870077659 0.06899922860161423 -774.1181178179323 -11.10035769464188 -100.53391587182584
IMG_20130210_164659.jpg -0.1106656682383641 -0.6367722883746223 0.12277903147650036 0.753126464852481 114.1901731228654 236.35727464506772 705.8656460811386
IMG_20140521_134428.jpg 0.1257459329879937 0.9318040418413122 -0.05224923265981317 -0.33645089631569375 -598.6425023748119 135.56154883113174 486.20510594382915
IMG_20130210_164708.jpg 0.15105778076282061 0.8596322786672903 -0.08621975412380686 -0.4803957184895858 -411.60811809127676 221.01598614755383 623.0912970049029
IMG_20130210_164718.jpg 0.1142313655407694 0.7084701551125873 0.10423420558020133 0.6885902009384839 -16.649660098510694 -238.83155820046818 -719.5644811805939
IMG_20130210_164736.jpg 0.09574829942633677 0.6509509879247143 0.07186993380829616 0.7496197616733397 108.67345908164657 -189.876741597093 -735.9116750336373
IMG_20140521_133452.jpg 0.11031416656257659 0.732369783441823 -0.11130945403162723 -0.6626277162933666 -208.8372581589691 232.7052899017516 711.0319190265549
IMG_20130210_164742.jpg 0.12828384654618882 0.7412894850669789 -0.11529126251435658 -0.6486455725835899 -107.37641555502518 251.1343256658561 717.558431429527
IMG_20140521_134504.jpg 0.029222355819292913 0.47701315364883196 0.049030609311660804 0.8770407655958155 395.19196014942514 -85.88280809174464 -662.6757469806557
IMG_20140521_133418.jpg 0.09294026742418642 0.4444290621794196 0.10866839119116951 0.8843280478065616 569.9129964852117 -181.0773232571997 -488.6195915808683
IMG_20140521_133846.jpg 0.3112382828986923 0.8180820240144386 0.15142083963158862 0.45928668886434953 -282.1512648252152 -424.9785792443967 -512.7359008243253
IMG_20140521_133410.jpg -0.016791713355478213 -0.10476922248406087 0.2909730132894602 0.9508291928206264 707.0701846751168 157.90221976863867 273.15763503811485
IMG_20140521_133406.jpg -0.05724074861222353 -0.5215700424236525 0.08997112464251679 0.846518389803235 197.3720135056802 158.70177738221693 731.5419452206619
IMG_20140521_135857.jpg 0.20003869890532994 0.6373064466276825 0.7394291816703926 0.08408030281411329 48.10926286596944 -854.6412879738367 246.8773149745566
IMG_20140521_133404.jpg -0.02015577817430213 -0.1722555273042592 0.07452664876696016 0.9820221772154055 657.4540528528188 71.11899826924315 402.8110393762535
2011-12-17_15-03-49_361.jpg 0.1351922312815944 0.2618759149040079 0.3335024287218616 0.8954999697548359 629.2866425248235 -310.5061395174965 -270.31600106168463
IMG_20130302_150040.jpg 0.0295180156050818 0.5750732143059989 0.026189085818156196 0.8171496905258637 370.038093190339 -63.99470434636701 -689.403046011076
2012-01-28_15-18-06_979.jpg 0.13116731388267244 0.8363424226854935 -0.09448799322860973 -0.52383060899588 -319.35274442530306 234.46212642799978 702.8314921188386
IMG_20140521_133121.jpg 0.0365559112411812 0.8651252915236618 0.015158946065189848 0.49999210161123486 -205.88837904952973 -53.29348973282133 -698.3468965869719
IMG_20140521_133354.jpg 0.07744571782034203 0.8013357624695256 0.04758322253470266 0.5912689688389616 -64.96332052673773 -137.67380404738452 -752.9214473423328
IMG_20140521_133612.jpg 0.020271020241306052 0.3420301953125621 0.07075893554590532 0.9368017956180684 659.1764305637008 -55.56486256121838 -398.7386912075067
IMG_20140521_133351.jpg 0.0499212715749775 0.3821607177508737 0.09795002968863716 0.9175330207335693 644.1555919078086 -102.17032651894384 -405.603534948582
IMG_20140521_133332.jpg -0.046030972321140416 -0.4014367597734677 0.0979187630676103 0.9094732504747237 379.3963654636522 144.91763064095628 651.1339939937312
IMG_20140521_133606.jpg -0.0001233547331062721 0.014277777902506044 0.05667896824514853 0.9982903507499418 768.4394724131979 8.797914149898606 95.06103790001187
IMG_20161227_160503.jpg 0.0066675428107987374 0.08940761725362821 0.176581158084025 0.9801943258658457 721.441623849469 -22.37358481471768 -82.73852440225686
IMG_20140521_133336.jpg 0.056589602772244875 0.8092563687367048 -0.04805781037530622 -0.5827453932714469 -397.0637674305169 100.89694846633019 648.781444868627
IMG_20140521_133024.jpg 0.051021231420061965 0.9704180866806553 0.00965520698860805 0.2357802959652153 -537.6355867834441 -43.32318922110575 -447.0939971804272
IMG_20140521_133320.jpg 0.014874611678735144 0.2758768864678636 0.048663542548318034 0.9598450651364795 721.5332375108694 -26.952290289271204 -246.2715049170231
IMG_20140521_133230.jpg -0.031443538605256977 -0.2605231474876303 0.11048233480154482 0.9586097470816355 534.2643288685529 122.54878075281862 518.7521361399927
IMG_20140521_133014.jpg 0.10568588985824201 0.5245516689660016 0.15505011416543946 0.8304429549145068 429.14018488636606 -207.00056879221114 -508.69711168967166
IMG_20130210_165503.jpg 0.178632456385083 0.678693504405396 0.16117198926408868 0.6938942012154383 2.8841184684363057 -317.48172423104006 -588.9159820026009
2012-01-28_14-41-13_0.jpg -0.012089795326464458 -0.2271343733633087 0.1521990165649393 0.9618208110882642 606.0896060005521 120.84085289315325 480.4583182617804
IMG_20140520_211952.jpg 0.0014285551214039097 -0.12093842327021231 0.07580246557119787 0.9897604979087151 715.7783028497919 27.894660554756236 304.49120412169225
IMG_20161227_160322.jpg -0.006332319490196785 -0.022382477762356936 0.08308603909074178 0.996270865039876 744.174748197507 26.341292420715213 140.10084392107865
IMG_20130210_164731.jpg 0.09991651383478455 0.8312694955513563 0.05844794654908998 0.5436833210363297 -302.5863644592723 -166.1125249957646 -684.2262833592173
IMG_20140521_134450.jpg 0.00162027268172472 -0.1525651895781753 0.05724691296068031 0.986632671566214 746.6380187274699 0.5766153460739304 212.7776554989912
2011-12-29_15-30-24_502.jpg -0.3166229263467621 0.7213904028604277 0.0048812828858808 0.615891209752072 474.79588011885363 -49.99323604479405 481.25955152783234
2012-01-28_14-41-04_244.jpg 0.0537631154329879 0.33378001484202363 0.1002428880612268 0.9357626795850232 699.2744410001945 -101.3679191556857 -333.97069935825346
2012-02-04_14-20-50_904.jpg 0.02001365755400717 0.8672254379045261 0.002072166955655118 0.4975089943777112 -213.87671366073727 -19.041150249168016 -634.7914412017587
2012-01-28_14-40-02_921.jpg 0.08860191021419991 0.952891388869523 0.012880760029824377 0.2897961154773486 -497.7033286254577 -87.42092815056242 -558.309722689187
IMG_20140520_211912.jpg 0.004182672574904109 0.3655676677589645 0.0100771979519335 0.9307208150787437 653.0171509500392 -11.326151425220226 -419.6745285003886
IMG_20140520_182738.jpg 0.10382042737113063 0.8629217207995459 -0.06004249538337911 -0.49089950232299406 -489.19915839262353 122.34795821847771 494.18785763153613
IMG_20130302_145531.jpg 0.2740337236104906 0.961309262752677 0.007821206586590348 0.026997192402236837 -720.0265082304909 -78.69115325060312 -119.0842400326532
IMG_20140520_211729.jpg 0.02114887766804228 0.39909613162489976 0.06962326760523246 0.9140172882956829 636.3358437906205 -49.81568961736008 -412.8677004531219
2011-12-29_15-31-19_299.jpg 0.08076169933121895 0.9946260110720003 0.0029159139870626356 0.06471586718691769 -741.1510855295877 -40.87959066875896 -267.9148682105869
2011-12-29_15-36-34_861.jpg 0.1494876775133518 0.9856502802525455 -0.029585646486963664 -0.07260612117233231 -719.1563460426822 20.02118837554815 -19.53003029108291
IMG_20161227_160721.jpg 0.07380660998123235 0.7294438315820885 -0.09149709574919673 -0.67386390492397 -33.564532210959015 177.5950016485716 775.8446132258066
IMG_20140520_212003.jpg 0.3414228919299742 0.8265272393293839 -0.19377659892404123 -0.4034027283275999 -560.419746862161 406.50844686757256 359.4610493771668
2011-12-29_15-36-47_728.jpg 0.0034883005502935292 0.0711524772150971 0.046113765779164095 0.9963928328481146 729.5666276623348 -1.0546613107292218 13.974477571163424
IMG_20140521_133252.jpg 0.0019715180937720633 -0.004214773519325486 0.11399001068427259 0.9934709992067141 730.1194702938456 40.2219908069149 190.07437167666336
2011-12-29_15-31-27_158.jpg 0.03822379754904579 0.9218425332441694 -0.03544241543092555 -0.3840431230881799 -661.9004133335187 64.61796331005183 419.3250868172058
IMG_20140521_135354.jpg 0.1704473461742264 0.7547633528477168 0.13039753259409503 0.6199003685057851 -160.6579514517088 -268.4670571303735 -572.1019475326668
2012-02-11_15-55-27_974.jpg 0.023127413130888612 0.8394509119079854 -0.03347293541629245 -0.5419103725279139 -459.0912465876613 60.60689160085389 614.3875767857514
2011-12-17_15-04-45_439.jpg 0.04552578239032283 0.26505708460607497 0.06270294683481294 0.9611141896237446 666.7754385880393 -102.5374834194927 -393.95877858986086
IMG_20140520_212018.jpg 0.21889570894299648 0.9434918067706806 0.02386358251707744 0.2476659213383833 -616.9370873127913 -168.21783526801065 -441.31933448687505
2011-12-29_15-38-28_183.jpg -0.11565871963466477 0.08782588076432953 -0.16011862287665074 0.9763563395853612 720.9371662275947 124.04873840671227 142.3007509058511
2012-01-28_14-42-04_667.jpg 0.0602028051433086 0.45968509949524977 0.028920122775662277 0.8855669698298149 546.6202115699817 -108.1714436328047 -561.4840178927222
2012-02-11_16-08-22_494.jpg 0.059228549364673734 0.6155717165422694 0.04140362110209922 0.7847605882643407 343.2994461134769 -103.13396897587528 -632.4785296461059
IMG_20140521_134514.jpg 0.131547316917316 0.8244138350925029 -0.0882048590668455 -0.5433755927136632 -274.64004233130555 220.4318959651724 692.7317044920908
2011-12-17_15-04-25_486.jpg 0.04126450488607017 0.3061769239454654 0.0768831743084793 0.9479672512212922 627.9007885875826 -104.79534911543709 -441.7927274487428
2011-12-29_15-09-40_939.jpg 0.08614793775993909 0.8503648599158571 -0.07992096154188329 -0.5129042578749133 -345.4685485255594 182.12409086025744 745.938906225402
IMG_20140520_182702.jpg 0.09355145101684535 0.9900387228517606 -0.0034198812610341934 0.10516538251182775 -625.4649755505337 -37.17858756479361 -289.8272267011629
IMG_20140520_182712.jpg 0.10129397504648754 0.524679442510179 0.1288027938039375 0.8353806638501933 431.41554052377626 -188.0357824520601 -508.9086673535293
IMG_20140521_133132.jpg -0.027459369058889602 -0.270153748678416 0.06740957627661262 0.9600619168325002 516.1980243967469 82.42439369199973 510.6854525344932
IMG_20140520_182813.jpg 0.07209962804874379 0.9963237558891939 0.002400452261958611 -0.04620449020410115 -722.0248479695352 -23.121799328133267 -99.45777487209216
IMG_20161227_160446.jpg 0.12693290310208846 0.9908973797287544 -0.0028305017154248375 0.04474828730583019 -717.8129692177313 -22.079657571632367 -112.31537644718189
IMG_20140520_182915.jpg 0.058143361882716744 0.9860385810150998 -0.02071282707562722 -0.15465524566997008 -753.1065904557195 22.884241486253373 50.61704837991935
IMG_20130210_165818.jpg 0.07862158556255426 0.9823698100988405 0.0033019837314058956 0.1695797729490009 -632.3928630525204 -22.155263034464202 -179.40177810422298
IMG_20130210_165913.jpg 0.04926647341202493 0.8925840143032516 0.013800640492150351 0.4479688988421413 -458.24289975110344 -49.92983932174503 -511.4321612166615
IMG_20140521_133311.jpg 0.06562685412876024 0.8696883734588695 0.02859022999531935 0.4883828906057661 -231.4981113195309 -99.62178521658306 -715.8988629230463
2011-12-17_15-01-08_996.jpg 0.11420427602022505 0.9892182165804109 -0.027155459176721786 -0.08756303078964926 -737.0626249862091 43.216841246567355 103.47604330250704
IMG_20140520_211734.jpg 0.07472622410851425 0.8177858174264017 0.0459112225407345 0.5688009387224424 -86.75865119175899 -131.67165616074647 -744.1579483135331
IMG_20140521_135850.jpg 0.07215139209285609 0.9610080338010353 -0.031261502362171824 -0.2651046096524751 -671.3164552335326 74.83850583128431 435.44907274675415
IMG_20130302_145444.jpg 0.2762767676713358 0.7716274880285602 0.18893776394166126 0.5408924927566825 -131.740319081433 -446.1934412840698 -548.1069433180522
2012-01-15_12-34-19_472.jpg 0.24305823741146507 0.9696151871693922 -0.027604080552418163 -0.002663977055447908 -754.658378737912 54.91630549402615 34.81666570784052
IMG_20140520_211827.jpg -0.06218873792480991 -0.4871165965696767 0.11470089763712633 0.8635355732701071 249.25166884167155 187.42075358544258 706.0181455584518
2011-12-17_15-03-59_335.jpg 0.09809846787916866 0.6821282169700453 0.06743565145408922 0.7214778022406432 46.98950623243024 -183.84551384261331 -729.209253638158
IMG_20140520_211840.jpg -0.017067247842591397 -0.12127072918952157 0.24138851623735347 0.9626700906965223 696.6923889101378 140.86047973292744 304.76308970320576
2011-12-29_15-31-05_955.jpg 0.011514830368386686 -0.6044431616520546 0.059127154367111884 0.7943675802990092 46.753201736575186 58.96506042421525 796.6255419906053
IMG_20140521_134840.jpg 0.10090128290109437 0.9927718964727419 0.007416802466708868 0.0645591490340373 -707.4801229478447 -19.864614492950665 -54.71637098737584
IMG_20140520_212025.jpg -0.04476415250180418 -0.3042834851740287 0.1419649796495989 0.9408792036463722 553.9788542739897 154.73174834834964 518.9974333854684
IMG_20161227_160532.jpg 0.11044647615158722 0.9934165511808205 -0.007012414321520333 -0.02959658411175776 -735.0092108291778 2.3107881650320397 13.352785629877449
2011-12-29_15-32-54_705.jpg 0.05708865485450762 0.808355485359068 -0.07557983195728407 -0.5810249424750343 -378.78657538730573 142.18756093571918 664.0157223852166
IMG_20130210_164902.jpg 0.2664844385893301 0.6816272676102857 -0.2756457752710163 -0.6232092093471541 -44.2230254206869 553.8942031314534 561.6017415784517
2011-12-17_14-52-45_843.jpg 0.1658256796939811 0.9411021436955702 0.0152892390038624 0.29427000910102036 -658.6213242433687 -93.55063206664703 -391.71998199907966
2011-12-29_15-10-15_99.jpg 0.04250448663542406 0.7302266582505011 -0.056070518097372325 -0.6795722869544176 -26.153693461217784 104.55438987934645 808.427323257798
IMG_20140521_134601.jpg 0.06028278001549373 0.8836461245536966 -0.03174326665330361 -0.4631715427538851 -401.41841073790334 81.71740934937247 653.0530495146221
IMG_20140521_135310.jpg 0.07490232586090803 0.824775963291345 0.04584885224101041 0.5585983661859764 -251.13853889984946 -107.11929418964914 -582.992646377462
IMG_20130302_145424.jpg 0.017805450599407552 0.4694379275254324 0.0010119000531842654 0.8827853500074986 498.3263765254825 -25.034391675820352 -508.5565507163547
2011-12-17_15-01-27_386.jpg -0.020190182093518052 -0.195231539067899 0.2247475385059423 0.954445151192948 667.2339987871854 100.68806292416721 295.7458693055466
2011-12-17_15-02-09_761.jpg 0.0993684436849777 0.9947874056900377 -0.014448188312448642 -0.01775330207588826 -733.1484426408487 8.467905470497405 -23.632455159133457
2011-12-29_15-32-40_658.jpg 0.031228723121923773 0.3466623092991124 0.005443772810578061 0.9374541991485066 667.7555222055918 -50.963324529998864 -391.990079222336
2011-12-17_15-05-47_728.jpg -0.012766374801720902 -0.4270500713843245 0.0328400473092321 0.9035412483654486 531.0324656437573 31.978826241547267 586.5291987261846
IMG_20140521_133505.jpg 0.12346992508763659 0.9243973207562839 -0.05963950462863242 -0.3559324380624912 -657.0382080108791 124.609290842112 395.93768264487346
2011-12-17_15-03-03_393.jpg 0.13171104974989853 0.7761901593531858 0.11133160547406284 0.6064538807853598 -141.08831084591145 -251.9439411322594 -675.4682529387386
IMG_20130210_165854.jpg 0.03970447656216661 0.7178176927582256 0.04341929556553212 0.6937406426588933 -79.89127664122255 -86.62048937355067 -666.9337520933299
IMG_20140520_211742.jpg -0.03711080957158665 -0.3253580629104694 0.11653305935729251 0.9376486361046544 471.21046425603316 142.32316410136124 583.3886456138705
2011-12-17_14-51-19_450.jpg 0.060056561508736436 0.857860352209711 -0.043169214434155716 -0.5085324418869622 -313.4573991005093 94.11501742800522 660.3278251911381
IMG_20140521_133125.jpg 0.10945880637933222 0.9911208229662859 -0.022940572677191157 -0.07191671651213438 -727.2405057338626 6.395205741846625 -68.25134062897958
2011-12-29_15-31-55_697.jpg -0.021478964610840222 -0.027157629633306365 0.1595972498814717 0.9865747995272416 743.5533464121486 93.02771931720152 201.1199027747294
2011-12-29_15-10-25_282.jpg -0.010207245666512823 -0.41591688929128334 0.07191773222308201 0.9064969901384424 549.3123721339213 51.31396814419489 589.1719643062653
IMG_20140521_095604.jpg 0.08771944028055557 0.9537417708050068 0.04045783751039251 0.2846842071534324 -529.4385311269305 -120.73599063438958 -543.8599898293585
IMG_20140520_211930.jpg 0.10906546478651398 0.909621474503419 -0.049988371581900566 -0.3977369233799126 -616.2789221027253 113.2386575894861 460.9519408054312
IMG_20140521_133207.jpg -0.028479521218214805 -0.24211753303841668 0.20584836920469407 0.9477312203163618 562.9850270114433 177.97402071440257 467.8705450626842
2011-12-29_15-10-33_314.jpg 0.1331506091251038 0.8729463222285594 -0.07407257684460392 -0.4634100637198612 -426.005136963768 200.71725803500215 653.7011539693586
IMG_20140521_095645.jpg 0.11104047255744474 0.9835042693186719 -0.013098163466985939 -0.14218932379034996 -752.92349703307 -0.7291733955672209 20.660624321243297
IMG_20140521_133039.jpg 0.08041986664393144 0.509624702058438 0.15005389522743381 0.843385520760165 461.93139718477477 -171.39707603033224 -506.4436793755054
IMG_20140521_133102.jpg 0.05942360248190428 0.9880739502942272 0.0023268565057274963 0.14203270734881748 -625.3384524929329 -34.40672478696285 -353.8238300459344
2011-12-17_15-00-40_564.jpg 0.06711951326380461 0.9255346958809306 -0.05450692833994728 -0.36865904630534535 -553.2692048921501 105.78075349727759 508.5850265624481
IMG_20140521_133028.jpg 0.12072565113624407 0.9595260291342788 -0.0372656179357239 -0.25168708805062223 -670.0325529852488 58.593724430315184 195.33306952224643
IMG_20140520_211823.jpg 0.051892216956061485 0.8389392804137442 -0.030801355165420097 -0.5408690766888303 -461.7978522967908 71.7340709692908 614.2539794923821
IMG_20130210_165611.jpg 0.026677522490370476 0.42104939248144124 0.04338669139411266 0.9056065999619575 415.6988247404648 -59.672670872209146 -490.0697752478567
2011-12-17_15-01-44_429.jpg 0.08860747680106067 0.9951945061661416 -0.023067809099836353 -0.03470570752789867 -734.1457184123557 26.667032188028262 16.82248501524703
2011-12-17_15-00-58_832.jpg 0.05885028658461814 0.8293676384048573 -0.06548262230423534 -0.551722747683851 -304.5425291606413 122.56002067549082 674.986690952764
2012-01-15_12-33-17_302.jpg 0.14034888116599378 0.7740218969578533 0.05701508571775391 0.6147695296497853 -197.33174149487922 -183.6810800911668 -644.356129458238
IMG_20140521_133301.jpg -0.025056586717183697 -0.49029846223251655 0.04491954393515133 0.8700355279913414 219.13170869003363 73.29977833021667 717.5232981235206
IMG_20130302_145343.jpg 0.04510816267294573 0.9823522822071563 0.004468076179199706 0.181464276368434 -592.7598811606335 -30.689349805364905 -390.7164218519562
IMG_20140521_133245.jpg 0.018866466005684927 0.23591970163396903 0.10972882435762715 0.9653732624982361 735.348405086022 -26.4277217550015 -165.079168002928
2011-12-17_14-53-20_749.jpg 0.12176536261250016 0.8815511100730117 -0.057235699163297835 -0.4525095706592023 -426.02209631451825 165.95749128612653 645.158370462795
IMG_20140521_135722.jpg 0.20533318606894335 0.978112654870696 -0.00535668636821163 0.03324489422043536 -774.9644894994586 9.384865812127416 -5.498801288257505
IMG_20130210_165200.jpg 0.010755807098122346 0.013275269074278914 0.09119513166506533 0.9956864605915181 737.3373577002945 -32.109211582312035 -55.28703347939681
IMG_20140521_135704.jpg -0.054353306146760455 -0.4857968247732453 0.10302279941155683 0.8662756293193038 442.61760392017226 134.54503894916837 611.1619732770846
2011-12-17_14-52-17_633.jpg 0.04079019078601038 0.05019486111859044 0.3818259629114404 0.9219683130670365 749.0565035743664 -81.02726307780715 -31.370041954260387
2011-12-17_14-52-06_93.jpg 0.07502949044792993 0.458148344658937 0.09025507453491807 0.8810928959934342 403.9225625057525 -174.45030391270558 -622.0600703062731
2011-12-17_14-51-41_274.jpg 0.03904313030690358 0.1959935053851739 0.10137876675480535 0.9745688921127873 670.3428554806111 -101.19226483216417 -312.26170928245585
2011-12-17_14-51-31_186.jpg 0.20120306430860058 0.908067009515438 0.06219900183248837 0.3620261279432186 -568.1331690079227 -185.72294961768318 -438.5100932388424
IMG_20161227_160435.jpg 0.020086368037747434 0.10552878009061464 0.138190589675142 0.9845626314851055 721.7159238346214 -39.685210836976836 -92.13789998663441
IMG_20130210_165742.jpg 0.0520446483679975 0.9812856598154722 -0.0008137987429599067 0.18538917484138745 -610.9569349692442 -15.062813926009236 -211.01686034137077
2011-12-17_14-50-31_710.jpg 0.19136850379842693 0.95982581693875 0.008959148242204595 0.20501763474049675 -693.5111621447599 -57.249003013739106 -236.64379025648807
IMG_20130210_165721.jpg 0.02809370807348269 0.4912314217565606 0.052022077371045555 0.8690202168601783 322.95942689094267 -70.63247782524964 -553.4810814190042
2011-12-17_14-29-19_237.jpg 0.9197021249801852 0.25397860249395526 0.1151420871006627 -0.2763786724048234 -630.0045574062723 228.29401886721854 604.9434605082549
IMG_20130210_165700.jpg -0.0006614215456530973 0.16726855757962597 0.03131523398411095 0.9854136939820203 608.3841943180498 -10.19974645673304 -209.46821855208785
IMG_20140521_133517.jpg 0.014304279754159994 0.5640599505844102 0.01933535689058414 0.8253834888712893 398.26478524156624 -35.85960113067658 -671.1410187024965
2011-12-29_15-32-31_892.jpg 0.022944664817026606 0.03669092340433945 0.06543165321936358 0.9969182600660657 770.9807584297757 -22.4477009379764 83.46433812069215
2011-10-01_14-02-41_437.jpg 0.005534982772938016 -0.10726325945918115 0.10274321875365779 0.9888922024852019 704.9986900234253 40.79958277862842 315.7536158012418
2011-12-29_15-32-14_611.jpg 0.05579990314436983 0.42909424668139573 0.06480636091876703 0.8992022207815498 593.5014265041636 -107.53264918099839 -479.5483963461105
IMG_20140521_133459.jpg 0.1947399422896284 0.9797027080349967 0.009795960152409019 0.0465080413543569 -748.9622289365259 -81.8740016868746 -190.6404435079286
IMG_20140521_095608.jpg 0.02580930484783653 0.34712066025881416 0.09521413872034445 0.9326174965078126 680.9021643797031 -58.45538521035495 -352.86780186705005
2011-10-01_14-02-20_999.jpg -0.011056560236215639 -0.34326281406896536 0.14248246866765166 0.9283033658646132 458.53461498894006 131.80740924969442 596.299121962172
2011-12-29_15-31-37_791.jpg 0.046642283691269194 0.7823790166610094 -0.04166440791317041 -0.6196544591737079 -346.7978217383091 88.9198645245391 691.9717297206097
IMG_20140521_135054.jpg -0.03621323835699149 -0.25417119764728724 0.18015245944118652 0.9495423608304873 582.4018853753514 100.04885353001691 312.7783553592728
IMG_20140521_135854.jpg 0.07611876289403159 0.7313022832365835 -0.0763262736249978 -0.6734814061449387 -31.499764673349876 163.73198561512731 786.2786062222974
IMG_20140520_211821.jpg 0.053718515101778566 0.844719000642564 -0.027780360465920532 -0.5317822699762299 -475.10261205469214 67.7776529237551 604.5057336280616
IMG_20140521_135330.jpg 0.025104794120284577 0.32690395679044054 0.05666015788203708 0.9430234243409414 491.74949642423644 -63.22726507264569 -417.09186739100596
2011-12-30_15-18-43_648.jpg 0.07231686186196495 0.3384264911699016 0.10012855856672231 0.93285157089658 585.7881833764376 -146.14733018068338 -411.18342496514157
IMG_20140521_133045.jpg 0.08235966083838751 0.5075325886332924 0.13680590413692914 0.8467063849617835 464.2741641139424 -168.15064508989934 -505.8886409243434
IMG_20140521_133546.jpg 0.2833869016886494 0.8021579769097869 -0.17804837475688692 -0.4945030033050723 -459.3901737873032 404.130322408117 499.05564467348984
IMG_20140521_133343.jpg -0.001595528601275383 0.02630508452000853 0.23707731832399992 0.9711332771320211 756.5078046696219 70.00405049944806 110.20560284150038
IMG_20161227_160317.jpg 0.23680964268540872 0.9082505160424882 -0.07205813998476164 -0.33735710708639227 -642.5574395393659 173.01249211751187 363.5576281754993
IMG_20140521_134523.jpg 0.0995099178705676 0.786720820268091 -0.0898708817282837 -0.6025706197778623 -167.898370612435 197.01939192826208 733.4832747851569
IMG_20140521_133521.jpg 0.0035707433240961873 0.15921983860224126 0.08400023014152282 0.9836565732631288 771.461807971923 -8.106726632558452 -122.24191245422907
IMG_20140521_135342.jpg 0.07753243516700768 0.9744918776332341 0.003087557030544311 0.21058197671099738 -603.0559614106655 -26.93552735679946 -238.27634092687387
2011-12-29_15-36-03_290.jpg 0.04691608461428744 0.6432227535790307 0.03300268664303735 0.7635274670612813 242.98557343928974 -82.7110956457829 -667.1599172378553
IMG_20140521_135220.jpg 0.0865697357765493 0.9421414037775069 0.028301847938612654 0.3226054270141589 -494.18261116952124 -77.84178729284535 -404.8173379359589
IMG_20161227_160238.jpg 0.021368329090718143 0.2741638801733166 0.05483798799217102 0.9598803865030016 718.6151027908613 -42.79281316918844 -281.971727316767
IMG_20140521_134955.jpg 0.07296262886194804 0.8721001481011139 -0.049541276212673964 -0.4813142927680296 -361.27580165728216 102.39089657005422 584.5924900837289
2012-01-28_14-44-55_57.jpg 0.04386598928034188 0.5137584757218839 0.03954686459411947 0.8558995555023718 395.3904723388885 -86.99918608228585 -601.5207780602946
IMG_20140521_133539.jpg -0.0868794790250281 -0.6882742291418561 0.07973338415811579 0.7158024371809713 -93.78554401408394 178.5654689896704 763.578215318813
2011-12-29_15-30-50_650.jpg -0.23219492493868488 0.1042212124649498 -0.06636965486846155 0.9647893680061443 675.7934499130364 319.1752516321147 228.11818768654967
IMG_20140521_133535.jpg 0.009678494562513153 0.2995367212027484 0.024212473236929963 0.953728386666697 710.3248253229842 -24.365648529984252 -344.41771701078056
2011-12-30_15-18-20_837.jpg 0.1085960996765627 0.9937034318187106 -0.023757890080180904 0.013997835035944076 -726.3686731040588 13.913726711331252 -81.90067799125222
IMG_20140521_133153.jpg 0.031200853153738727 0.5942414801813928 0.04525732404830857 0.8024059724443061 376.5359521157875 -69.79377744554449 -640.1556236802712
IMG_20140521_133558.jpg -0.027168299624503654 -0.322526214171257 0.08792501605911121 0.9420763855542047 534.761470668245 97.65876434318123 558.5811125517153
IMG_20130210_165733.jpg 0.01597398906708942 0.2315653472431249 0.06032663353527219 0.9708156462046522 566.8009375892701 -46.23791334846023 -306.54868117801175
IMG_20140521_134537.jpg 0.1578889199703357 0.9751995959300991 0.015520879820787906 0.15432413725001343 -752.303453860436 -57.22558856250732 -192.7384744993294
IMG_20161227_160600.jpg 0.13410185968280777 0.6410137485289162 0.12776309516172457 0.7448453913002461 116.88320793518429 -282.352911223497 -692.76262627667
2011-12-29_15-33-17_315.jpg 0.034855269280812215 0.8802023078133533 -0.02931551780598035 -0.4724083063824943 -548.5727648793795 56.40196161457223 524.4772680436915
IMG_20130210_164919.jpg -0.028728167201920445 -0.4808781041721349 0.035189779187635425 0.875609856487327 439.92098407483127 57.596541198264276 653.7304066853145
IMG_20140521_134832.jpg 0.10665336618698198 0.9331585569144202 -0.03613718330732178 -0.3413711632827174 -519.4481184757537 99.52408394822734 479.0217985191081
IMG_20140521_134530.jpg 0.0551444798927267 0.5438688933898022 0.08775386055194123 0.8327454431568774 277.72827093364765 -156.6465431305297 -710.4809079894487
IMG_20140521_133200.jpg 0.07243943210077129 0.987552359146055 -0.017469250288236326 -0.1385196445142207 -749.1708234299382 15.073452858176347 31.61174840310924
IMG_20130210_164947.jpg 0.1757456117357611 0.8310610257516438 -0.11832602640298094 -0.51424702518141 -313.43391747996696 292.8922170605861 651.384004732867
IMG_20161227_160713.jpg 0.026809142988633513 0.11171107131165431 0.14670930400644383 0.9824857691165617 769.7712264356261 -82.55587526227872 -188.42961741540367
IMG_20161227_162905.jpg 0.2203241333595499 0.7449654430036016 0.18351631487816686 0.6023334019987178 -155.38521166747353 -376.3065682617047 -556.9670405791135
2011-12-29_15-35-03_214.jpg 0.02033455080854597 -0.18412098198525936 0.02790629283167648 0.9822969046355544 570.5593128029533 -9.491263161882454 404.60012398784977
IMG_20140521_133144.jpg 0.012052839172053709 0.21467080841795927 0.06422681128994923 0.9744978654633356 724.6804256197825 -16.60234746810594 -145.5340379292802
2012-04-01_17-53-05_488.jpg 0.07872654854671635 0.9796123594553499 -0.02348062750296746 -0.1833314372613472 -728.2885359242414 51.84945116017635 287.1038611919825
IMG_20140520_211849.jpg 0.05755856090044695 0.43064605101063386 0.09981811288088159 0.8951353725313933 590.9406714014293 -124.85426499538048 -484.1403326583168
2012-02-11_16-05-04_241.jpg 0.0451751596342698 0.6905845694796888 -0.0062015909180768375 0.7218127857129265 209.85175555977258 -52.69044659871184 -688.6560066135822
IMG_20161227_160604.jpg -0.20311357000660574 -0.6426725142222839 0.20953445564476386 0.7083870615984117 60.04340210131275 415.3907679855688 629.601817508416
2011-12-29_15-33-32_635.jpg 0.04648436594559183 0.7498522745534435 -0.06701283183146627 -0.6565592512786571 -269.5124338163613 120.76604961213128 691.9622619224912
IMG_20161227_160525.jpg -0.036568929203450215 -0.28647384960190075 0.19366861324646026 0.9375968830762892 594.7623651922745 136.43789362514315 408.84586627078005
IMG_20130210_164850.jpg 0.16162047784773834 0.962691214564122 -0.04641822905247671 -0.2120136659580145 -710.7927855745031 117.9923310295775 315.8922474025175
IMG_20161227_160732.jpg -0.03520467792853645 -0.29654800731997805 0.120881560661622 0.9466823956842697 674.2528310564815 95.86066849730815 417.8654806555363
2011-12-29_15-34-53_611.jpg 0.021219410174665543 -0.029965426422740266 0.0549674128642029 0.9978128047756052 669.0801429915165 -6.770585837547689 215.61391377120592
IMG_20140520_211900.jpg 0.004267120204092496 0.17628618846410724 0.043201999464326776 0.9833811868671505 764.5962369048086 -7.387939401980762 -129.24162045196002
2011-12-29_15-33-51_400.jpg -0.024481413959858908 -0.19432463461461905 0.1568844642658665 0.9680009615823905 603.1837059851364 131.94150047072247 427.33135798864004
IMG_20130210_165229.jpg 0.08277230817511645 0.9297288466116255 0.01461624490132706 0.35852389343328905 -566.4646321326753 -63.32850701326348 -445.6858517612144
IMG_20130210_165147.jpg 0.025308771918862584 0.9644151123149795 -0.010743318949780168 0.26295919512423904 -661.9972438866359 -0.4493695538688755 -347.1597912762933
2011-12-30_15-18-29_265.jpg -0.07805881462174391 -0.5776129388178575 0.1122683246355109 0.804776949007352 176.7239429411675 186.57798584247115 684.6787586717927
IMG_20130210_165136.jpg 0.21673788537100924 0.9698432877940448 -0.03585431152828573 -0.10556114110113612 -720.6395261570091 97.61860263162954 184.0717804548005
IMG_20130210_165128.jpg 0.03262251367550244 0.597169890173935 0.047208513487349946 0.8000595291135885 167.01314213523048 -90.83962158930095 -727.4660019379211
IMG_20130210_165125.jpg 0.08373359156389651 0.9243587567040652 0.03520073162222412 0.3705542916248383 -575.3228593894493 -96.72750137320587 -473.6586846391847
IMG_20130210_165116.jpg -0.10478521749060862 -0.6979568071714111 0.08863153328289335 0.7028661357801066 56.05741931341518 197.39913897841524 724.5167449507979
IMG_20130210_165057.jpg 0.1815474273329329 0.946947554590595 -0.05720792362011336 -0.25895581468420437 -629.2199583137487 163.23113337187266 402.1039035682503
2011-12-29_15-36-19_806.jpg -0.00880420363839702 0.10762109758077619 0.05427059398202942 0.9926705838205546 717.1295382720557 17.27030057356296 -31.271813618786513
IMG_20130210_165052.jpg -0.052812784931473525 -0.6546685010358814 0.045791442273216194 0.7526772929441623 155.72086870714932 98.6530007949702 742.4606285168798
IMG_20130210_165043.jpg -0.011039809518282404 -0.22697117581442963 0.0975634950849469 0.9689394059393108 708.2030720941199 34.05610384386149 295.33721562613715
IMG_20130210_165031.jpg 0.16888561576130284 0.942286167295417 0.04009850428861318 0.28629798753476365 -664.3072514319022 -128.9737202229279 -373.15600656585923
2011-12-29_15-35-42_606.jpg 0.3202672990401028 0.6818958976050207 0.28267351917000066 0.5937529145655183 44.917713983679114 -541.035091727627 -445.8767462826176
IMG_20130210_165017.jpg 0.19802251074200514 0.9263375794749256 -0.06504351727860422 -0.31377558055399535 -590.8203917877474 198.40291455502773 469.14860294402166
IMG_20130210_165003.jpg -0.03578330043930147 -0.4398136509371167 0.06290532070038471 0.8951683799635785 507.1060251311786 81.55080932870626 583.959495687322
IMG_20130210_164956.jpg 0.08185221025602037 0.52736483764972 0.12487404457276785 0.836416772117183 299.53046211323135 -221.17753583433378 -684.0448955890937
2011-12-29_15-34-47_696.jpg 0.06488484597276224 0.41944540925214546 0.10780606895598935 0.8990179958803091 569.5602086358895 -116.08285740744896 -395.07437880217145
IMG_20130210_164938.jpg 0.38919396207929285 0.8496977955517622 -0.14728062880213916 -0.32380570176441337 -563.7372443350354 405.4682262996881 362.1655393368487
IMG_20130210_164929.jpg 0.0007899349661585904 -0.16398212449898295 0.08883667647730559 0.9824547235165682 750.7055649290093 9.327758222896113 230.56643088084252
IMG_20130210_164844.jpg -0.00928359329920528 -0.1309754171597329 0.040487517824930645 0.9905150255779387 760.7851816203466 14.744122081958398 199.6088619793125
IMG_20130210_164834.jpg 0.1882435837643281 0.8916972407101607 -0.08301716907961372 -0.4031730815908421 -516.6791151299952 226.970826595037 540.671058042885
IMG_20130210_164819.jpg 0.35145334251713983 0.8278473222931593 0.16827190380698062 0.40352685833132584 -478.5407696301429 -442.2798582383258 -421.29684699187123
IMG_20130210_164807.jpg 0.007036257823478665 0.3399876271593649 0.05348411322398694 0.9388814377156623 597.4549923775405 -46.24371813426279 -489.9783217857923
IMG_20140521_134509.jpg -0.03408308124753634 -0.2802804776823296 0.08705775019595957 0.955354460676066 670.680850110883 75.59341096201588 384.90354923878596
IMG_20130210_164749.jpg -0.3401975952651579 -0.5715533223682309 0.4397768450484559 0.6034805070794479 94.80600061289675 712.5681634334724 314.4792407905412
IMG_20140521_135831.jpg 0.07860339090878668 0.1472126939300349 0.3045853649586951 0.937751398365516 734.9699656737662 -215.6028599553937 -206.15189141490126
IMG_20140521_135826.jpg 0.1218871002415052 0.9866841938314649 0.0021614195042502856 0.10767155939985551 -782.0285470822116 -22.76549801301878 -128.711696936272
IMG_20140521_135822.jpg 0.11154699163914007 0.8389131280104773 -0.06438601887578067 -0.5288066498080952 -306.39449481597853 175.65095961354848 709.3836273386413
IMG_20140521_135727.jpg 0.17972036670719438 0.9490675199207186 -0.060141362787551195 -0.2517030967314946 -647.032535990577 165.6006280041227 393.6516604024219
IMG_20140521_135635.jpg 0.0910757408293073 0.6583257047211063 0.06317937382179392 0.7445272611928574 40.53941339051014 -173.73791368951558 -746.5561683750456
IMG_20140521_135627.jpg 0.1696039985006787 0.9223720271846179 -0.08390392888232995 -0.33678547753433447 -524.4372576040005 207.55132110761204 484.94059615801206
IMG_20140521_135615.jpg 0.19503136658179737 0.9740388057911178 0.006106458973955476 0.11477753273637398 -727.0317410270331 -24.701939776822005 -101.8912174732039
IMG_20140521_135553.jpg 0.44274892771902796 0.765775979292517 0.2874881227287218 -0.36730248546961025 -1314.7584215560057 -188.73748054347362 2759.5546098193045
IMG_20140521_135550.jpg -0.22168666090534855 -0.25172928673547934 0.9380875725005379 0.08648177204666932 547.8158997739082 272.8314342131788 316.52848439324214
IMG_20140521_135542.jpg 0.07687062367946548 0.6482764013427416 0.09131390178025539 0.7519909480963856 40.41705424134709 -177.13435714073373 -693.281129329185
IMG_20140521_135532.jpg 0.1008818821574197 0.8428334997805444 -0.048199109570082395 -0.5264326959229519 -250.4085957813219 132.6500988462265 649.0424380263001
IMG_20140521_135527.jpg 0.14368365362373123 0.933780895989073 -0.047056497062161834 -0.32433614052617943 -512.0107497715578 136.33702544405614 470.13827296550534
IMG_20140521_135517.jpg 0.08320405160998523 0.7010375142045194 0.06381434200208191 0.7053731063972258 -65.01338523804819 -150.87385041796068 -685.6238662282904
IMG_20140521_135510.jpg 0.8187968500035987 0.23539480212409677 0.2858130751757744 -0.4387161857234227 -309.61765475197717 344.04873143573764 708.377074324499
IMG_20140521_135502.jpg 0.15074610426947085 0.8139353967616664 0.07258765610172209 0.5563414546190717 -317.9170784958829 -194.34713704651344 -588.1764393361564
IMG_20140521_135458.jpg 0.1450641134788447 0.9690935667069501 -0.022379653780601125 -0.19827559871164266 -611.6064063944292 80.52029225548004 321.26160225823406
IMG_20140521_135439.jpg 0.15900062105167803 0.9782920853935676 -0.01410492303786956 -0.13215312825499645 -639.8942655776191 58.06341359553166 227.42310871943644
IMG_20140521_095557.jpg 0.028313846533568634 0.7979056872187921 -0.009610403764815593 -0.6020402648808953 -371.82881430003783 30.576136521688305 672.0096784475139
IMG_20140521_135339.jpg 0.13432925177662144 0.8805762092945474 0.06132867232589221 0.45031098775437695 -404.56069578934876 -149.04672354845036 -485.0258567734862
IMG_20140521_134437.jpg 0.05034285030021598 0.6317789694461807 0.05963930845903204 0.7712094942852437 143.00975368536675 -128.19312281756004 -759.1700423694932
IMG_20140521_134157.jpg 0.12488856673244698 0.9319850254102559 -0.048691338740342836 -0.33680248194191437 -581.7197654187462 115.90087215998108 429.32238925286435
IMG_20140521_134905.jpg 0.22997340164060492 0.8430325047445708 0.10960829562078689 0.47370291535207054 -401.5734541151105 -278.73191335018794 -506.30330342929267
IMG_20140521_133901.jpg -0.006216413449811243 0.36471751346191034 0.009584455755834284 0.9310481350530952 604.1525560858165 3.603617270036767 -404.9177269648742
IMG_20140521_133440.jpg 0.0007322566864889279 -0.0935472598725953 0.07318565605970077 0.9929210611713227 722.2960054849736 28.466827469083995 279.6178281403577
IMG_20140521_133430.jpg -0.003555946738230277 0.2171771193132168 0.03158892257787517 0.9756144699931307 749.9284485727305 2.9168721268773234 -189.50091859218108
IMG_20140521_133129.jpg 0.07581776164183768 0.7553061744053127 -0.06938405627821514 -0.647263549614232 -277.71613843571464 139.35099727715567 660.7791709354285
IMG_20130210_164315.jpg 0.3565611425108434 0.9311701976629465 -0.025175288261236696 0.07178035592468777 -690.4587553508838 -79.1466947565046 -187.14107508445736
IMG_20130210_164224.jpg 0.28639207414350254 0.9059046826577656 -0.11872183815465924 -0.2884812142093389 -650.3395941301243 222.0763575428811 253.93971722311724
IMG_20140521_135349.jpg 0.05869499752616844 0.5811948816747492 0.06368424375178863 0.8091425856289113 175.8005680880302 -117.59923057781681 -616.7463417998109
IMG_20130210_165539.jpg -0.16497202002200578 0.8974308713154848 -0.2989447362859483 -0.2793458581520659 -432.85511619943594 317.93074861218025 585.957765566988
IMG_20140520_211939.jpg 0.017040918711512733 0.5755266209537814 0.02510755447248954 0.8172198763927622 379.73151394488224 -43.46466930819668 -678.5598578506181
IMG_20140521_095640.jpg 0.08066616092739676 0.7068738537660462 -0.06009642603183655 -0.7001505159045256 -201.9776000473923 137.30549832246442 712.4403917743282
2012-04-01_17-50-32_648.jpg 0.04745563422693498 0.39001305512101003 0.09355012983891839 0.9148148188690527 460.7015398668354 -121.92142348374085 -508.4401727877914
2012-04-01_17-51-28_674.jpg 0.17311687726030153 0.9413191136876562 0.04779712995940122 0.28576967540586 -648.4732798854282 -133.92290414356157 -349.89871168739285
2012-04-01_17-54-56_5.jpg 0.11756669324032037 0.8270525786607966 -0.08296640146076294 -0.54339551065473 -400.6314974861205 188.11643882891127 635.405353568642
2012-02-11_15-55-43_341.jpg -0.007855738815661003 -0.165852953723047 0.18776682956228763 0.9680778392387296 647.3418424174205 119.60748932512475 387.7715916093042
2012-02-11_15-56-05_505.jpg 0.00016259506683014664 -0.20736330974339262 0.1638084656286683 0.9644517706570357 603.9597095571829 105.1634623952045 447.7501367923429
2011-10-01_14-36-47_800.jpg 0.09411506117557761 0.9864954350481556 3.7838129440669764e-05 0.13404891069062833 -624.8994736140564 -22.276893540608057 -172.4257598502074
2012-04-21_19-06-20_584.jpg 0.028995617274150804 0.1635313042805787 0.06129896800612358 0.9842048583605796 760.2665454857124 -48.76531717388178 -130.6582468768741
2011-10-01_14-37-04_651.jpg 0.11934390473160536 0.536835067329676 0.1428040766770252 0.8229046959235178 271.66924373239476 -227.85810990364175 -539.5720186287408
2012-04-21_19-06-34_639.jpg 0.02707211519155132 0.327301435763116 0.0362354190152397 0.9438367788634051 678.7425535364061 -53.5284075977594 -372.9930856000496
2012-04-21_19-06-42_262.jpg 0.050181150448202344 0.6611147013286716 0.03290491960763764 0.7478813208607442 219.96522787214656 -95.63308842940408 -739.791789914817
2011-10-01_14-37-38_417.jpg 0.05340040112393232 0.1966926306629823 0.061667298680147746 0.9770657861557596 586.454993855939 -90.06583449675837 -255.37919885371437
2012-04-21_19-06-59_420.jpg 0.054343192663601075 0.7865168799404524 -0.07143273250553858 -0.6110117672407417 -328.25255143185603 135.91155320158572 693.185940179687
2011-10-01_14-38-10_16.jpg 0.08780617342177903 0.5903559869614647 0.04657765197500579 0.8009996297778637 161.72469878065255 -131.63639285203487 -611.5759309005489
2012-04-21_19-07-18_263.jpg -0.021965437824979228 -0.4491654024411794 0.08849807044123968 0.888783467622563 317.1607191159824 111.87763483341976 697.0014376965629
2012-04-21_19-07-28_94.jpg 0.077209683338114 0.9727562950125642 0.013946658712497872 0.21814982471460825 -607.189848257294 -71.01918199503697 -470.422675330446
2012-02-11_15-57-37_244.jpg 0.008258944643008035 0.7069728068661885 0.00960782723908208 0.7071272373773132 177.2688823461687 -17.38864044174816 -694.5392159583033
2012-04-21_19-07-46_32.jpg 0.04227594465622917 0.925210028208466 -0.03996069155299596 -0.3749697205595674 -656.8213093306466 69.01623246249258 384.65565778531646
2012-04-21_19-07-58_895.jpg 0.005528174384866408 -0.08128012488266116 0.1275445437358759 0.988481345271744 697.016379790352 53.24225268242425 294.42807453522295
2012-02-11_16-05-22_472.jpg 0.09872608704983513 0.9820383223898669 -0.017491865663294706 0.1598371913202386 -614.9109333771734 -33.64778906030015 -387.92307016572835
2011-10-13_14-39-23_451.jpg 0.06782961272044512 0.6757291939613312 0.041967641564898114 0.7328218863598738 207.91833815649915 -109.05891022104964 -648.6814315669802
IMG_20140521_134111.jpg 0.12021487579045063 0.8873477745599769 -0.07273246270275431 -0.4391722890749545 -478.4410262456847 160.34780279597143 535.5557797536071
2012-04-21_19-08-10_84.jpg -0.011654710029323249 -0.5183237084987747 0.038202848084650486 0.8542512764640339 175.24391112298053 52.88096407141281 732.5516741782244
2012-04-21_19-08-20_123.jpg 0.05382732556856497 0.7273019515467288 -0.06329301408936457 -0.6812697591012971 -233.11217967625706 121.53715983712608 705.542346149413
2012-02-11_16-05-39_713.jpg 0.04869630294787667 0.7757536227998971 0.022135929561915946 0.6287646518487459 24.210400217622826 -76.3080600299839 -724.4425724333726
2011-10-13_14-39-58_742.jpg 0.02885243892491094 0.09169997383309197 0.08708549560872104 0.991551697099893 699.3952224826941 -21.849284843540055 39.74547606190292
IMG_20130210_163122.jpg 0.05273192757525755 0.42728843553858226 0.12844532549205037 0.8933900240255818 568.098319317367 -108.7109994000745 -413.22015014652266
IMG_20130210_163137.jpg 0.001576281566108805 -0.039402255575280654 0.07989774302207406 0.9960227548866458 667.7745727175219 28.793379496436856 216.78788916138896
2012-02-11_16-06-13_994.jpg 0.009604003709405888 -0.19798751828299646 0.09670847491438095 0.9753748902840509 576.6438681151209 44.423955452602684 412.88805517013924
2011-10-13_14-40-18_252.jpg 0.06178511343355835 0.43219733825117673 0.11010935543268136 0.8928964051964824 562.8680228128705 -118.57907336944332 -425.1698746121914
IMG_20130210_163148.jpg 0.14454775680960047 0.46567354952463386 0.2394064166878573 0.8396062523130238 490.34900136672667 -273.86467749117026 -413.5204687589913
IMG_20130210_163156.jpg 0.058790259282361014 0.9783865100255286 7.797201098643151e-05 0.19825119503787333 -567.945398638055 -34.152562412465805 -411.61260945405354
2012-02-11_15-55-54_45.jpg 0.05046616028414246 0.21451481695628744 0.10724296219718486 0.9695027112038214 746.1748929941172 -75.51159570518038 -148.77451624510084
IMG_20130210_163204.jpg 0.009269171915329465 0.6212730111902747 0.025261579248890435 0.7831320326946313 315.97130516674235 -26.96076188250447 -633.5579494715298
2012-02-11_16-06-40_96.jpg 0.0561702404664865 0.856465119426736 0.0037333672923810573 0.5131261689486742 -185.60033120306207 -58.675040061805284 -680.3712372172336
IMG_20130210_163213.jpg 0.1097545347219041 0.8923009292387469 -0.0574947740666899 -0.4341052231229975 -559.0341838842721 113.65919542443275 430.73590569358413
2012-02-11_15-56-19_244.jpg 0.09324928285790557 0.9120251843293496 -0.04839406830075571 -0.3964500580764285 -631.0502067471882 92.95807765205423 395.7379120081711
2011-10-13_14-41-53_189.jpg 0.11125096758017326 0.9931077362017021 -0.019377623577620195 -0.03138079370076539 -723.5805164120768 -9.17329101415619 -140.53484203092938
IMG_20130210_163222.jpg 0.03715604410742973 0.07030518416792396 0.2633304564236679 0.9614227375016174 716.1506541017925 7.327285324396447 60.55307753910576
2012-02-11_16-07-27_41.jpg 0.054624748442795405 0.5433048186401015 0.0344098592448352 0.8370495639367828 456.95536040398235 -93.03110698416833 -573.0462698664033
2011-10-01_14-04-55_608.jpg -0.018563014287580996 -0.37760121959997034 0.05878528477582576 0.9239139698862654 478.29194114010846 57.804338213729174 548.9498851713839
IMG_20130210_163228.jpg 0.10257929205390648 0.9862853865594372 -0.025098372050613032 -0.12684122682089644 -721.5578874171949 20.36970666866604 13.887242075263554
2012-02-11_15-56-35_310.jpg 0.031925661704161584 0.47731771418688457 0.048194992324067445 0.8768271178305572 549.6247293223039 -64.57950622062597 -505.79214439562764
IMG_20130210_163239.jpg 0.05219210499977822 0.2983661628635691 0.2650004507371682 0.9154388991859919 676.2314201619247 -104.73912855333006 -254.40346400381355
2012-02-11_16-08-30_939.jpg 0.20211792801863745 0.978919219761865 -0.024139976303025026 -0.016815644452791403 -709.7423108254507 -34.882393918505194 -152.3492330444614
IMG_20140521_134226.jpg 0.07958853929584898 0.9523188607058958 -0.015386522321006891 -0.29413892446842727 -625.993887669802 46.32975543591075 394.4658246480426
IMG_20130210_163245.jpg 0.09500698564575075 0.9500906730652195 -0.0431528408807816 -0.294005472664888 -682.8852221251475 72.05372703138308 256.58995789613954
2012-02-11_15-57-28_658.jpg 0.04608581536144758 0.435217037362036 0.09116864934010564 0.8945113221138028 565.0940783298925 -90.67658540643984 -428.2363639106462
2011-10-13_14-42-44_697.jpg -0.04166544526048777 -0.3183916681308647 0.14643150192243465 0.9356540768792874 487.1392278913211 170.37343978602857 566.4039365525167
IMG_20140521_133730.jpg 0.07251568241431348 0.7644504478709072 0.04865783479211791 0.6387404822518287 -27.32543967315504 -131.46928220924607 -728.4596699296845
2011-09-18_19-53-53_378.jpg 0.10515049411785404 0.903005684522055 -0.061926644579486184 -0.4119334873480813 -595.1295923713351 119.59478239968371 420.70533903903083
IMG_20130210_163519.jpg 0.0012247099563307494 -0.07532926621581802 0.15474515745534814 0.9850776304337784 683.9552258487872 75.63701612184126 297.73521338128035
IMG_20140521_133744.jpg -0.004166962705232883 0.014389539636545778 0.08182791961470513 0.9965338775688414 731.7923130664633 17.575428064784354 82.80826314947159
2011-10-01_14-01-49_608.jpg 0.06898473523473543 0.761527778249527 -0.09518031025841121 -0.6373831326588781 -305.3153700864844 172.2311785154331 664.6435409724136
IMG_20130210_163642.jpg -0.011784775716510388 -0.28352190529838095 0.13613414981571495 0.9491806685406317 535.6562618403237 119.3743241821678 545.8312595394383
2011-10-01_14-32-50_305.jpg 0.0022715126532935987 -0.06444297708792612 0.17173228440956473 0.9830310093917604 770.1420167907218 -4.973619818440578 70.46555502098435
IMG_20140521_133943.jpg 0.031561681133961274 0.712316483885634 0.027490200224762163 0.7006092890908656 76.49815432865368 -65.78409276368866 -728.2271337879141
IMG_20130210_163507.jpg 0.02201577546328105 0.4951676623851143 0.026139194077741325 0.8681250107512037 546.6496254317253 -42.99518506756683 -521.1675130090233
2011-09-18_19-53-14_634.jpg 0.0020658297102197254 -0.21831873270216615 0.18056855862125282 0.9590243265613088 597.1787031465025 115.55250315961555 458.01379666847345
2011-10-01_14-04-42_522.jpg 0.028547093156631478 -0.07663094255479734 0.11766749806492643 0.9896803130378065 709.8118558023039 -16.29933868226247 184.02650132383016
IMG_20140521_134018.jpg 0.0326700103562712 0.29381878277752854 0.08928239715132077 0.9511213628498558 641.5613776731268 -78.7919522939194 -350.03667372175215
IMG_20140521_134713.jpg 0.18820868807855834 0.8952535991158698 -0.08208497022461898 -0.3954245069100469 -474.264194638943 224.24158200635492 532.9306005656475
IMG_20130210_163543.jpg 0.0944847529809228 0.9777763176525444 0.0034247325978588586 0.18712128499611638 -600.0045001536871 -66.6731761452833 -439.42974747882926
2011-10-01_14-01-18_320.jpg 0.004392797814310238 -0.28571339222812886 0.054270595121347576 0.9567670893869801 497.4747164419322 36.55050077017317 561.4517273450967
2011-10-01_14-34-58_286.jpg -0.1694514652287205 0.9619638486030508 -0.05129196813461792 0.20804059439812414 -656.6298305030683 106.77187293144665 -256.3164138460845
IMG_20130210_163605.jpg 0.05734427482801571 0.6214335954188497 0.03423437601270945 0.7806150960161298 357.8146447665566 -101.90167087701313 -668.9231198760796
2011-10-01_14-01-28_960.jpg 0.03498222787619102 0.35196234953559696 0.02942264654727874 0.9348973505751066 675.2927620122163 -58.61101245543569 -333.45861475492717
IMG_20140521_134049.jpg 0.06392401078477386 0.529090004174034 0.07247292806371018 0.843045172589335 360.7534712408933 -136.95819939666438 -620.5004470353925
IMG_20130210_163410.jpg 0.014071078687075406 0.27058161902112754 0.058558344564289995 0.9608113823609593 728.9620287376301 -24.91579599592208 -230.4053347875926
2011-10-01_14-01-40_851.jpg 0.008286837066364598 -0.1983630442319784 0.15352595775250544 0.9679944273138322 597.5341226715802 88.44293423165605 444.90144332067405
2011-10-01_14-06-54_697.jpg 0.054870773012769616 0.2906820248863392 0.051582501017711196 0.9538513533385149 714.1468366375424 -103.39910079286274 -336.85885546301495
IMG_20130210_163430.jpg 0.05418155089562698 0.7256975246722283 -0.054004984721640927 -0.6837477048241998 -239.23539839719047 111.09196997332103 719.1111058554275
IMG_20130210_163744.jpg 0.021787867573469958 0.7804694408461007 -0.027504531324108395 -0.6242084920029661 -323.37139230296043 52.67811300113187 703.1496953720905
2011-10-01_14-02-31_15.jpg 0.10481283052521748 0.47487800493290827 0.10188327754653147 0.8678277183546339 534.741962089325 -196.73881363774404 -514.9097467212247
2011-10-01_14-36-35_776.jpg 0.1201505512778354 0.8521972786860447 0.030185808100846402 0.5083428569548621 -322.08445073202495 -118.65727697130909 -560.3598285343103
IMG_20140521_134121.jpg -0.02566421129952766 -0.21740617149048078 0.11867299826265315 0.9685001932573772 650.9067317299482 77.37526228331247 341.49876471071946
IMG_20140520_183052.jpg 0.011042255481053918 0.36487279944274936 0.04137141742366858 0.930072209369283 675.5486094735359 -23.93140195576371 -344.3162289883301
IMG_20140521_133951.jpg -0.02621631613472692 -0.2786858303813562 0.07305312940991189 0.9572409064579287 572.9207931177234 72.20568578941592 456.39494626234415
IMG_20140521_133853.jpg -0.006764043755980927 0.1551372569396214 0.04997328875182612 0.9866049612852362 715.7775004956962 8.19997344952692 -109.48402206931347
IMG_20140520_182723.jpg 0.015435814751382478 0.7481366921157058 0.012229033302734697 0.6632523473592917 77.08752725445619 -27.313959520602246 -696.3684814852197
2012-04-01_18-11-50_589.jpg 0.06653601509939992 0.6736799486536585 0.08716543549142668 0.7308423033269813 226.63761938578878 -157.0758093671295 -724.9720067433271
2011-10-13_15-24-38_28.jpg 0.14186943025806678 0.9798151924518156 -0.04467912077720268 -0.133562830029311 -729.5265389221967 67.14723303888292 113.37739904565372
2011-10-13_15-23-25_156.jpg 0.0938020280153061 0.9855639091979096 -0.05209101392506908 -0.1309636846419939 -726.3064819511533 83.489527266979 157.64027382854874
2012-02-11_15-54-22_239.jpg 0.07300724059089335 0.5898702269739408 0.06516615479628415 0.8015462746592251 339.49208673888603 -149.51189007227723 -681.3500815157587
IMG_20140521_133959.jpg 0.01834206082831496 0.21625217009521586 0.0529768086226955 0.9747266414138039 692.5940439567785 -40.12104934673007 -236.50954929813582
IMG_20140520_211755.jpg 0.005592465767931175 0.01901177041295503 0.23192694155456786 0.9725313211889594 755.9612440631524 62.27618588937008 127.32793268792373
IMG_20130210_163450.jpg -0.08642994278932019 -0.6211955039080884 0.13153295667223222 0.7676881477676154 -46.0118722645586 235.47470264904354 721.9039887682819
2011-09-18_19-51-48_277.jpg 0.07459599345495055 0.8411293469524538 0.01785671900574629 0.5353671609672722 -225.96348492195872 -98.08379412522181 -720.0361877797778
IMG_20140521_134720.jpg -0.0755450678546709 -0.47266813877759817 0.11923120178310363 0.8698630316484951 435.0098756154541 168.6323918826707 579.5602260716158
IMG_20140521_135132.jpg 0.0984544075879221 0.9256024970975346 0.04130887903133776 0.3631257681664785 -474.869751333379 -99.88935450802293 -422.8840697008064
2012-04-21_19-06-12_928.jpg 0.01768126017545261 0.6022796131575471 0.0068977926290545635 0.7980595598514242 323.628849354048 -32.264857891059805 -700.9659217982442
2011-10-01_14-32-21_386.jpg 0.010521829464678386 -0.2529633209731363 0.12309831328299012 0.959554925272046 701.739542357978 16.783684073057238 357.0691249606234
IMG_20140521_135449.jpg -0.09483601309376093 -0.13461318188378035 0.9779735799345838 0.12826963332581415 695.7037561599813 194.38880283246942 -46.06037801516132
2011-10-13_15-28-32_396.jpg 0.09354133927828294 0.9902911173945649 -0.06374003824576928 0.08068908339966147 -630.8099064799073 44.05825733219057 -267.77343482106477
IMG_20140521_134103.jpg 0.12390036351787703 0.9921408359709641 -0.003331925550646623 0.017151087169593755 -729.2225591736706 -14.5573874129422 -66.85276763106778
2012-01-28_14-40-10_416.jpg 0.013266616804229015 -0.0020332638402426675 0.1269311915446238 0.9918207173324158 727.349049756453 28.526229045474064 192.52355325704784
IMG_20130210_163456.jpg 0.0038209874798580145 -0.05722124303077694 0.10454397803378847 0.9928653917110631 703.1120193492733 45.79790329974706 285.21289577887654
IMG_20130210_165257.jpg 0.3921794556668671 0.9190895246624853 0.010604764990518451 0.0368409984666921 -715.4744726591724 -12.561540764998249 -11.413264639937102
IMG_20140521_134058.jpg -0.041848375960400606 -0.2995149771050853 0.08837475271893012 0.9490676451133953 571.252357775819 97.75164411615985 447.88868492686873
IMG_20130210_163752.jpg -0.046901188508481004 -0.1459800333160543 0.3956112946862809 0.9055284710632684 674.8234585067148 264.57287590084945 276.08428007689355
IMG_20140521_134517.jpg 0.35923327882860173 0.8653977717388569 -0.12538871899813575 -0.32606106360539305 -564.6072380070292 363.0793704490256 391.8348263385666
IMG_20140521_134725.jpg -0.006417901322817253 -0.11196506151600996 0.0805354932992436 0.9904224703940104 731.3025186984314 8.7664998680539 127.36019555251912
2011-10-13_14-42-19_619.jpg 0.009815155603268176 -0.06157518758814977 0.16748883963992822 0.9839002223752359 704.6691786398146 61.82345599102741 264.8032367298924
IMG_20140521_134032.jpg -0.039475983559056835 -0.3982800137843902 0.05243678057943395 0.9149125976749991 454.33029332696316 82.28925802491874 573.191159486332
2011-10-03_13-15-48_699.jpg 0.16329888690383923 0.9455021669668232 -0.08178490125992953 -0.2695743973802252 -545.3172808629811 175.6489005257726 384.08113730824283
IMG_20140521_135154.jpg 0.08824274696007357 0.9612436089495557 0.014070140211824412 0.26081789244028736 -554.7135255680762 -51.89238194176602 -322.1204099137663
IMG_20140521_134702.jpg 0.08489460054487866 0.9846285235403909 -0.013841089794824978 -0.15201316279285562 -701.229665603317 38.895384672663106 263.7098037434099
IMG_20140521_134006.jpg 0.05211594930688248 0.8479580447446704 0.02242045295481557 0.527018410940205 -259.16139291452043 -77.60195815807805 -680.857029511528
IMG_20140521_135141.jpg 0.14304692876933456 0.6679920711461083 0.11723906369129028 0.7208184036221489 37.47641297268235 -238.16706065251878 -596.1946216314255
IMG_20140521_135136.jpg 0.09398689423124548 0.6689084111102042 0.08881719858685416 0.7320105917908359 51.012857786296124 -170.06535524540024 -617.9586608788946
IMG_20140520_182909.jpg 0.06378364493126736 0.8259086227268265 0.031060946506535004 0.55932263600437 -106.84951698247077 -103.05105291240791 -739.326793428056
2011-10-13_15-28-44_551.jpg 0.05877855434026551 0.5215029872387568 0.05777843480072492 0.8492593057027397 453.3170795098938 -101.54980455131317 -519.3684865548804
IMG_20140521_134455.jpg 0.008428239968444688 0.15669519801701626 0.09254626514061239 0.9832653601637584 729.9085515753309 -47.083928086592806 -258.74652117880447
2012-04-01_17-51-57_877.jpg 0.05928397654565552 0.94447057396994 0.004421800257341001 0.32317362626351537 -634.2008162447906 -38.12370830461777 -428.03329331090475
2012-01-01_09-47-31_226.jpg 0.009229494138503032 -0.23791606272227148 0.12894165925830225 0.9626446966790994 576.6781551714615 81.9580683642926 513.6947342886799
IMG_20140521_134759.jpg 0.3478180503177871 0.9260767305861286 -0.06144375698633255 -0.13277483823166533 -683.4821250974919 170.5950800671856 182.95684260628
2011-10-13_14-42-35_909.jpg 0.07049961406400601 0.41868113609030827 0.09426979551038245 0.900471607744178 611.1915350226014 -134.32521224235728 -440.25198816543303
IMG_20140521_134042.jpg 0.006684104182422805 0.030327981205990492 0.18317897544930678 0.9825889268969958 732.2386239160146 -3.0849811984140056 11.054305535668048
IMG_20140521_135234.jpg 0.865048001612695 -0.04948220573258669 -0.494276694111889 0.07024255034908274 -438.2876990424773 -149.96342460629162 -345.5994924868591
2011-10-01_14-33-25_558.jpg 0.2799621666522239 0.8938228548601639 -0.10157187308182701 -0.33523878649653127 -541.5994538734834 289.4751072097732 438.039908083856
2011-10-13_14-40-48_799.jpg 0.10485638040210207 0.993565757885217 -0.023546851492831797 0.03574590930049277 -692.0734150619636 -9.422663250129506 -225.3529615072182
IMG_20140521_134620.jpg -0.03648656714104887 -0.5352611824507293 0.04344932945450143 0.8427789465510299 366.8200291761239 72.78017259275533 663.96484906903
2011-10-13_14-40-58_228.jpg 0.06415677491966555 0.9664296519184817 -0.006184056363180028 0.24871548719676978 -534.1977924219957 -36.92743076583314 -493.4766183008941
IMG_20140521_135207.jpg 0.022558579909822057 0.41338822650380197 0.058753462200996864 0.9083772978998814 433.1849450565295 -61.38251971015337 -473.50190486131896
IMG_20140521_134708.jpg 0.37119965604059924 0.9095988726002201 -0.09311644026756877 -0.16177155149050776 -682.5097083672127 237.26727317869467 201.21944871542013
IMG_20140521_134010.jpg 0.15394611387480014 0.9860325321335419 -0.004734318966674187 0.06338789964247903 -714.3627117821749 -33.77476376347528 -158.03322138440546
2011-10-13_15-22-28_406.jpg 0.16505939772981104 0.9856834958930061 -0.024008467777613975 -0.02463807257449855 -779.369228103577 37.3239305837988 39.26640232822552
IMG_20140521_135259.jpg 0.014499241186866265 0.08616033802722174 0.09042870750651394 0.9920629098070054 633.0816922202994 -35.955168844175745 -117.38151403427538
2011-10-01_14-04-06_46.jpg 0.0668892803570166 0.3031557511448886 0.07795449171676623 0.9473887860547431 660.1051806750071 -123.43886334660081 -341.345096025517
2011-10-13_14-40-10_3.jpg 0.12347228509965444 0.9882236890629633 -0.04609196328355752 -0.07774359206857258 -706.3106184593757 37.013008528532794 -61.0427447375166
IMG_20140521_133829.jpg 0.3594842269654266 0.9125011425072762 0.025421585053195323 0.19356264747974544 -616.3408184738938 -208.4327943165393 -315.28368534120074
IMG_20130210_163303.jpg 0.04982331900169183 0.7615645244016327 -0.03292831672965433 -0.6453315721502567 -285.57118913952905 76.78801357530901 684.0461692460115
IMG_20140521_135218.jpg 0.13405459551554058 0.8380214878158259 0.08871191363867155 0.5214207013139001 -262.9010790239216 -192.6973323631447 -554.956670693148
2011-10-13_14-43-25_273.jpg -0.07415781790885317 -0.2808953546715537 0.2762071697741476 0.9161375536087879 546.5958734038479 291.2921487880864 465.3494606667426
2012-02-11_15-54-43_404.jpg 0.06763626995281212 0.797684705764892 -0.08874511266780524 -0.5926624251234648 -343.9617480185833 167.7425693666273 677.8194592142935
IMG_20140521_135144.jpg 0.01008938956356738 0.37854625550954996 0.05085808504348076 0.9241289909117896 454.8303939311757 -42.6265462847676 -452.46701493432744
2011-10-13_15-21-54_312.jpg 0.0008702783215714619 -0.22031985560302264 0.13865286967095877 0.9655225453477068 732.648406030523 31.500530800398284 315.9862235633057
IMG_20130210_163342.jpg 0.03666894344887958 0.13743028991389084 0.2869092548935118 0.9473391068973015 757.6900962595473 -19.225304560169334 -40.97891645959117
IMG_20130210_165409.jpg 0.06941365960478554 0.4034741847877929 0.11070516095694781 0.9056128827526654 457.057307863648 -158.63801113306707 -504.01894037358835
2012-01-28_14-40-55_292.jpg 0.06754009200278965 0.6904709996309082 0.04283189100306211 0.718925283846695 206.0138387576727 -124.32248291050499 -737.3387020195878
2012-02-11_16-06-32_96.jpg 0.0857794362573042 0.43021886958462136 0.1808695253771501 0.8802498664348407 547.5647106821749 -171.91996403979445 -410.8653130287014
IMG_20140521_134543.jpg -0.0416471890502657 -0.4240532289710988 0.06642773131044516 0.9022370681568924 527.3384217124732 90.8416075112919 564.830944795369
IMG_20140521_134552.jpg 0.24118378609969493 0.9065064282094614 -0.09106910846086547 -0.3343394897730201 -563.2446785042522 262.46808830540687 468.0640906841484
2011-12-17_14-51-57_632.jpg 0.23558758068718805 0.8437353651466006 -0.11733748445288622 -0.46780448925716794 -374.4803108296331 320.77068690983236 576.6951177644497
IMG_20130210_163442.jpg 0.10071419731700619 0.8323430435219072 -0.08653624691499225 -0.5381200482507115 -485.4492550062696 169.50817844463555 564.1575873903226
2012-04-01_17-52-20_918.jpg 0.08223421061746651 0.6464909029947072 0.08037463976519027 0.7542061815126057 75.28458768476774 -185.3201073327342 -752.3181580045047
2012-04-01_18-11-32_119.jpg 0.03519018688695732 0.84636127306201 -0.04623757274988207 -0.529430196601889 -476.94929543578075 85.48500175560117 605.6697823326462
IMG_20140521_134259.jpg 0.02772490254485332 0.13358613469358038 0.2494225477556159 0.95873586929227 726.1717943653474 -89.79042037209302 -166.46492787562704
2012-02-18_13-09-02_132.jpg 0.11763387265087419 0.9510999086458779 0.013235641284623094 0.2852999361702447 -651.657256056402 -62.94370018295798 -348.62829985538633
IMG_20140521_135425.jpg 0.04955412913380734 0.42237458285682034 0.07400121027776345 0.9020354321864207 389.6143907146564 -114.51208464616225 -543.2830840086357
2012-02-04_14-26-36_868.jpg -0.011806654695865632 -0.22141791944979153 0.1643054578088359 0.9611651389775053 604.0940921678641 56.066094442303665 278.2523798927352
2012-02-04_14-24-57_766.jpg 0.04829822097116443 0.3939235664497728 0.04328008464590377 0.9168524090166067 475.4410236493077 -80.42852228041694 -428.8450340651706
IMG_20140521_134229.jpg 0.09017585062778528 0.9895108362001114 -0.013019835099266 -0.11210309942235958 -727.6730083985341 23.17513272537571 140.5217487152553
2011-10-13_15-23-06_588.jpg 0.05483087900687336 0.8792136925892444 -0.07412704402626619 -0.46742062300977566 -429.93495061742703 128.3754209031618 608.3077612473937
2012-04-01_17-53-25_203.jpg 0.06659664614964508 0.7690789838022305 -0.07590013865486966 -0.6311272235829478 -152.93632013272054 147.9882100429843 746.8929336114833
IMG_20140521_135431.jpg 0.09736596873701522 0.7592908337864531 0.06115369150139072 0.6405134845384058 -173.1275147034533 -150.81861369842323 -641.7492013705302
IMG_20140521_134250.jpg 0.09764710766694078 0.9916495336739474 -0.012381942961400329 -0.08332425947480088 -738.6173076794935 20.04219773248289 106.08872662795758
2012-04-21_19-05-53_128.jpg 0.13219001587084486 0.9874748409439496 -0.03800767218122482 0.07729589291903778 -740.6185541164738 9.864391530530966 -222.60234864861405
2011-10-01_14-02-03_773.jpg 0.0777609607623925 0.6094899132286932 0.011396560315680544 0.7888887101909627 354.782721190635 -114.04072764284892 -658.1846004044083
2011-10-13_15-26-09_227.jpg 0.0685662190313897 0.43446065426690883 0.02904872861118738 0.8976072553560279 423.81916582065054 -98.65087738860386 -471.1665330172842
IMG_20130210_163656.jpg -0.016362034876379328 -0.1187892132916146 0.16292521787424888 0.9793246550561729 697.4083668152024 106.34175203607606 327.1583330534338
2011-09-12_14-15-33_253.jpg 0.17919114158779584 0.8633205415284952 -0.10040787383501751 -0.46096251064846844 -400.108809238838 265.95981952229357 619.590425597386
2012-02-11_17-54-57_837.jpg 0.0016138054481794168 0.059005610707424445 0.04909024544873433 0.9970485852448733 767.4873685067904 8.722571861665772 73.1852556376099
2011-10-01_14-34-01_838.jpg 0.32849825079713546 0.9251038447966398 -0.016054069602290486 0.18977366101464618 -697.7513944068997 -49.17475312629498 -230.28444565610747
2011-10-13_14-41-10_987.jpg 0.07851979195509662 0.47950391468756887 0.0899006606778002 0.869383982645367 521.8765924696394 -143.25601674087855 -486.6772411284525
2011-10-01_14-03-23_319.jpg -0.005000257201175473 -0.21724889484108573 0.049070455091686886 0.9748692248477963 645.2100694546174 32.89905268558069 440.8812971846282
2011-10-13_14-39-31_519.jpg 0.07815985760460267 0.9483064158038461 -0.011547480244068277 0.30736400912355416 -454.1106601239169 -41.37134814840388 -517.7777715637086
2011-10-13_15-28-57_199.jpg 0.07016077605539223 0.24919388328080336 0.1173855499006999 0.9587494493939744 679.8208121696698 -98.5446397486046 -167.00119852813205
2012-01-28_14-44-12_979.jpg 0.059747448288670485 0.6360305273882805 0.03137925437758973 0.7687071959126475 224.14404942187755 -102.59820730800675 -687.8596433685829
2011-10-01_14-32-07_573.jpg 0.06404287039451845 0.7240508767512069 -0.07975036499523921 -0.682120750241895 -16.2859263481549 151.8768969822701 775.5435174688005
IMG_20140521_133816.jpg 0.02960946084905757 0.9978956512949183 0.0034913134254521594 -0.05757916016654095 -724.8209414913367 -11.566994600201635 -30.147747759895868
IMG_20140521_133716.jpg 0.2627422263467629 0.9061670519850286 -0.0815566571889227 -0.32121069107250777 -641.7519319683623 185.53991686673464 330.5593115814799
IMG_20130210_163420.jpg 0.04981709806396758 0.9623033344327044 -0.031678153935974146 -0.26549396197162883 -734.4910870311347 49.49831981249635 215.8317074543073
IMG_20140521_133618.jpg 0.15342927513225232 0.9768614095624708 0.01329974924296778 0.1484060669584916 -695.2673527960621 -92.3829759049096 -323.0184090395312
IMG_20130210_163326.jpg 0.06123427977078796 0.9013510912327889 0.026839568230841875 0.42789743034002287 -332.98247915306877 -88.99519155356549 -668.9966664768028
2011-10-15_14-27-51_352.jpg 0.04574672857573642 0.978687740466952 -0.009544828397133649 0.199966096464323 -571.4560189852082 -14.466724302059855 -416.65151495694533
2011-10-15_14-27-59_188.jpg 0.031570686879911096 0.7394305121220788 0.0017210784141239795 0.6724900351394834 94.70374631313686 -38.14593830116447 -702.3218533108978
IMG_20130210_163733.jpg 0.06870745503683641 0.8088398532620195 0.04525673123211697 0.582244970502639 -85.26255086723451 -126.69684161742875 -762.9703293096585
2012-04-01_18-11-58_134.jpg 0.05936974532952191 0.9980479603536404 -0.005982141032956465 0.018431390672101214 -750.1805414537838 -12.876390840681713 -192.62420877216198
2012-04-01_18-11-40_213.jpg -0.051023048800308925 -0.4784843687556815 0.14813851040415021 0.8640048258446466 268.89414120715844 207.63247694517426 697.140387133399
2011-10-01_14-05-51_548.jpg -0.017190637509853952 0.9601518352392926 0.21044805369506914 -0.18309711074886179 -683.4250246573931 -306.80792400468283 268.00355282167135
IMG_20140521_133704.jpg -0.010864054976257417 -0.19805639023373495 0.025840039921993973 0.9797897381244023 643.4850068947653 24.496945384791456 386.9055527338243
IMG_20130210_163614.jpg 0.021106750157299275 0.18029073227343068 0.04427662499665439 0.9823896057232147 764.2189463825407 -27.719568174528895 -79.58137568097372
IMG_20140521_133236.jpg 0.07735581218170028 0.7810703658102778 -0.052816516034919644 -0.6173779860090911 -353.708539227348 118.5284522197024 655.0518488655158
2011-10-01_14-05-02_890.jpg 0.07860919100710252 0.3914604696826125 0.08394477915226879 0.9129800489704879 536.6836589337202 -152.3729297748671 -471.5592882786411
IMG_20140521_133657.jpg 0.011636917192453236 0.22645673035594044 0.06748427067480826 0.9716109327535594 719.0323449040426 -29.90392043573376 -230.70065149896018
IMG_20140521_134901.jpg 0.06183575144900658 0.35101443924042586 0.1689202427738014 0.918929352490552 499.85585411463376 -179.72775640252058 -462.0259269119295
IMG_20130210_163537.jpg 0.1403028846000951 0.7568940985987492 -0.124828292918398 -0.6259746970655907 -322.8889248960203 251.38236460634954 624.347902774732
2011-10-01_14-04-27_991.jpg 0.14073320434264502 0.9723556785965236 -0.014476693614914259 -0.18576604867016192 -715.7329827246588 32.628742242594384 190.38709522509896
IMG_20140521_133638.jpg 0.20258086885785487 0.8948582974921335 -0.09736547376035387 -0.385628815704556 -597.5751794889012 215.0177999459619 425.6906674244045
2011-10-13_15-26-23_83.jpg 0.08546838716992496 0.5096725236100881 0.08249734722860017 0.8521286646814208 321.9604933419084 -149.39176392954383 -533.5267328477454
2012-04-01_17-52-30_726.jpg 0.12424764901345835 0.8701603892156331 -0.08053451026203477 -0.4699974589416212 -391.9237614014993 199.11432144982817 647.692182986746
2011-10-01_14-04-16_647.jpg 0.008832398740025046 -0.29287876527325696 0.022342323499889585 0.955847706575235 566.6870435392814 -3.004264622019239 491.21518384995886
2012-01-15_12-42-51_289.jpg 0.03028164104093741 0.35373459984095296 0.04171575948998468 0.933924328038093 671.7469850513585 -52.376956753481316 -333.30495190616136
2011-10-13_15-25-56_609.jpg 0.04133028437275853 0.35525984809254496 0.021753294408752004 0.9336000439745568 513.8773328291287 -62.075802921849586 -383.8197972913952
2012-04-01_17-52-11_509.jpg 0.10418142929949573 0.9439584535183787 0.02015310176376621 0.31254202966897804 -646.6505288333386 -79.00747503107608 -414.8994510181583
2011-10-01_14-03-53_317.jpg 0.12254878545372701 0.9200107229520351 -0.06933778535013264 -0.36572439945924984 -618.8661061147978 141.98712035446516 423.04852519032045
IMG_20140521_134814.jpg -0.05838787695205216 -0.44845569086109976 0.15331645840249036 0.8786196063953061 456.0101184346569 156.1284470445004 531.6101388098198
2012-04-01_17-51-41_830.jpg 0.07437789367815724 0.5847426186154677 0.06705113125914074 0.8050143754639392 180.64520240258042 -157.39910624926478 -713.7435361509848
IMG_20140521_133925.jpg 0.0006416349308451057 0.08006387687575366 0.05644275886079466 0.9951902224682591 728.7079552765863 0.5055468016573404 -11.232265661695795
2011-10-01_14-03-03_624.jpg 0.035379161363230834 0.24394650636500373 0.013033371647094002 0.9690554928367379 736.5717234211623 -57.75120561148573 -238.00886614910522
2011-10-13_15-24-27_555.jpg 0.1182873988854168 0.8999041427320273 -0.0011056576454593011 0.41973730198759807 -425.3638395502209 -90.98817662177306 -599.0690607476998
2012-04-01_17-50-51_52.jpg 0.28316782502332516 0.9419470524971983 0.01502518417170052 0.1797942629896904 -672.3476121808018 -80.74807930069213 -204.70022485484157
IMG_20140521_134746.jpg 0.11544170808490835 0.9072938894437025 -0.05329513655688166 -0.4008124731491534 -458.6407794650914 137.02010664238873 549.0631913316168
IMG_20130210_163400.jpg 0.05317617931157204 0.8613296057975441 -0.03860821017199057 -0.5037787314265921 -521.7405228502398 79.0264721776994 552.4350005108718
IMG_20140521_134319.jpg 0.13234284777284452 0.7011944307388381 -0.14220072950874937 -0.6859961322568732 -22.689375650906708 281.57686737662 703.3086313799811
2011-10-13_15-24-17_508.jpg 0.05350738887796144 0.7114429800000545 -0.09109101749946306 -0.6947577074599589 -72.22340410834275 148.11344308071202 721.2878081180971
IMG_20140521_133834.jpg 0.04408445181608806 0.648154360825772 0.03653544709402284 0.7593534399449632 225.5161095230512 -83.36339465732125 -682.1032535713715
IMG_20140521_134734.jpg -0.06312283438062163 -0.5592391961807036 0.1071214251922943 0.8196292024444272 304.50334782143875 151.92646403282302 650.3256215912417
IMG_20140521_133824.jpg 0.16825312403312256 0.9449450115368306 -0.061626924429504994 -0.2738100319749342 -663.8423376398289 114.42020720460366 263.1403766625713
2012-02-11_17-55-15_790.jpg -0.011173777909265213 -0.21843880910290173 0.14721486760678967 0.9646177564820457 598.5473727547974 112.12226102049333 461.17602925727846
IMG_20140521_133802.jpg 0.3899889455273464 0.9167974650064126 0.008516065535661177 0.0855482738112023 -696.3718067962071 -137.90464336026378 -178.24623637978357
2011-09-18_19-52-52_142.jpg 0.058293039735590586 0.8927278311180482 -0.050567051091988974 -0.44393908862535497 -582.3729589718936 96.63893502800023 492.80432600570623
IMG_20140521_133751.jpg 0.28742449041837964 0.9429693860820935 -0.031182471593940123 -0.1649956141386404 -717.9717799840532 51.69969505932385 131.70248004407887
2011-10-01_14-35-09_370.jpg 0.024407582469936833 0.849515018955906 -0.0631945628381457 -0.5231968556040983 -298.95247555883606 86.2114262881434 634.6635916979589
2012-02-11_17-54-45_951.jpg 0.048058815292530095 0.8240018223744128 -0.05051882836188507 -0.5622803526509421 -419.64180349933747 98.99974662961849 641.5068980577641
IMG_20140521_134934.jpg 0.052528608735338427 0.8916733896246154 -0.03467838083976867 -0.44828196640285534 -408.5033388854646 70.84931575740507 573.6310607080477
IMG_20140521_133735.jpg 0.22224054014361053 0.9247013681041177 0.04721848190354189 0.3054618423138547 -531.0158718225767 -207.24263034781808 -472.0845132262356
2012-02-11_16-12-51_455.jpg 0.07190960031016799 0.23173238515487962 0.26889794672278167 0.9321067563868071 719.190432313356 -100.07965116789983 -145.42648631324533
IMG_20140521_134642.jpg 0.12550930640894292 0.7269764485885596 -0.11684259685442397 -0.6649063578900608 -11.670448925512394 247.29793181333193 711.4953750076116
IMG_20140521_133725.jpg 0.037572844336644685 0.5486415611825349 0.049288020094621444 0.8337574046368631 386.75377744113575 -85.19400220943105 -626.0350962061927
IMG_20140521_134624.jpg 0.11220599872640533 0.9806220980873519 -0.015372107586268821 -0.15985560015503394 -705.0990002904256 52.977107373000706 282.12583202223647
2011-10-01_14-33-40_719.jpg 0.23688507270757636 0.8735097841275045 -0.14906212614390532 -0.39830465966556994 -445.4156545197052 339.8826634385852 493.1923924056216
2011-10-13_15-22-10_39.jpg 0.08336459322727693 0.986554961870608 -0.03860125128345998 -0.1351650665071619 -754.2051341468733 73.4679464033209 228.51067328557767
2012-02-11_16-07-09_767.jpg 0.09485284190362746 0.897846146746266 0.03173528710644958 0.42879844531896194 -315.63781249910403 -123.73374198680834 -650.5120961996015
IMG_20140521_134611.jpg 0.04770892529409978 0.5648843933799491 0.08111995979731167 0.8197859676071138 232.58819057114866 -141.56672134433532 -719.7516039828866
IMG_20140521_134851.jpg 0.3910599072324575 0.9080636736845472 0.03015029743329451 0.1469131479975494 -687.7583823044428 -100.80413022812843 -144.85978281888615
IMG_20140521_133653.jpg 0.07119592267256851 0.5760832523408362 0.0778416365240294 0.8105553075456775 347.85247671886583 -152.35426960184273 -654.2606384684102
2011-10-01_14-33-15_675.jpg -0.005645644931630506 -0.4762717342101284 0.03938506486001703 0.8783975060026957 446.8484216432792 25.56988451765473 610.7444959505176
2011-10-13_15-21-48_70.jpg 0.04660467106700958 0.7699994550075826 -0.08755840334665542 -0.6302875295657898 -122.93361748155252 145.40867833155843 776.738569308516
IMG_20140521_133644.jpg 0.18901796139460303 0.9066844067615695 -0.08380533165780875 -0.3676578071949161 -615.8898296330398 185.17445674740992 408.0791772806001
2011-10-01_14-33-03_50.jpg 0.23445457183504548 0.8848963076764123 -0.15189597624997817 -0.37271596532126805 -491.18073519394335 343.30366739986914 476.2825444811384
2011-10-13_14-44-35_892.jpg 0.026060571010762458 0.4549186162793576 0.02553628507447436 0.8897852534997779 548.9647241142179 -57.71000826596534 -573.0016666057885
2011-09-18_19-45-01_34.jpg -0.02461598300660852 -0.0445981269472484 0.11946801863602596 0.9915303590796389 761.1017578763007 72.38182311058237 186.31874364228747
IMG_20140521_133630.jpg 0.08977155593140014 0.5300178001080849 0.11528504293002009 0.8353032731833785 420.1771495315357 -198.9322024816019 -608.1024562383272
IMG_20130210_163338.jpg -0.009601342290480333 -0.2698880874139985 0.10355870582029437 0.9572584964089165 543.0310072423345 87.35265622296271 522.5925892813118
2012-02-11_16-05-59_783.jpg 0.05577313617370629 0.45879191878526215 0.10650532092567269 0.8803726194931363 538.785643164972 -115.26084269217098 -467.6992887350246
2012-02-11_15-07-14_158.jpg -0.09104559915785111 -0.5279144527423135 0.12135808203502582 0.8356370296872633 236.28497126334375 229.84598977577141 732.8832495582495
2011-10-01_14-31-58_416.jpg 0.10211129244666108 0.9726398948310292 -0.0469807061124385 -0.20331682712243393 -715.7324905063244 102.72380281927568 334.14336751379227
IMG_20130210_163309.jpg -0.0745385001211227 -0.2878283624531932 0.25118813894245884 0.9211424236359063 502.2094099086713 274.953157473604 477.24669419650917
2012-02-11_15-06-19_188.jpg 0.13159543647054597 0.8479541017370466 -0.095636900296416 -0.5044899064888602 -454.69013741294077 206.49107164781583 581.7533018671645
2011-10-01_14-06-32_541.jpg 0.07815670795168297 0.6340867125583464 0.03784505342031734 0.7683705628736163 259.8605571144039 -138.3745772514932 -725.3757561495765
IMG_20130210_163253.jpg 0.04190159078299805 0.6120272024208879 0.049164297233481466 0.7881940319897474 339.95489393526714 -86.98548090887483 -649.0875059050368
2011-10-01_14-06-14_385.jpg 0.11533562256405634 0.9060109986071653 -0.07090114494617887 -0.40101719690797616 -590.4858737204454 148.99394286277158 475.94832695275403
2011-09-18_19-51-28_840.jpg 0.14501166443235655 0.9337875191833998 -0.06385699943514943 -0.32083448975914153 -643.2689267014363 130.98959136525852 357.24127241586905
2012-02-11_15-55-18_225.jpg 0.09733953499404387 0.9883111784481481 7.456776981921592e-05 0.11732870033040896 -694.5429677133357 -49.728922822299985 -330.0577142508752
2011-09-18_19-51-21_238.jpg 0.1430139711380041 0.9407937096545482 -0.06234714207511524 -0.3009435724663979 -656.8773257807437 124.35845062997083 332.0078741644808
2012-02-11_15-54-53_466.jpg 0.08145670186041737 0.8747001716860957 -0.07650766226089001 -0.47160469992326354 -534.9509513625082 149.78628035196365 544.6292572544188
2011-09-18_19-50-03_845.jpg 0.12859326284528935 0.9908954575250063 -0.03598444692118988 -0.017178026280305462 -738.2568628459474 36.493053875166474 -34.265219013226336
2012-02-11_15-54-30_83.jpg 0.0757014210315865 0.8549024955675928 0.01914158343677552 0.5128787553697591 -256.53817614389 -100.91856529263025 -725.600323307966
2011-09-18_19-49-27_741.jpg 0.09891054043972013 0.9920693659066085 -0.03448723813999087 -0.06946732055476461 -740.5166046839582 49.832138976098385 74.32665391044942
2012-01-01_11-00-20_21.jpg 0.016906361976485325 -0.11414739787307517 0.08282539058522156 0.9898608493914339 631.4780024363965 18.15400543477959 316.65015335300484
2012-01-28_14-42-30_955.jpg 0.029011475109549403 0.27701164201764855 0.02294998404120538 0.9601542494470161 727.9256695968248 -54.057841816662766 -311.07220778347096
IMG_20130210_165559.jpg 0.1286174397207523 0.7747669193812039 0.09701889637124587 0.6113764049905289 -157.62815824157482 -203.83788456146027 -593.9457695337188
2012-02-11_15-53-41_116.jpg 0.3874305575549953 0.5181138883681897 0.5353670225235438 -0.5429896066656303 173.90526785934463 -568.7145319632332 2373.1304850051542
2011-09-18_19-48-09_199.jpg 0.12634200143870636 0.9538655554148577 -0.007394298504530575 0.2722563593659342 -696.3558963486796 -41.14391682174879 -372.96527583903776
2011-09-18_19-48-01_445.jpg 0.11219124118664514 0.8753872941469905 -0.10113315699921362 -0.45921922346781563 -401.3783399993692 217.65049598532556 642.4610517220257
2012-02-11_15-07-21_697.jpg 0.13483039578107975 0.8295650528306264 -0.10524210490553255 -0.5315700206470355 -432.2062388046068 235.17063937483215 635.2075954221564
2011-12-30_15-21-57_182.jpg -0.03913881905628129 0.9605152990332433 0.0035058783878909048 -0.2754382362394294 -690.4571922508045 -35.714314362677776 474.07311760691715
IMG_20130210_165459.jpg 0.04274824368650695 0.8066375657706331 0.04163208163851525 0.5880265257008314 -210.40697693117258 -84.56652483091752 -629.2315021404777
2011-09-04_18-03-31_55.jpg 0.04952947399935854 0.9987607376912877 -0.001264587456981359 0.004713901809092028 -730.8234635794912 -12.623876071695936 -99.44492177543519
2012-02-11_15-06-31_219.jpg 0.08762805143981382 0.8602766017173372 -0.021187538182525365 0.5017933652055352 -283.0306333043895 -61.867878478007114 -712.3716051861016
2011-08-27_19-07-57_152.jpg 0.14000600514764364 0.9848174620211424 -0.009281589905227327 -0.10220928093702966 -739.7754017862349 7.6720991062758666 70.80470320151281
2011-08-27_19-04-32_391.jpg -0.008849148409768743 -0.0625020752795138 0.08976469141325553 0.9939605039103212 723.0363888807572 32.07004628969486 171.62788312489704
2012-02-11_15-06-07_821.jpg 0.03165966408933199 0.010008914671300719 0.04936069292073752 0.9982289363123258 766.6453321833808 -41.46181833836894 101.81663536426612
2011-06-25_14-52-41_37.jpg -0.008831608017256213 -0.6529490799590151 0.04954826966213371 0.7557277754945845 -67.7579122760289 68.6559565419013 756.8672991303113
2012-02-11_15-05-53_430.jpg -0.0694717808914713 -0.4985530089826048 0.12147748460672406 0.8554892107021466 274.904160607106 200.5152167638804 709.3396647786213
2011-06-25_14-52-30_729.jpg 0.06375658044805607 0.8428679683733156 -0.06778102002903963 -0.5300136032816811 -480.2326926073234 128.06162712257384 579.7680174667529
2012-02-11_15-05-45_805.jpg 0.28353947928568085 0.7804483897736376 -0.2112424408781383 -0.5156377660315312 -409.70947134728533 453.1965998283512 495.8494551803914
2011-06-25_14-52-16_178.jpg 0.04878112642716993 0.4178411933573598 0.06275249552750009 0.9050366087309755 617.7199119455804 -91.97745014232302 -441.6368704547827
2012-02-11_15-05-04_657.jpg -0.012186672623000161 -0.684463650828072 0.06385435726048813 0.7261429726743472 -116.14523316426785 91.5098856044045 760.0819268182091
2010-10-30_17-49-44_340.jpg -0.010199421285378998 -0.5084554720147431 0.07801883356494056 0.8574858986554089 207.76608329221628 94.80305508255553 742.5735373146548
2010-10-30_17-49-33_742.jpg 0.005578958940167933 -0.08141421427919468 0.10605568814078538 0.9910059494995123 714.4078035845648 42.513772708440776 297.0492256415178
2011-12-29_15-36-12_252.jpg 0.023418587105455555 0.34008475861186416 -0.002090059221724865 0.9401008235239153 621.6567456183764 -34.32667432960669 -355.60535054572955
2012-02-04_14-38-27_722.jpg 0.050097179982834285 0.7583766350788016 -0.07699182498995712 -0.6453118709655331 -96.26167789494502 141.09168772654618 813.8883149893509
2010-10-30_17-49-17_523.jpg 0.023264295810801652 0.7446965003244997 -0.047758500343964755 -0.6652856684085157 -257.50214852967565 80.49042177716238 716.0085212517237
2010-10-30_17-48-53_719.jpg 0.011165002697505451 -0.005593924317031791 0.12177648105801026 0.992478986874094 727.4266911598146 27.755608969037052 183.6372864540252
2010-10-30_17-48-42_201.jpg 0.049049822193453364 0.7435364400151544 -0.06692810510733282 -0.6635271705507791 -258.7822917531727 123.00596748590691 699.1184167818334
2012-02-04_14-28-54_541.jpg -0.01909924630992527 -0.3081963785062854 0.05373176474080192 0.9496120831812549 638.6130823382599 41.13098378482215 410.41391253188027
2010-10-30_17-48-33_797.jpg 0.06302104365523191 0.9808321372197254 -0.04207007730541692 -0.17951817526119296 -748.4211896362368 57.172677086041055 89.42333710215021
2012-02-04_14-28-43_650.jpg 0.03349777563264944 0.4951119948568997 0.0353627209782451 0.8674626732842745 343.4255539680019 -78.42142851616207 -663.2271501041417
2010-10-30_17-48-20_774.jpg 0.04612032065229066 0.5800992581127686 0.04339219062969288 0.8120805899369234 395.41199262820294 -88.66254288805284 -625.8784001463667
2012-02-04_14-28-35_778.jpg 0.25715525470239786 0.9551934755475384 0.005183801262279206 0.146457254701951 -729.6555113009101 -49.68914217989129 -168.90331871170864
2010-10-30_17-47-59_875.jpg 0.06237546033704319 0.33676895243490923 0.17596337108513097 0.9228937461376544 647.5563012206615 -117.60982285512988 -303.77358222233875
2012-02-04_14-28-12_421.jpg 0.023588754173761307 0.9246685303670192 -0.010838552656393228 0.3798870955978132 -553.4854611517457 -4.256573578953433 -487.8061944562312
2010-10-30_17-47-51_774.jpg 0.1221513711264184 0.9911706617955417 -0.04585543143095564 -0.023601718920561482 -707.5626472211399 27.556440720218898 -136.23721311334944
2011-12-29_15-33-41_760.jpg 0.06962472739634447 0.996963395386561 -0.033853351653293236 0.008386666568008924 -725.6234466076465 21.49835971485951 -195.0461246841148
2012-02-04_14-27-59_72.jpg -0.06520215575246689 0.3523775306776766 -0.12447354617351389 0.9252486644474147 586.2614185355133 118.69682416986034 -285.4801112149229
2010-10-30_17-47-33_586.jpg 0.09353126575129082 0.9944566276087295 -0.026453038557990822 0.040101806481545814 -671.4583349660758 1.559774076615648 -212.7826360420625
2012-02-11_15-04-56_852.jpg -0.005942531250822355 -0.03575594004640992 0.33142351017212757 0.9427855832472811 742.5772193218008 129.65967941632644 176.72924224281917
2011-09-18_19-49-47_322.jpg 0.012358448465899296 -0.09575362072364803 0.16938830776810382 0.9808089080250473 711.6920251614731 15.25728307851327 183.0472550404359
2012-02-04_14-29-15_423.jpg 0.15169512754341422 0.9158370548819816 0.027088257363799783 0.37080628837396706 -581.0546711788967 -121.69417852088438 -486.3627076712082
2011-09-18_19-49-18_689.jpg 0.04922708174592601 0.8135803309250664 -0.0660278394876461 -0.5755901875181969 -269.0849585603155 115.46797218285235 686.9159687740395
2012-02-04_14-29-05_111.jpg 0.12721520727690272 0.8433359143440149 -0.09067695004177291 -0.5141775154031543 -308.64430147648574 213.13880594421954 661.2043023596882
2011-09-18_19-48-15_986.jpg 0.12604286106371235 0.9656544032949754 -0.012438155709794974 0.2268701453572876 -729.8997240358461 -23.65824322514503 -310.6899954774699
2011-06-25_14-52-08_316.jpg 0.07227498429685766 0.8927917958165266 0.031173494029114693 0.443539568964942 -305.93832385435286 -112.19207858558835 -692.3125951776196
2010-10-30_17-47-25_73.jpg -0.002155577548875425 -0.0803665058441734 0.10841915763957338 0.9908490624108972 652.3137404440187 48.81172803653485 259.66182506102285
IMG_20140521_134310.jpg 0.12963134495123863 0.6398041599289913 0.10937634700459817 0.7495886645751924 120.33663413301102 -259.2540061392976 -697.2512158051217
2011-10-01_14-38-39_644.jpg 0.0801037807342538 0.6426871245479056 0.027525500548335427 0.7614321972913854 67.38845516430096 -107.06412844979232 -642.1915222225997
2012-02-04_14-27-02_446.jpg 0.20442591624088624 0.823096103062494 0.15099196317173566 0.507862458693252 -313.48648064069675 -316.94250861736873 -523.6264319054934
2012-02-04_14-26-27_329.jpg 0.022445849953236074 0.5219161689106101 0.019443630502557225 0.8524797016248711 297.5575124116964 -45.250080180444854 -594.8640293844556
2012-02-04_14-27-11_868.jpg 0.05474735453414866 0.8584069126201457 -0.05961977683251466 -0.5065429712748007 -318.78549035586076 102.24388710782065 602.8217533120359
2012-02-04_14-26-05_672.jpg 0.022727896667573657 0.19942758600677674 0.03872777935991205 0.9788831594007675 589.5949183386982 -44.29724782800985 -253.24503543635026
2012-02-04_14-25-57_611.jpg 0.08095046154657008 0.6810392836167009 0.09048647675875812 0.7221112895323233 34.4307817329233 -159.7256158554385 -622.4763824898755
2012-02-04_14-25-24_48.jpg 0.02166247740347561 0.19431988356255026 0.02286584388135353 0.9804323908911692 601.828164491954 -35.90377821291981 -218.0818397635081
2012-02-04_14-25-15_610.jpg 0.07131796882379221 0.5518218852410524 0.08513224667183342 0.8265342430102128 271.64390508695203 -137.20576499733556 -563.4098915171718
2012-02-04_14-23-21_748.jpg 0.033915473251659264 0.08008249196997669 0.08581080468953048 0.9925084588821045 730.4965066511251 -49.0319361062253 -26.17844072667377
2012-02-04_14-22-58_90.jpg 0.12284497133495884 0.8890904832463438 0.017413053868603055 0.4405950648537332 -359.42709440871073 -125.14736430665444 -620.427200703817
IMG_20140521_134138.jpg 0.09801105913409552 0.800601858996932 0.06448940491483655 0.5875981724884783 -189.19002293540677 -168.02916283789952 -686.3894235775142
2012-02-04_14-22-30_751.jpg 0.026419455858729023 0.45888863976652466 0.017461421011447747 0.8879292355934785 508.71267145380466 -45.55261709070736 -512.7281373850727
2012-02-04_14-23-36_467.jpg 0.039038205680183076 0.4971135791156975 0.03159041163688654 0.8662310048991928 429.8848095565759 -75.49985060435817 -587.2530699757327
2012-02-04_14-22-23_115.jpg 0.018546731783509043 0.1385773624624379 0.0417176039521567 0.9892987288345197 715.9636708856352 -26.477436632702812 -77.61223915035345
2011-10-01_14-34-12_690.jpg -0.06203540226293266 0.8578606585312114 0.41876459618217654 0.29131239656913216 -337.5119407900807 -476.57517779657417 -304.6394140068363
2012-02-04_14-22-13_779.jpg 0.2572026376166833 0.7926601169552738 0.14479415561598757 0.5334523359128963 -159.42572497850205 -387.9517615257652 -580.5535384700886
2012-02-04_14-21-52_735.jpg 0.005760955554519073 0.4711914171798036 -0.023387703830795598 0.8817020330455806 497.93074184999165 1.8031686048278728 -505.64564306266794
2012-02-04_14-21-34_646.jpg 0.033372804718353084 0.42168410042238963 0.04095680458313156 0.905202361637734 553.4031417782227 -57.450541526155064 -423.19732906230223
2012-02-04_14-21-18_397.jpg 0.05315876030788697 0.9632157673419063 -0.005043155686514343 0.26337064818842937 -509.34126285075405 -27.71540730670202 -474.35134604184736
2012-02-04_14-21-05_53.jpg 0.0633581985852968 0.6661168985456744 0.08001861984760265 0.7388308579246018 213.59409679251505 -128.8624539100162 -638.8666386048185
2012-01-28_14-43-44_776.jpg 0.15542602363366118 0.9866171056852243 -0.027288137988551533 -0.04104626014459662 -735.2410841804353 18.30033824729635 -27.268449783792576
2012-02-04_14-20-28_124.jpg 0.07077454678736037 0.9622672622320765 -0.010854173255770098 0.2625164118419303 -489.9916020137659 -27.511857630313052 -426.96789095720897
2012-01-28_15-19-19_648.jpg 0.06085156554109746 0.9668296352208574 -0.035465573111261375 -0.24551932012326663 -686.76692862972 74.14469589261523 406.4682325219637
2012-02-04_14-22-01_386.jpg 0.027590654546687868 0.5450990519996369 0.00782588512667898 0.8378809789061727 400.6817300753178 -40.95809134992273 -587.2994021301503
2012-02-04_14-26-51_287.jpg 0.04932615974955495 0.74634988791834 0.006241581184998079 0.6636940691560794 -93.01580238872972 -56.94711463455363 -672.3151560729865
IMG_20140520_211932.jpg 0.10545669928971771 0.9097848111181364 -0.05254733275217603 -0.3980066078022914 -615.6656272569412 115.78026790234883 461.1218444781019
2012-01-28_15-19-08_964.jpg 0.08467327892468286 0.9871787329964786 -0.0039490115673310915 0.1352515813706135 -779.511615997051 -13.565555142998988 -174.44949124071016
2012-01-28_15-18-50_977.jpg 0.20184823245363148 0.9446899091835048 -0.06833549233343351 -0.24929606300492305 -661.2086843057874 186.35132248277455 381.54870446575006
2012-01-28_14-42-20_620.jpg -0.006314634922174844 -0.20884126133589118 0.07246963280923448 0.9752402807872161 664.3913231921299 47.8308986724107 437.52161379611744
2012-01-28_15-18-34_874.jpg 0.10069172968398221 0.8265420706764042 -0.07159292119005094 -0.5491482810777846 -270.97036688983496 175.6574763032528 721.1516603948133
2012-01-28_15-18-18_863.jpg -0.04052026362248148 -0.35006939907194484 0.13255865119955243 0.9264112089463986 618.6836750639052 114.00619563834805 474.527465137121
2012-01-28_14-45-51_331.jpg 0.21587578692363116 0.924975903778251 -0.06807472385302597 -0.3052589949895738 -666.2724149014387 150.41551054668432 323.1773306552192
2012-01-28_14-40-46_978.jpg 0.00822517940302561 0.04086839825918396 0.10498455887510161 0.9935996994994101 766.7782497860024 17.80537268140599 113.59136202392168
2012-01-28_14-45-05_143.jpg 0.08184691428342442 0.9602906861579491 -0.00537040108107529 0.26667215732581756 -586.3311235685906 -40.00730368951737 -425.5969661826255
2012-01-28_14-44-45_580.jpg 0.04278636033289745 0.2530873491233566 0.07632546601284741 0.963478356955203 658.7514388083981 -84.12237861036303 -290.3929953973847
2012-01-28_14-44-35_41.jpg -0.008945116870713454 -0.27060202819658624 0.04748956602323301 0.9614776483824197 584.7918452680218 32.170812688410464 436.0403315903216
2012-01-28_15-18-43_310.jpg 0.09501145996755644 0.9855334984315531 -0.009059683644850443 0.14005166216919163 -766.1148236945407 -7.397293489884721 -181.26797000005502
2012-02-04_14-23-07_60.jpg 0.05231583590547723 0.5803448183783139 0.03700854393999176 0.8118456212669958 325.322866188546 -96.7096229966569 -646.3308413553245
IMG_20140520_211811.jpg 0.0643037051248315 0.6682639205277516 0.05797670716622177 0.7388687755307163 239.8459320411088 -130.43073412363992 -721.0063643390289
2012-01-28_14-44-03_713.jpg 0.17695224929577452 0.9745299258272332 -0.04474485312846395 -0.1302966739976338 -722.711038235658 60.54559506931643 86.52589785988476
2012-01-28_14-43-54_18.jpg 0.11290108181482199 0.9490459284218608 0.007043567756922793 0.29413527436229886 -552.0395250073612 -80.80318939244566 -474.17152655709384
IMG_20130210_165643.jpg 0.045729564694634225 0.43961920254602593 0.08382187863701948 0.8930944274416883 405.57924713112345 -102.41470659089858 -488.5384456457246
2012-01-15_12-39-00_996.jpg 0.05433591047325747 0.9979730791963383 -0.03035884292687767 -0.013254534641513627 -757.661152303994 42.39878046526559 -16.2626961755819
IMG_20130210_165635.jpg 0.11750544387753228 0.8878607152960398 0.04553762526026857 0.4425179607414876 -374.3160887395871 -126.1285325677192 -507.2175824210784
2012-01-28_14-43-28_869.jpg 0.023188487302003142 -0.028069789603240823 0.04388054303258005 0.9983731160800757 725.040661376266 -27.661501875745657 139.64696466609848
IMG_20140521_135313.jpg 0.08187134836245007 0.9376898397365563 0.027596970801658065 0.336560921639334 -504.80005200250326 -72.58416359278516 -392.6515688604831
2011-12-17_14-27-50_531.jpg 0.06119869204804727 0.6893295596652803 0.03956638434389656 0.7207731817244792 18.429160117103212 -94.93672745356437 -607.831709989693
IMG_20140521_135120.jpg 0.5443524604717629 0.17739085715607197 0.804538324217752 0.15789543198162287 349.00460035675485 -431.29339827027525 811.3930906630106
IMG_20140521_135106.jpg 0.1604879454650158 0.6472212858677733 0.1606150015133369 0.7277025819446812 69.08773871775999 -300.38586252548566 -592.4432406989929
IMG_20140520_182921.jpg 0.08185719723564405 0.8862306349329206 -0.03339491390059152 -0.4547300745416878 -576.7694899949093 76.45751142721004 482.13650553092134
2011-10-15_14-27-43_188.jpg 0.10033556112246549 0.5235034233524706 0.13362413077383167 0.8354768294736975 440.7548468580582 -192.90564548831784 -518.1569531628547
IMG_20140521_135059.jpg 0.07910508627413815 0.6363135549564025 0.0711876027475801 0.764054821540548 113.8991702881434 -147.26526446947187 -641.1820529661316
2011-12-17_14-52-31_163.jpg -0.006123171399866005 -0.2802082775303359 0.11470841982198347 0.9530413455865563 668.9028960152416 42.66821076888722 382.21913056193006
2011-10-13_15-23-55_514.jpg 0.0038889754062335037 -0.076112140606331 0.20320978603217527 0.9761647405962633 723.1766610401143 27.765800050296942 149.14371115933903
2012-01-01_10-59-53_763.jpg 0.041306335558020726 0.5284993024810853 0.03924215500729564 0.8470196734374934 478.5988356016563 -75.57285174025478 -553.0571664249367
IMG_20130210_165353.jpg 0.3397448502102051 0.8100095496659317 0.18620590528382558 0.4402105485368008 -392.08880553448506 -422.1605585784652 -402.11129739876316
2011-10-13_15-25-11_586.jpg 0.11276884491589494 0.7002478773101389 0.13054740207248408 0.6927434400635659 -12.699702107471872 -245.40671947147308 -650.9419806632578
2012-01-15_14-14-25_544.jpg 0.03973678639214149 0.3338923496291838 0.05567832048213876 0.9401259550159312 530.1216367618595 -69.65192130242566 -353.03347118438955
2011-10-01_14-32-33_19.jpg 0.27022795306954617 0.9021362836204737 -0.11170249369669615 -0.3172531040939136 -586.3077272594129 298.803309864281 425.96208176255334
IMG_20140520_182746.jpg 0.08087219367794464 0.9926169200500033 -0.00041570030479370906 0.09039449935377084 -651.2385543046319 -35.64032645108633 -282.88132563074976
2012-01-28_14-42-54_940.jpg 0.00897102285260238 0.11723967534465342 0.009514124187495655 0.993017553074971 766.8753637846091 -17.769761305074894 -74.1214172663478
2011-10-01_14-34-22_269.jpg -0.02910888996658534 -0.5923271550526834 0.1402604860392232 0.7928607759046662 253.3808104980808 139.92648632784835 671.1854687530567
IMG_20130210_165620.jpg 0.07483107818232874 0.9439454413877949 0.025478658002248935 0.3204967260482944 -508.8242378775817 -67.40410972673405 -390.38208479319013
2011-10-01_14-34-35_331.jpg 0.052594745284277905 0.9697897692875536 -0.04878671606605822 -0.23315542560525165 -619.4765680246725 80.91292036163604 354.11261103038885
2011-10-01_14-35-20_347.jpg 0.288257549033068 0.8737216949631277 0.10715566631108635 0.3768761711141136 -499.3025510650978 -283.9525977598324 -407.25061762381216
2011-10-01_14-35-34_597.jpg -0.03448109237478311 -0.6007631192567471 0.0994220508008249 0.7924708099508168 200.15128629228806 112.51655752995464 653.230716946811
2011-10-01_14-35-55_354.jpg 0.24122645747257898 0.6768453990147281 0.19895262831269456 0.6664142508494957 -31.66271565977622 -410.75112848918786 -549.8865475278672
2011-10-01_14-36-03_448.jpg 0.20914318672210533 0.8438256566103047 0.058789059105676895 0.49067426590700636 -359.3260292416091 -212.88748278095503 -545.2681589386641
IMG_20130210_165801.jpg 0.4695096276305242 -0.5901330214120085 0.5943852099946146 -0.2793026114110617 -92.18208289194794 728.3103861319107 192.50829660089556
IMG_20130210_165814.jpg 0.09355253284082432 0.6967370137989158 0.0661442127509128 0.7081175046001885 -33.572295079392894 -152.40732712195143 -638.3115003809289
IMG_20130210_165827.jpg 0.016755445280889694 0.42853704063060866 0.036036082943227916 0.9026497995275399 383.28147925872486 -49.55871042089869 -537.7875840213992
2012-02-11_15-57-14_674.jpg 0.030448139353264063 0.1596831616310232 0.12359153862159265 0.9789276430270991 712.3554787364088 -28.02001361168655 -51.20144146368542
IMG_20140521_134354.jpg 0.11898314754815562 0.7903601681245633 -0.10417248297372492 -0.5918799785706009 -216.597428317548 227.50499337021913 703.0680603314335
2011-10-01_14-37-23_89.jpg 0.07204509269655857 0.40792553204329746 0.03568437963317024 0.90946846563019 423.8283955965152 -108.98633922435305 -476.84366421763946
IMG_20130210_165933.jpg 0.048622584563255966 0.68079061130107 0.03356032740499036 0.7300915642980502 -16.892560038653983 -88.34489636328851 -699.2189655047048
2012-02-04_14-21-27_210.jpg 0.08018424244026354 0.661895131572391 0.05899515448496805 0.7429568586481609 226.07455716208062 -136.51994085464978 -645.5276361141728
IMG_20130302_145354.jpg -0.05352189729251131 -0.4091912511362829 0.112100483606722 0.9039532112221691 343.9930403124541 154.20088357745183 597.5777005410957
IMG_20130302_145455.jpg 0.0028570448952291573 0.15663945236034055 0.030997474804653053 0.9871651714958617 716.2714633596985 -5.834052114183971 -110.97731678381636
2011-10-13_14-42-04_627.jpg 0.07727497078412615 0.9964446297414882 -0.024275271546395614 0.023181672524020126 -711.3154472549718 1.4705780923683622 -227.1394711602641
IMG_20130302_145508.jpg 0.05450011809173898 0.6520653717375888 0.03987287596139959 0.7551494169177869 211.74219604473677 -101.01809696063559 -688.0096842775123
IMG_20140521_134547.jpg 0.10909211147463219 0.7482836456497857 -0.10823313080837503 -0.6453340888737309 -70.60388156890339 228.65265619820752 739.9903933112598
IMG_20130302_145519.jpg 0.006728479284171019 0.10633479344507689 0.08614397205980413 0.9905689553722518 730.9496082951061 -9.110802519897781 -50.90161463924147
IMG_20130302_150016.jpg 0.164178571281667 0.9843918673165959 0.0019329256044537037 0.06335859919114675 -746.9203328559319 -58.84692448463178 -198.9980651335818
IMG_20140521_134606.jpg -0.028177334040704795 -0.2899626928835897 0.09450700105270465 0.95194332884583 662.7541866108122 68.28101972413299 384.71602285139556
2011-10-13_14-42-58_635.jpg 0.010883737239799332 0.03453387878880373 0.07753081154454006 0.9963322381318095 762.7850149789238 3.673890518794089 107.54077994052953
IMG_20130302_150032.jpg 0.08851333498865412 0.9795676211184363 -0.026245311200436328 -0.17867246241529763 -764.9685490399393 41.45082497376977 162.8762870738528
2011-10-13_14-43-11_783.jpg 0.07466786366125386 0.44776158240291764 0.09914218866476492 0.8854970930991588 572.1552253976705 -150.04151484096104 -494.71559082862615
2012-02-04_14-23-47_959.jpg 0.0384686440158279 0.2361870155525084 0.10526766692151465 0.9652225522711765 669.2108610217986 -81.1419028057847 -261.95687900771986
IMG_20130302_150051.jpg -0.043251724154499877 -0.4181743202625564 0.07248961006445236 0.9044361683741515 416.36773370256566 115.7492960881337 663.9647088351085
2011-10-13_14-43-36_947.jpg 0.028504978626257595 0.2552448735473622 0.019413049236940635 0.9662611728930393 732.268904714078 -47.87201632645986 -252.388310261589
IMG_20140520_182632.jpg 0.039814805139829906 0.6820460142654154 0.0512660660610567 0.7284228210229011 183.73856591992083 -80.59040244687385 -639.673480437536
IMG_20140521_134634.jpg -0.0658435576739419 -0.5935118120887384 0.07554367529055901 0.7985621503349475 267.93753159072685 137.35873692590434 695.0246175506329
2011-10-13_14-43-56_197.jpg 0.06515953106589462 0.2070263923476327 0.12089313839034212 0.9686481081759926 746.6191256131556 -113.35587669657762 -187.87783464802808
2011-10-13_14-44-10_424.jpg 0.03800204982446118 0.4290010047017042 0.015654122415497525 0.9023685115436308 577.8063117880156 -68.1524405423444 -525.7557952455983
IMG_20140521_135306.jpg 0.046672407115919606 0.4841947717237553 0.077344917241331 0.8702843634274476 327.9633768180066 -107.15348829802446 -543.4769892363465
IMG_20140520_182651.jpg 0.03459450242225562 0.7060935387762896 0.04358850315138705 0.7059285922057237 150.85691669974156 -71.29759749023609 -663.6589432479519
IMG_20140521_134654.jpg 0.20538672816435516 0.9527462987529663 0.035477212250206114 0.2209799753765464 -695.9734415348356 -107.99299925693039 -263.0932600782411
2011-10-13_14-44-28_463.jpg 0.10201039544602834 0.8643947964795553 -0.09052592476668145 -0.48396339942721905 -499.03882988058484 186.15500058021772 589.5525730184456
IMG_20140520_182733.jpg -0.014674418341706299 -0.13364578573889943 0.10082827542198776 0.9857774212650605 619.9965364765039 69.79803865192281 330.35056544010814
2011-10-13_15-22-43_375.jpg 0.08663586290289613 0.7666224041409871 -0.09229546310844708 -0.6294965164460886 -150.62830159458025 185.4801707514196 734.138337465661
IMG_20130210_165337.jpg 0.022828727504940034 0.9087997385897605 -0.01306354742343883 -0.4164027234161711 -448.9660195755403 23.558460363449292 548.4583789722544
2012-02-04_14-27-51_236.jpg 0.969669434551708 0.15493239622062902 -0.14012928765714966 0.12688941263243894 -698.686329189943 -163.13744767655047 -166.9487023990708
IMG_20140521_135000.jpg -0.06544089996467266 -0.5879234437211714 0.09262362120315006 0.8009271987703178 214.90406066046677 140.5352242638431 643.2711601655692
IMG_20140520_182759.jpg 0.04642347483194844 0.36240036833430966 0.12025486418471477 0.9230653290290995 629.559107916932 -89.87261674811494 -342.39724308570896
IMG_20140521_134740.jpg 0.01383827514961334 0.0820913717795772 0.10083908744206996 0.9914136307637099 713.6113956369544 -47.073466069561036 -154.013819905209
2011-10-13_15-22-55_274.jpg 0.10412579800734026 0.7262277503666512 0.04832914872940675 0.6778018635042387 -53.105769650499745 -169.3709986927015 -742.106903394104
IMG_20140521_135007.jpg 0.06780459369843052 0.38146538391090173 0.1347706667735593 0.9119887967121688 476.98147129569475 -164.03289636090201 -469.1383949119352
2011-10-15_14-27-34_559.jpg -0.0068076653180200435 -0.15688802162598442 0.10975076769219871 0.9814757120551563 605.5654887488124 67.06764862314073 358.376588368436
IMG_20140520_182803.jpg 0.03538203618431731 0.7160320029579397 0.041814710642056246 0.695915089812985 148.90289559747742 -75.74832909667789 -703.3907712027176
IMG_20140521_135018.jpg 0.08007825080072391 0.6664422407312856 0.08128108284184365 0.7367737774173403 61.29679236221635 -162.58248725168784 -665.5890519033093
IMG_20140521_135701.jpg 0.034053810345910165 0.7820400594853412 -0.028084106511766564 -0.6216630649495954 -122.94339275875976 59.176979534506714 754.3343314102973
IMG_20140520_182826.jpg 0.038712563065362075 0.5477330322182955 0.054658239886265426 0.8339678289301082 441.6899726452345 -82.06711735565764 -588.7473165649693
2011-10-13_15-23-34_531.jpg -0.002897154783557332 -0.36871554458823375 0.09934022817406937 0.924214246124505 517.8709729768784 59.41033136642028 535.1540772111684
IMG_20140521_135034.jpg 0.16686565088740304 0.6587204900826658 0.15473469287402303 0.7171473665296121 44.570170969304236 -305.222210149922 -601.3553578962435
IMG_20140520_211430.jpg -0.004206863391609589 -0.06033511996920212 0.10220115539175968 0.9929234106592992 693.2518821598312 54.775531378834295 282.4534282461425
IMG_20140520_182834.jpg 0.12191667069658242 0.9845889488530916 -0.02193312904190134 -0.12344984833144565 -742.1658426056417 12.327600746845938 11.956510764823234
IMG_20140521_134810.jpg 0.0871658064979832 0.9820825447174515 -0.008245161617384046 -0.16687724485008157 -663.7132164073804 31.905791034692786 272.9453571594073
2011-10-13_15-23-45_574.jpg -0.015143721864711844 -0.5485801977543122 0.07421105172802862 0.832660287344932 255.47071629212678 77.5660073193777 692.9128231293541
