IMG_20161227_172439.jpg -0.09896431160250563 -0.020955399842492662 0.04282583586535827 0.9939481294458564 641.8617777513897 183.8836795861587 262.9680601842157
IMG_20161227_172448.jpg -0.3502491636392127 0.7338621406325331 0.030244032165730895 -0.5812548326118474 -325.14466521297766 -245.39203978070037 782.8979171302988
IMG_20161227_172456.jpg 0.550591672923786 0.028836069503828676 0.7954912549966113 -0.2514178872444705 468.8012849181143 44.068319641677334 1057.6048970618222
IMG_20161227_172504.jpg 0.0179971 -0.103291 0.0567529 0.992868 631.4248853663358 3.7090809974392847 305.6200459816508
IMG_20161227_172513.jpg 0.7880396982460183 -0.07756985766912043 -0.607389310157126 0.06367556106048698 -383.6962421516503 -153.596252163358 -518.006945986239
IMG_20161227_172517.jpg 0.5654476455469774 -0.2820943209961891 0.6617851971817744 0.4034006779842573 205.5118733863778 102.08141142410639 742.1451403699625
IMG_20161227_172529.jpg 0.5652690876799524 -0.18764720477224958 -0.031190002695184873 -0.8026746344481744 211.97292347860616 701.734363262445 -11.968754355934943
IMG_20161227_172558.jpg 0.1258854687239631 -0.6612484639790587 0.7123520638187947 -0.19864001314586022 197.1451886558644 674.0137467076335 -68.88625557320464
IMG_20161227_172604.jpg -0.0184993633801176 -0.09078827636058232 -0.33733983246862526 0.9368122009560107 655.8017710123562 -137.83579969203606 322.87009140861625
IMG_20161227_172616.jpg -0.08593355800562441 0.6859358407854965 0.633345982285286 -0.34782224290213815 -112.51919781557505 -705.5383614248926 156.16082811151597
IMG_20161227_172620.jpg 0.5215223848111067 0.5242647111690483 -0.0868913616439068 0.6675408646932702 34.200931507111974 -447.18804951715816 -209.13959523989138
IMG_20161227_172626.jpg 0.3897448773949089 -0.07804018449128144 0.14861751329444636 0.9054951655813354 695.0664401520846 -486.6317690367954 977.4566295809394
IMG_20161227_172633.jpg 0.38306600838413124 0.23384766597214984 0.8100458258231114 -0.3773611829621333 457.32233738381746 -171.3924901602088 638.7898431674131
IMG_20161227_172651.jpg 0.42741702322658914 0.4285464687391714 0.6903136419337362 -0.3963958730202538 199.27325556317493 -169.3432746288622 726.6986476357511
IMG_20161227_172658.jpg 0.045004692555794895 0.7562948749016192 -0.057493990489945974 -0.6501438924600035 -288.1558457558765 108.20603165859316 696.2332510884946
IMG_20161227_172703.jpg -0.05008339449168935 -0.43003495270356307 0.13029298567001601 0.8919559019002157 330.8964917743897 184.14503576157432 671.3241636735769
IMG_20161227_172723.jpg 0.4551508751059348 0.2788700264401338 -0.1528556124674671 0.8316876522954851 532.6601369529802 -524.9553985546943 -110.90659063459444
IMG_20161227_172730.jpg -0.4775901456123995 0.7459027046981628 -0.4392763058093367 0.15024358586107564 -368.6373894446386 618.9151665136152 283.1780062051317
IMG_20161227_172739.jpg -0.003727728635519964 0.9616824202412741 0.25560585137253233 -0.09908922939567366 -583.0324245048251 -376.1138629542706 655.5326375374226
IMG_20161227_172754.jpg 0.0023169091827881893 0.7455201455572168 0.42390871891702875 0.5142914956776056 3.6719172674141207 -396.4083744402861 -614.2122933403418
IMG_20161227_172811.jpg 0.27327576261749015 0.5289402256935387 -0.32431023335330733 0.7350955500827226 430.26063096753444 -217.18464030750283 -104.19137766779004
IMG_20161227_172831.jpg -0.13533042376105542 0.7956764380354036 0.5888949910472752 -0.04227732109980158 -188.51267496122028 -653.5788120630666 -4.826647896247916
IMG_20161227_172836.jpg 0.3351308602063737 0.10163522537408512 0.927556178602227 -0.13037301498902432 514.2551546991334 -108.34217092465795 653.4122209726097
IMG_20161227_172901.jpg 0.8749381915657997 -0.11598328704159018 0.24274236373798702 -0.4026253629784032 -330.6469455345917 573.8018469879203 558.8433917512069
IMG_20161227_172905.jpg 0.9065767419710695 -0.2363494386760499 0.07228263058941788 -0.34210053357121617 -585.2907670199481 571.8182900906966 438.1528579045372
IMG_20161227_173025.jpg 0.7312493480422955 -0.1780115041351167 -0.6584547579885479 0.004860767996458694 -61.45882976819414 -212.2364501998922 -486.94461297345714
IMG_20161227_173032.jpg -0.24434184668334938 0.04926339164130834 0.6851018058254782 0.6844747591095195 553.4745621061954 233.55418849216147 -39.87655687650033
IMG_20161227_173116.jpg -0.19640542594651084 -0.6680036582890747 -0.18664511235121303 0.6930798101276548 0.9351439991530421 -16.278910217346315 1015.6787228197096
IMG_20161227_173123.jpg 0.41607299602880266 0.19158726145990154 -0.22688798422931597 0.8594762508843796 425.50649569478105 -489.7011140651615 -342.5159608444424
IMG_20161227_173132.jpg 0.5142230092215074 -0.09162845579860796 0.6911525680666634 0.49948678714255834 365.0889163908817 -248.96205813279713 698.1091847418915
IMG_20161227_173137.jpg 0.2835424871570552 0.7342364642133893 0.27667071610105715 0.5513200408549825 -138.5791421753168 -539.2632567336294 -502.30916022272106
IMG_20161227_173141.jpg 0.7680661788238623 -0.24724841366972236 0.0624489183184882 -0.5874033533148814 -200.60264106103045 703.7172784423092 166.01993006432102
IMG_20161227_173158.jpg 0.3920467197808837 0.16504377306027188 0.8851289214263538 0.18869741635141274 517.1951658002095 -318.597646628588 475.4267855880826
IMG_20161227_173202.jpg -0.21267944694374458 0.9359550514319882 0.19010561580600455 0.2064350972719209 -650.2461604983997 -152.486198388953 -163.4270432204248
IMG_20161227_173206.jpg 0.12540126928730078 0.0080733139668519 0.22419148578362064 0.9664096031004966 730.0944168217324 -157.83886774236237 91.36175110140957
IMG_20161227_173209.jpg -0.37402557155883503 0.6497728474083869 -0.5900362849314514 0.2995952286922717 -140.02811815687616 692.9746065149643 361.7383299120117
IMG_20161227_173326.jpg -0.12243466760814344 0.5227882175111274 0.8435075718640825 0.014043076841695302 289.51849010060306 -616.2586839232539 -61.55071528484163
IMG_20161227_190424.jpg 0.23268774580295412 0.04340442581950662 -0.6481561329176471 0.7237859463499274 681.1697464809289 -190.03164209823075 -182.94052611361798
IMG_20161227_190941.jpg -0.37892113321405163 0.17315146709007767 0.23624225004946883 0.8778536002887367 452.10124897172403 530.2710169447602 -135.88594164236414
IMG_20161227_190948.jpg 0.06782662835002133 0.9970004167239882 -0.013352405581008406 0.03480561454797236 -672.9098166734104 -5.3025296607675765 -199.31039367940178
IMG_20161227_190953.jpg 0.8106925119639948 0.14698434763426627 0.16208347769064158 0.5430489838456054 -222.71609207647197 -683.2814688281139 1561.728898260879
IMG_20161227_191024.jpg -0.2728769632733198 -0.07750525592945806 0.9556368461553597 -0.07930521097807758 529.417145685492 66.46210735959536 -400.8350901060655
IMG_20161227_191029.jpg 0.1868281428158322 0.8706711864936768 0.29842122157595735 -0.3434700926933716 -479.2026360511378 -241.4577945396327 744.2256618621072
IMG_20161227_191046.jpg 0.18581299065100543 0.8400529577335766 0.11675899412538812 0.49613697503736487 -241.1033085763663 -295.174099273097 -610.8271906351274
IMG_20161227_191052.jpg 0.9428620779007298 -0.10325720474618667 0.10447982748573627 -0.29905353596517253 -544.6238499557202 420.1253519256508 270.65278268014333
IMG_20161227_191109.jpg -0.273679254492971 -0.11175713038649221 -0.16368474101961228 0.9411786838987011 626.9100692075425 431.1441045622615 691.3038993820239
IMG_20161227_191118.jpg 0.14167602951252295 0.7784714712567322 0.5841661503810476 0.18072072335494144 -179.26055065050954 -739.99169382187 -8.665337849545748
IMG_20161227_191129.jpg -0.38372505796448686 -0.04958801496885703 0.9156834217005219 0.10871973088829799 487.81949816061433 126.977472370447 -443.10275716265187
IMG_20161227_191143.jpg 0.9073552659050913 -0.27262384380775484 0.29880332334589316 -0.11445189023880965 -496.7589028879745 283.6342784273922 627.6951191197755
IMG_20161227_191152.jpg -0.029975201523457107 0.05909266460710342 0.989378591864583 0.12938139836667395 691.6274126930091 -90.37512344762446 104.49997489393039
IMG_20161227_191156.jpg -0.3011736399822716 0.921941371033539 0.1585149399164325 0.18490960164339143 -687.588334138309 -95.63308270538195 -105.29638025233768
IMG_20161227_191215.jpg 0.7632957294000972 -0.49113262921472417 0.002669830487103094 0.41971566804847316 -508.0865732653484 -344.2864963415229 499.49172651187854
IMG_20161227_191228.jpg 0.05512352056369836 0.14045592349623362 -0.03051961152372824 0.9880799989615846 778.9282875990816 -46.59492897178484 -28.727101342198985
IMG_20161227_191239.jpg -0.049741249491505934 0.2909205778788523 0.5870648550522369 0.7538208549968318 476.9453238231691 -135.5008258375891 -19.768879484966362
IMG_20161227_191254.jpg 0.199874822610615 0.8191119463017901 0.3310076103238344 -0.42372117792219605 -312.7676680133479 -274.5765664682636 782.2600184426354
IMG_20161227_191326.jpg 0.4869059011609008 0.7966563060788039 0.09706416087874208 0.3447316667677515 -504.8717569915866 -418.1149560192138 -344.57920503909094
IMG_20161227_191341.jpg -0.014441094453666455 -0.2820908916584764 0.027293589517459943 0.9588906317227 581.2870045946397 31.29874852701957 472.9945609648661
IMG_20161227_191347.jpg 0.201885883763672 -0.55222708201056 0.7027104671066609 -0.40060621469193686 220.60409033602673 685.6818410565522 133.38498754103955
IMG_20161227_191355.jpg 0.5774292338450528 0.45843588254506945 -0.36556220937254835 -0.5681340445483791 -91.86924828265506 714.3999415767828 171.70608236849895
IMG_20161227_191402.jpg 0.6292771424643544 0.14858519876772297 -0.2665216856368171 0.7147719270958832 183.50693169141317 -685.0093795926348 -98.36688622995854
IMG_20161227_191414.jpg 0.44050108811225885 0.752004131157095 -0.3699443498097536 -0.3218536253305491 -644.4892768539619 667.8555367435625 1217.9075369535824
IMG_20161227_191422.jpg -0.045668320336780706 0.6874056475438823 -0.698626800529338 0.19315401581259783 95.55526896917729 713.428287118663 88.30159216671996
IMG_20161227_191533.jpg 0.9980324086943683 -0.026575909043865083 0.01401847428703409 -0.055031941932607485 -659.1117009988081 81.6437463611093 111.44205673705785
IMG_20161227_191546.jpg 0.24473051310830368 0.1622381162294992 0.07624717568876446 0.9528757200157517 565.4978428319339 -311.8115533707318 -96.09206598278942
IMG_20161227_191555.jpg -0.4367864661006067 0.540627735614817 0.11876292443068592 0.7091083149251673 16.562885237720444 348.1552916552798 -498.03658784804577
IMG_20161227_191611.jpg 0.2305660939112919 0.43207817039377877 0.2439824466810804 0.8370306426404996 344.0347257812398 -380.30631407172456 -366.20508870839603
IMG_20161227_191631.jpg 0.8027599235699285 -0.21326040789741763 -0.06023416238356578 -0.5535958356196152 -249.57903568717643 710.0911632909465 -103.10808506530262
IMG_20161227_191640.jpg -0.3991481853076774 0.015334312262104861 0.5966957495520274 0.6959883386232707 477.22272522197403 347.3378717227382 -114.22667816571536
IMG_20161227_191658.jpg 0.706033668902433 -0.1873219935885098 0.6638073358777647 -0.1605825330758627 -64.09433162641625 314.6066650132463 712.3246446461369
IMG_20161227_191704.jpg -0.04839930806074885 -0.10533122826734108 0.15779229727144678 0.9806449052805676 780.1866311177702 283.3842133732745 598.4568114354608
IMG_20161227_191720.jpg 0.0805780914243771 0.9600161365354071 -0.24390865957233118 -0.1112868121551904 -641.4091519084914 401.48371540575124 339.2974085820356
IMG_20161227_191723.jpg 0.3831405472846989 0.22300357637670581 -0.12781554376737467 0.8872068038067733 582.691902212304 -332.55691708185236 199.87728667700688
IMG_20161227_191752.jpg 0.9494093887667255 0.20994133391848505 -0.13234780207839528 -0.19243312635598364 -737.7969636139863 215.01007904858452 207.09850725736632
IMG_20161227_191759.jpg 0.5794179926745661 0.05749233766598812 0.6196325275431434 -0.5263315986003241 225.64020734106097 388.3844685399355 629.1460323028199
IMG_20161227_191808.jpg 0.7225925229057504 -0.23848596667862576 0.577162772277339 -0.2964247355319736 -149.23995005841905 507.4081029113578 638.756072199612
IMG_20161227_191819.jpg 0.5403178902702761 -0.46032527805165857 -0.6951421547047095 -0.11373038553102101 17.55809892443394 -368.3400131895486 -458.2646165852192
IMG_20161227_191825.jpg -0.36804636366416554 -0.04444818770771529 -0.4510307759935304 0.8118728175704354 526.9848928707323 347.01839295914954 373.43178911097965
IMG_20161227_191835.jpg -0.3997429584631157 -0.038131477814656936 0.9082451437058473 0.1176533743399291 488.1010971795325 104.21113578118216 -482.41222516888735
IMG_20161227_191843.jpg 0.5183051241090102 0.10109126402430688 -0.794227580279769 -0.3005709656358289 316.843159245945 326.06248375855955 -530.2162646262013
IMG_20161227_191905.jpg 0.894753622789857 0.12300905645691083 -0.07174211481936983 -0.4232467312280764 -238.26584037299236 565.3221127123669 586.951772391275
IMG_20161227_191920.jpg -0.3033010667411826 0.6859667889795301 0.3565438508325618 -0.5570767539255805 -81.97339083444128 -611.9050924121989 473.9193820120636
IMG_20161227_191954.jpg 0.16582504567722497 0.7208196897433437 0.23891181013444113 0.6291598970712777 -60.15076291377483 -314.2616051587612 91.54218606379726
IMG_20161227_192015.jpg 0.7228439515296228 -0.24737107647358303 0.2490050583973868 -0.5952315962328065 -157.78951181045923 702.5684819767016 110.14259085852174
IMG_20161227_192026.jpg 0.6772458112694612 0.41934418671249557 0.5076202102414525 -0.3283447674972584 -456.1348304187547 146.87906018077 1138.8718468412183
IMG_20161227_192030.jpg -0.1064536188730292 -0.5175404951489524 0.36961180525057086 0.7643340737722133 146.61213569224432 466.04353700402265 846.1829223083325
IMG_20161227_192112.jpg -0.1673947058791739 0.7815267838983239 -0.29466580632078687 -0.5238004974019097 -231.040462432284 404.715099199187 1342.9837412834868
IMG_20161227_192139.jpg 0.9990800991002708 -0.02863605882755878 -0.02525924882594492 -0.019516712463109303 -758.2063622260287 23.97975028376842 -5.251505200095178
IMG_20161227_192148.jpg -0.1626584942205052 -0.6730893198801201 0.6741093249022618 -0.25704007430953674 191.61557363481398 768.4965281946907 -125.86004909356056
IMG_20161227_192153.jpg 0.41692802526253303 0.4342121538726462 0.7827253329491424 -0.15802493581588972 39.48076200124623 -419.2908315888984 1042.3907506516912
IMG_20161227_192201.jpg -0.40940054514756297 -0.12334221616455217 0.6688415912221057 0.6081355253526779 508.73092272260516 489.03940308378515 -287.01161251395826
IMG_20161227_192213.jpg 0.9998150602166627 -0.01758116799345155 -0.005892240923971755 0.005101900903633638 -704.0297761886492 -88.03049103313616 119.72554927361882
IMG_20161227_192220.jpg 0.33470207792353684 -0.41450607294929975 0.26132018251794037 0.8049043401116723 761.9218114463139 -302.63982346590547 1379.5993526724817
IMG_20161227_192300.jpg -0.4735395593572088 -0.11626186071424528 0.7826940423902523 0.38682489769125206 -386.83496713051045 1027.6680039736991 1366.1187197061902
IMG_20161227_192304.jpg 0.4486790897875043 -0.07557643100255547 0.7960066038588368 -0.39918512507042864 416.81300382015775 387.5530829454232 743.2345634481394
IMG_20161227_192316.jpg -0.3344308603773965 0.08238585240508124 0.15759317974403847 0.925490659406612 593.6345041958066 404.99606868297315 58.50273539395803
IMG_20161227_192330.jpg -0.022982378351511634 -0.23031300991041265 0.027137227396355528 0.9724666054114931 558.5330987211645 59.10010844689856 693.4646396738699
IMG_20161227_192344.jpg 0.1513080621746695 0.764049312589642 -0.49579324739607106 0.3840879770165944 -193.8430690100567 442.62939921855406 -241.1907530732782
IMG_20161227_192354.jpg -0.009476746763417341 0.9262594602221078 -0.35183827946741353 0.1347717652968971 -529.2989560438631 779.5095821254281 400.8749500277822
IMG_20140520_182846.jpg -0.20739333574422983 -0.07228498220372144 0.3740812863552382 0.9010139160054624 608.5617231656232 416.9933297141335 105.14492876621203
IMG_20140520_211432.jpg 0.5079136765527634 0.16295885756990666 -0.4441764833827672 -0.7198439827628512 192.19498084438374 708.9132134787097 -63.8110153296016
IMG_20140521_135037.jpg 0.5799755418992152 0.10073215786921681 -0.6935812698298115 -0.4152426101822757 207.21814947707352 439.27938324558727 -436.74763016444996
IMG_20140521_135047.jpg 0.900171875754114 -0.181759722537565 -0.38565313248431893 -0.08902616901462446 -1238.3523524778357 582.0774582303421 1236.6599921907496
IMG_20140521_134943.jpg 0.33918540011664333 -0.6043181129575114 0.2707948687309838 0.6681489517825756 93.0480460712838 -71.58634860736474 971.9055048585434
IMG_20140521_135321.jpg 0.7155501250372474 -0.4684170683051124 0.32542507860936276 0.403326154485069 -218.46513342608807 -178.23893949029676 880.7814039115997
IMG_20140521_135225.jpg -0.37770968164485935 -0.10079046464580622 0.8550211786127668 0.34075719031570945 430.69084730939176 274.5042079516622 -270.8951627983028
IMG_20140520_211801.jpg 0.27813782363180056 0.5782493105032732 0.16332825712944918 0.7493937325537962 288.94384391872785 -455.58695457792453 -525.9674382852398
2011-12-17_14-28-15_257.jpg 0.875643907331507 0.2100607864083115 0.23600712582086483 -0.36527092702336356 -459.1005824591697 333.93091012284043 545.3118849243915
IMG_20140520_182958.jpg -0.07628211131432111 -0.18712131553151007 0.38605395899874484 0.9000716602074427 625.4651409396553 297.9632879544395 380.5623102233282
IMG_20140521_135040.jpg 0.8121260108666152 -0.18958419594248882 0.5002614655987194 -0.2329112302138741 -293.89217526372994 396.17035812570555 590.5198985003943
IMG_20140521_134826.jpg 0.07266461000712371 0.9600211322108554 0.012979201787451664 0.270020037186244 -508.88091660410004 -67.69447760651914 -505.8485167716492
IMG_20140520_183007.jpg 0.767990379953418 0.254124717909071 -0.03540050956343451 -0.5868204222496768 -312.44007163944485 642.7590829708878 416.01503899994276
IMG_20140520_182943.jpg 0.11555274088403465 0.13639616562678636 0.35258067157855955 0.9185480499710995 719.3678414956798 -121.06595136499601 3.0750137490381495
IMG_20140520_211910.jpg 0.19501064696061352 0.7065058232558918 0.17958940160115316 0.6561768177176464 58.50758956641822 -392.44063154929 -656.2282177012783
IMG_20140521_135650.jpg 0.18943531224541743 -0.31541163437263814 -0.5157362338614271 0.7737221080331709 490.57589833901534 -428.17152161650597 391.8693856326898
2011-10-13_15-24-05_816.jpg 0.30550812965405627 -0.11090377636114573 0.14071025830842482 0.9351822059421863 693.9087653862728 -384.78652797374946 530.1820188034019
2011-12-17_14-29-11_706.jpg -0.013443755755582355 0.9013526049216946 -0.25938105002478 0.3465605544780058 -444.5560625523688 338.27907709160314 -326.29526719856665
IMG_20140521_134821.jpg 0.6853675900806919 -0.3909077980757452 0.26759092679935215 -0.5530438099872571 -206.58643015653524 716.6472640036897 61.79030373997287
IMG_20140520_211723.jpg -0.040816093342233274 -0.6610448921728581 0.04893149201848014 0.747635878048464 -85.75179778512569 95.38170423178943 747.0320188388988
2011-12-17_15-01-35_152.jpg 0.16545406718463665 0.8378139648993777 -0.18042538600669997 -0.4879952786205815 -370.2656656316743 336.87399935599615 546.7688793334735
IMG_20140520_182904.jpg -0.21534641120257772 0.6974889767493376 0.14212829669633242 0.6685316729770788 56.18660944209108 145.51138239315264 -682.5069420915975
IMG_20140520_182849.jpg 0.2729902137390653 0.5387739920311428 0.7784116988056861 -0.1710969195396906 111.29749759885875 -724.9745752927702 913.4231746055696
IMG_20140521_134925.jpg 0.5108913361874637 -0.18378097079108793 0.7650483409898204 -0.3462883673073595 338.26980642142047 477.80474920836696 608.8751586169352
2011-12-17_14-50-43_241.jpg 0.22233697592875976 0.9658198954358238 -0.037094395983987304 -0.12799298614288107 -695.9377896731173 111.28998888995658 221.63797723252267
IMG_20140521_134908.jpg 0.3155671672987023 0.8956894748519566 0.07402293924344154 0.3044311613949217 -584.5423606799283 -213.8831465573228 -322.79222517106547
IMG_20140521_135013.jpg -0.09521834561256666 0.7406438494216592 0.582520016132824 0.3210149307700297 -82.11928432682359 -540.0188695428667 -239.37093182324318
2011-12-29_15-31-46_760.jpg 0.037541385819514536 0.24298690821669885 0.13197995014729147 0.9602756372756515 747.7445670386062 -62.896032979624295 -198.26377492731146
IMG_20130302_145312.jpg -0.2671896613175108 0.8929907698592778 0.1263033495683782 0.3394475419250761 -498.28128584746224 35.75343902676906 -217.9097214464326
IMG_20140520_183040.jpg 0.11733300952764258 0.958683077846718 -0.05845160474637104 -0.25247402050132556 -729.7780778884322 84.5562246261176 173.41108227350207
2011-12-17_14-53-09_639.jpg 0.10893637809311818 0.1889508974551183 0.9154404921313695 0.3382294032829415 696.3058721267078 -376.32321537975304 230.20733688071
2011-12-17_14-53-55_436.jpg -0.2679544719994033 0.13989179223517373 0.7712027004699551 0.5602473401887784 654.7084503448405 61.6792541987688 -384.0112807007968
IMG_20140521_134950.jpg -0.30572307977864266 0.05115985028380522 0.828034047235108 0.46719983393516623 568.9365995407269 132.4869334785052 -382.41862612599317
2011-12-17_14-50-59_577.jpg 0.2695648336666941 0.7753230477857807 -0.49633906762260355 -0.2825889275501443 -240.51042087023495 675.5128882903506 214.38638780975097
2011-10-13_15-26-30_438.jpg 0.6587155405644755 -0.1744038823786331 0.6728714807243645 -0.28796022790988424 96.74809512824645 400.5110403528045 739.5357162654642
IMG_20140520_182925.jpg -0.23279249867272767 0.4369612292280444 0.8552109339587288 0.15325402164596622 306.6244321443372 -402.09071058198793 -516.0501754192628
2011-12-17_15-02-30_957.jpg 0.8297131822094838 0.43231249038680386 -0.11477953487392496 -0.33392754348435644 -583.4813906916772 436.0376848193948 184.11890665391314
2011-12-17_14-55-12_175.jpg 0.05154773568103297 0.7646731267330765 -0.6367161057832051 -0.08491431466301191 -131.06689032691904 625.7020043828247 559.6321793154794
2012-02-11_15-54-04_6.jpg 0.3353353077901493 0.02145019276445052 -0.0584910525548147 0.940036657450487 491.8154840379479 -447.4978949336864 385.7223932029062
2011-10-13_15-28-19_661.jpg 0.05692591156890476 0.5496001116937994 0.0929312188861696 0.8282891683310506 399.4019557888531 -115.37589799647546 -537.7875394252521
IMG_20130210_165919.jpg 0.08987188862381369 0.7325837542555469 0.029285072967467723 -0.674081946900618 -179.72494341918312 120.2731677917145 977.846458121567
IMG_20140521_134324.jpg 0.08327307513135877 0.28221273610192205 -0.2030415208081352 0.9339141862976242 648.8325832447989 -34.44847479856219 -231.84175086365218
2012-02-11_15-05-20_118.jpg 0.0022757557732729534 0.3050770332968402 0.9522320596568387 0.013301475563041577 608.0895448848784 -438.6836399763671 -7.220962684230971
2011-10-13_15-26-38_609.jpg 0.38238368130436723 0.6182570069808518 0.21013559808992152 0.653746146456398 -8.554639483594963 -499.6638382719313 -417.5626557556369
IMG_20140520_211951.jpg 0.4908183148555971 -0.4089191984240376 0.11400447678774817 0.7608452209450393 136.4163878218338 -491.5039053725098 931.2772387652201
IMG_20140520_183030.jpg 0.9387581775353243 -0.1418318668288357 -0.23432426113123925 0.209066846505379 -637.5758565811316 -351.80572630050614 70.56307140376552
2011-10-01_14-36-23_370.jpg 0.2226792404626575 -0.2332245878804491 0.07508861909036303 0.9436005228686933 575.8128759349319 -265.54930638694657 452.01272823043314
2011-10-13_15-24-55_789.jpg 0.6266028976329672 0.23051522884059325 -0.33096881698735675 -0.6668516927567391 33.4062555904831 724.0842898361932 26.181681447474908
2012-02-11_16-05-30_275.jpg 0.5675665369774153 0.29349186660865684 0.5706678456648991 -0.5158187281034047 132.38038208141955 -0.582605271103174 803.2910612872964
IMG_20140520_183033.jpg -0.0163316 -0.298422 0.0665188 0.951973 487.026908558592 76.40393959407993 591.2965524928223
2011-12-17_15-02-21_722.jpg -0.20849426796118967 0.8286682177389988 -0.5190999500195569 0.019348566517775008 -310.9755553676929 657.2371422120851 252.69707481626017
IMG_20140520_183130.jpg -0.348393981585557 -0.5539894418630732 -0.4791148611966913 0.5849498112485193 49.21632505724889 -283.54121679545017 779.9540504468915
IMG_20130210_165751.jpg -0.1574878370062684 0.8276762329038565 0.5314499310058292 0.08781005361043387 -278.71502159472004 -575.7527829812439 -169.59243880936765
IMG_20140520_211943.jpg -0.43385509356092467 0.3938023269316126 0.18547595033289355 0.7888524303965848 248.9200729660507 238.78962874732156 2433.6671299914933
IMG_20140520_183020.jpg 0.7084482947427745 -0.6019225847291563 -0.3332673137714592 -0.15723585227480064 -590.9942269023958 67.70114674643361 -427.4712312045272
IMG_20130302_145337.jpg 0.37244369584237486 0.2802555692640018 0.18518164097879 0.8651302035926066 629.6168839331356 -576.3110242423516 158.4993411040514
2011-12-17_14-53-47_244.jpg -0.09258146309906669 0.40576782561604974 0.05080264357399566 0.9078547437730076 517.8558672040505 122.73695208567256 -408.40030241032844
2011-12-17_14-54-02_921.jpg -0.029961194238845208 0.06142018818968267 -0.2807299460192187 0.9573508159136715 703.5988874312135 70.11248194627274 -92.54807604058018
IMG_20140521_135837.jpg 0.16451515424185878 0.6731568062515596 0.7159127034076492 -0.08522722171658853 12.14706108122714 -702.9259234568598 345.5895959920237
IMG_20161227_160049.jpg 0.4086187069735058 0.8916283245784942 -0.17725831230611003 -0.0812968255163614 -725.4867047281732 162.88223823583235 -62.12694347238582
IMG_20161227_160059.jpg 0.47516422547303155 -0.15420709834889162 0.866008427155408 -0.021645640328854274 460.09730946146664 183.23532798073956 695.0557412990365
IMG_20161227_160208.jpg 0.1470437252076533 0.9643254777076189 -0.2201228919677602 -0.0006544866522164418 -552.3217553862775 324.7188420147904 101.85512897021069
IMG_20161227_160401.jpg 0.6442772858605523 0.6819487482955 -0.11996536879565156 -0.32474758492109695 -850.6059348255939 228.36242634434592 674.8962853470341
IMG_20161227_160415.jpg 0.7031675034761212 -0.1434845862959732 -0.6005137354067743 0.3526342143616177 -123.23314599569414 -557.5991982131765 -341.2861992727456
IMG_20161227_160457.jpg -0.003845449637347366 0.7010629338848917 -0.018771098229754944 0.7128419327740502 59.3444203326123 17.018593916061835 -724.7786895373903
IMG_20161227_160507.jpg 0.25556313015370974 -0.08690549963698198 0.9030488357663868 -0.3341223142201942 524.5952329398556 191.7055744295485 545.3605644794233
IMG_20130210_165237.jpg -0.09996098195095744 0.8623942035841181 -0.15088632601578786 -0.4727762222588756 -371.58760413510674 110.6643669971734 711.4842098301684
IMG_20130210_165320.jpg 0.2597070754454798 -0.2278868547237942 -0.0689390259230838 0.9358777842819161 551.6661357914048 -375.59378064039953 341.1298854379209
IMG_20130210_165400.jpg -0.09573106295734718 0.7902627291769505 0.058779596900962086 0.6023830520914532 -82.43668714899684 70.94594032374157 -276.7508491562628
IMG_20140521_133240.jpg 0.10125902703601537 0.7436956604604588 0.2504780275228606 -0.6114933620116072 -271.57586399994045 -272.05570224309935 691.188448852766
2012-02-18_13-08-53_664.jpg 0.5825616921303894 0.5158437873827916 -0.5520953612701764 -0.2995292539047031 -119.16163819576381 687.8877128929122 -215.43052547483603
IMG_20140521_135713.jpg 0.14859254044469566 0.9425819247513784 0.10904121786460397 0.2785131682035571 -721.3588007415625 -106.50684845603055 21.76687483234809
IMG_20130210_165902.jpg 0.9028843653860975 -0.07739380152444277 -0.2068234257183461 -0.36882799893861923 -466.4160719687814 443.4512374834098 -196.84383582634757
IMG_20130210_170019.jpg 0.9790322634644466 0.07999077341404925 -0.15723970507584442 -0.10184781986850082 -688.5457052197426 151.97270067132513 -180.25971048507057
IMG_20140520_183116.jpg -0.37890866957838765 0.6255525877599984 0.04890738801603586 0.6802354353182096 104.46315304684315 449.7588261959905 -603.3229764620718
IMG_20140520_183109.jpg 0.07737749739534774 0.47175298412002825 0.10359799651272315 0.8721979706403996 585.9778270432213 -151.30912343810766 -487.36249713745235
IMG_20140521_134750.jpg 0.8028122216705945 0.040268649450957324 -0.5214538999614681 -0.2862809857861599 -339.7129611532632 362.3188102283948 -324.4047520672486
IMG_20140521_134922.jpg 0.24035639950878454 0.8728234709149099 -0.07925391860856804 -0.41728504193226146 -573.3743497931491 190.5514651362879 747.1547338035804
IMG_20130210_164118.jpg 0.9513477765036163 -0.29077628289821433 -0.0543521507045902 -0.086211398082321 -794.1212253131266 118.74024649811626 159.0511059378102
IMG_20140521_134126.jpg -0.08660622339193087 0.8818124403544023 0.4054048752981417 -0.2248400969366856 -398.0533463464106 -530.0114631034561 415.18766932221354
IMG_20130210_165428.jpg 0.7479412709790281 -0.26160147981493054 0.4261037363415041 -0.4365594195533122 -195.01552018887077 619.6882808522897 350.7546542903831
2012-01-28_14-40-22_205.jpg 0.37665454445057767 0.7055938574542724 0.2369433177640813 0.5514766782326136 3.1770145699286156 -608.8447854014925 -93.01378570262956
IMG_20130210_164129.jpg 0.4965319313501991 -0.2286552330896523 -0.26033605608664023 0.7958630305722283 249.40608490032596 -691.4716175990543 360.6558407086649
IMG_20140521_135601.jpg 0.8601842057927988 -0.3830317548135953 -0.28874678126486697 -0.17319094438858282 -517.3400469566561 -46.75187633052531 11.72656568109299
IMG_20130210_164053.jpg 0.8498187065560534 -0.2147355387954112 0.438371632633163 0.1988143004619539 -316.18946023962377 -71.77873194151609 801.8497816921205
IMG_20130210_165216.jpg 0.8154669593171157 -0.5683486829920964 0.06931374979300427 -0.08478807046324621 -717.0615860183001 160.3377952068369 117.32326951872103
IMG_20140520_211426.jpg 0.5732803613788251 0.1038896027161404 -0.8035441901173299 0.1219561898122887 60.91856984312836 -57.41039508557064 -768.45928173569
IMG_20140520_182639.jpg -0.18894518508518107 -0.3993855520154257 -0.4161279266562595 0.7947505561691812 381.8279164584093 -165.57877636547693 697.0838966579022
IMG_20130210_165246.jpg 0.009840595271895824 0.8465404279819992 -0.5162936271656681 -0.1292801493844534 -278.64700126586 635.9506586682123 446.87019202277077
IMG_20130210_165314.jpg 0.6152982334044295 0.33696818160053105 -0.5001427039996721 0.5076591417418933 33.15374059412587 -215.65050138776147 -610.235983243383
IMG_20130210_165344.jpg 0.6472281585324272 0.15946121042567332 -0.6100453792198524 -0.4283835529812144 105.63325238078598 506.4405227443288 -420.08132026473794
IMG_20130210_165420.jpg -0.013636859315285263 0.8895551705956302 0.07398928516809403 0.45058985809149005 -390.6620028826409 -56.594570024866805 -429.0719070594815
IMG_20130210_165444.jpg 0.2828181038924968 0.2000035858197519 0.07101120764088281 0.9353982543063023 623.4673685553358 -306.17140012229515 79.43926166513073
IMG_20130210_165507.jpg -0.2235598291837147 -0.09658190309077179 -0.5824188268289873 0.7755522219205224 695.5962041029694 200.339754056023 477.09735487547505
IMG_20130302_145414.jpg -0.06912213708811227 0.9426141965173319 0.3026981585938203 0.12277797633235239 -580.3427510271686 -393.5281194016021 -104.2442304381884
IMG_20130210_164001.jpg -0.48086819817838167 -0.2093769455001194 0.8014354735957916 0.2874513042864943 265.4446100123531 500.2658872826141 -455.502244759211
IMG_20130210_165836.jpg 0.17286805690859067 0.7328458450953729 0.08828827010223296 0.6521186882688246 -138.5398482390362 -242.0080159611393 -567.5291012228583
IMG_20130210_164036.jpg 0.4263393912082825 0.7062199530825731 -0.5015237454391447 -0.2606952898172334 -314.9142609398857 740.4222825699709 64.57285438493257
IMG_20140521_135520.jpg 0.7056437891499313 -0.3723663977951304 -0.18450626174305382 0.573905521845547 -267.87349061059837 -627.2728386051609 386.9281590556635
IMG_20130210_164048.jpg 0.6304035383008363 0.5451109040429327 -0.5416778177818535 -0.10968419628356291 -377.6544517489799 490.29326015504785 -416.70983786020855
IMG_20130210_164100.jpg 0.8589892043658527 0.1708307699237562 0.3645672913747917 0.31629904345385573 -301.22688088734816 -527.2191416419207 534.1512711049348
IMG_20130210_164110.jpg -0.1375181941097783 0.3874414955069484 0.5812490855256467 0.7022302574111458 491.5017447056146 -88.82901712317799 -426.4681062146308
2011-12-17_14-53-36_335.jpg 0.9609299986894617 -0.055488917293624616 -0.11002812635612899 -0.24784739072020218 -639.4562200410165 290.04637208492454 19.13426443958532
IMG_20130210_164155.jpg 0.6760637559672614 -0.15244789189188937 0.27713276226128336 0.6655034712205404 124.41472221830628 -599.0277296632461 707.0975203536209
IMG_20140521_135611.jpg 0.7919619230972652 -0.03644954171697629 0.6093845558790516 -0.010872273395890399 -250.23637172955588 46.316942725421036 689.618056435643
2012-02-11_16-06-24_189.jpg 0.9406825829036248 -0.27166900026040064 0.04702631187948383 0.19773911729926652 -611.162088918796 -141.27901487402147 395.2607673089364
IMG_20130210_163939.jpg 0.15742822480062438 -0.4157897235807349 0.13170092574387535 0.8859966850722336 455.39034206102093 -40.3028441685695 880.8127945570527
IMG_20140520_211815.jpg 0.06950897292783678 0.9806576180561735 0.0168241934473595 0.18219792903805268 -644.8400374340588 -66.98090633868458 -425.5940388947852
2012-02-11_15-56-27_505.jpg -0.009774038670756184 0.6557694938358742 0.5155177782161717 0.5514637426570905 314.1520206273241 -403.03709826238986 -226.86752985918278
2012-01-01_10-59-45_309.jpg 0.7262876671594648 0.33659445925561976 -0.5588766498163034 0.21648853276925473 -298.42529817033426 -68.16264867505889 -573.4230555541071
IMG_20130210_163933.jpg 0.8322789158718368 -0.33296445166598015 0.12428466994610378 0.4254407137761518 -446.31016499180197 -385.1794039531556 555.7784704677853
IMG_20130210_163921.jpg -0.22612764196698146 0.5394536469565195 0.27393261337685626 0.7634245055356091 143.77436621243746 33.03134402909389 -348.7235718866157
IMG_20130210_164016.jpg 0.9054154003825821 0.024187709793363144 0.030481091546685164 -0.42273964860552554 -478.60580862619946 540.7148588202183 247.45675646826152
IMG_20130210_163913.jpg 0.1719100751514513 0.8652553782512302 -0.1064000465133757 -0.4587582005487144 -536.9336771148263 235.56411216713462 518.1812780996254
IMG_20130210_163904.jpg 0.19813182858920428 -0.177844289598273 0.9490832138453533 -0.1683931125496498 700.0333141156763 273.3634021939498 184.0790315433272
2011-12-30_15-18-52_399.jpg 0.8229345191287082 0.34192670062937097 -0.3663181694850144 -0.2677235651343788 -478.1297848922287 501.06990066112564 -241.49867419963448
IMG_20130210_163855.jpg 0.7394403739047095 0.07512251785266102 0.5104562460021952 -0.43245688995376946 -39.307108080337876 369.0584900490638 950.9772298979211
IMG_20130210_163846.jpg 0.7153429252574919 0.4167164466469889 0.5607953148383503 -0.011853996512460982 -274.0817315812676 -336.96794122082713 1017.7404490320532
IMG_20130210_163818.jpg 0.47137016174973284 0.5684174288519707 -0.2228571793258061 0.6364326160814602 15.612057190251882 -376.3212949430949 -669.5462856106328
2012-02-11_15-53-21_857.jpg 0.24208240601674727 0.6816261656464894 0.17166890080714145 0.6688136268788752 111.5516929967344 -376.572392573469 -463.1871283570291
IMG_20130210_163801.jpg -0.0595196031003356 -0.5147778800500598 0.8195225085355087 0.24463035188138849 305.855137999934 714.7440472811722 64.92815613590122
2012-02-11_15-53-01_240.jpg 0.10697101923656749 0.9874131775662265 -0.03027190544378801 -0.11249902023066631 -759.1521144766416 53.47790774346717 152.15300773400924
IMG_20140521_135412.jpg 0.3777646131093499 0.9109422234495025 0.14464146496400876 0.08097536188425247 -659.5358011007673 -178.94760681496444 51.094355894439765
2012-01-15_12-41-51_416.jpg 0.5328374220403675 -0.3314833280284177 -0.7770238512480936 -0.04936617773496798 -67.7394267139045 -256.42413043015375 -567.7055402243021
IMG_20140521_134219.jpg -0.3086717199007003 0.715709107197261 -0.3630798826071059 0.5105440647529393 -145.3834955695564 625.4769105502156 -363.4992355668431
IMG_20140521_134146.jpg -0.20978418221166303 -0.03466761208897517 0.9697593666010912 -0.11981454191909528 682.5241590844955 -19.799754572249036 -269.68298972628963
IMG_20161227_162934.jpg 0.7174006608873671 -0.5514013161671928 0.16029032277801453 0.39446152247231475 -438.62821985088476 -365.62206875885397 768.653806404836
IMG_20161227_160409.jpg 0.21250333377933206 0.24537132755742977 0.9340962617711368 -0.14865873163242874 564.8599928224959 -304.66509998312995 339.2164540750579
IMG_20130210_165452.jpg 0.014648765906828818 0.7577336310612858 -0.0681036152699547 -0.6488351528726292 -80.72223554822718 120.11556495395136 819.0576255814838
IMG_20130210_165302.jpg 0.7816133822667675 0.44224539833503673 0.43934631057100143 0.021779524802850236 -532.6024400581098 -407.26192118601267 771.60704609943
IMG_20130210_163951.jpg 0.2688160901813468 0.8426639233516762 0.3663016283171682 0.28892652878087427 -388.36988911497286 -693.2358837433826 -29.280844776834684
IMG_20140521_134023.jpg -0.45288019429282034 -0.5319972473867358 0.6399196021489758 -0.31997087551170994 54.74766238515224 214.67361006635676 -575.8658862969404
IMG_20161227_163204.jpg 0.2708758732143688 0.6160470612706832 0.2416046164399375 0.6990990551595812 90.20563524864836 -441.4848641939786 -468.5964209730556
IMG_20161227_162953.jpg 0.015976048912670945 0.737072849895375 -0.439742507775052 0.5129277791891941 -82.00948551004315 506.8745263048252 -379.2855102194732
IMG_20140521_134151.jpg -0.05059032356239347 0.15969610102798856 0.5178125301118766 0.8389326302734015 700.1699874388801 -28.083595252957835 -206.1581321587826
IMG_20130210_164206.jpg 0.7645315169080766 -0.3172017472261815 0.36722575001939184 -0.424287472986875 -231.8844175806484 705.3530260525667 618.9840758910544
IMG_20130210_164238.jpg 0.3690493249984917 0.7013529376520029 0.03831092709017588 0.608636940573405 172.29302905906567 -469.15024229920834 108.24318985048787
IMG_20140521_134202.jpg -0.08788765887350922 0.8470665062693802 -0.3677228665568157 0.37354248324060596 -258.63135001065456 494.7089822239819 -335.8528383873597
IMG_20130210_164244.jpg 0.40059045326230164 0.4720586905099936 0.7537937298118872 0.2201883156876795 241.9730842357072 -692.5054642140387 307.9676406654042
IMG_20140521_134209.jpg 0.12855498321284403 0.9025678821395527 0.03139859589986235 0.40970594649917524 -466.6482774890079 -130.73205538096403 -553.9712407582713
IMG_20140521_134213.jpg 0.7979588630426451 0.5370856062939465 0.2082031795124062 -0.17734751321762998 -620.784942273382 13.571030355154026 437.1130334647629
IMG_20130210_164256.jpg -0.47085822197456156 0.5732831130338512 0.6643130148019668 -0.09125363266135293 -24.870953635209858 -709.7940988772906 -121.71132091691817
IMG_20130210_164322.jpg 0.23384999526535613 0.8975119818285238 -0.1096399977801738 -0.35744299276303054 -614.6311376443402 231.3862363533469 373.4973971944395
IMG_20130210_164349.jpg -0.33136456470788733 -0.2862639539112858 0.31022125159829905 0.8438087751403245 289.7072494866866 601.7466253321475 458.9773091516067
IMG_20130210_164404.jpg 0.6990470085340217 -0.026955380901818742 0.5097619123568703 0.500748919130476 189.71749812562038 -595.1214695664327 1066.2511131160948
IMG_20140521_134236.jpg 0.42103474316165773 0.7488771240969908 -0.10103352959969625 -0.501702126716286 -465.0573573865096 416.2468119471155 709.623624935216
IMG_20140521_134245.jpg 0.21367273880336657 0.13914876647740615 0.9389014160969062 -0.23118328730967655 644.943683992393 -138.5092547808373 386.52275016056757
IMG_20130210_164452.jpg -0.30999007167125114 0.2536752119622597 0.5105099652461738 0.7608775313317553 514.2614061761075 238.4547274031768 -483.90795624327797
IMG_20130210_164500.jpg 0.8357787758232559 0.27390934879827944 0.38245319787431165 -0.283155536693165 -380.26805590865393 139.44933405010988 667.7251048710734
IMG_20130210_164513.jpg 0.13574760199556243 -0.08494366083500862 0.9526018959361872 0.25866347035324283 310.33628478371105 -460.987568530966 1504.563745749357
IMG_20130210_164534.jpg -0.1119262699051775 0.14773351846422533 0.9698318596346338 -0.1583460819373895 685.4708617819919 -284.8473440532179 -49.184633420805646
IMG_20130210_164543.jpg -0.006960113903552572 0.5967634477504725 0.801805803650525 -0.030535184226628657 -51.50637611376616 -596.7623017464293 579.9258307698541
IMG_20130210_164550.jpg 0.3222778264187618 -0.0443780118849653 0.8925340367251201 0.31233089496093486 596.8205224888025 -71.54087798785031 472.30981329093487
IMG_20140521_134335.jpg 0.5330583703942191 0.44089321011373883 0.4996604562763933 -0.5213457388930389 31.538762218964806 70.77325920458748 782.3609046194999
IMG_20130210_164557.jpg 0.5233901835043377 0.5588240933935873 -0.15440698602665873 0.6244492222112973 -5208.093394792094 2077.2524072307488 40937.32665333312
IMG_20140521_134340.jpg 0.8248147825261536 -0.39082456842360475 0.30753894844890095 -0.2689916846851985 -409.2015945329354 545.8683085096878 394.3617245222803
IMG_20130210_164602.jpg 0.3927197117213202 -0.5184900794236108 -0.12858924709495995 0.7486014100283092 92.88840652108323 -531.3084433742417 613.5243128021149
2011-12-29_15-09-58_213.jpg 0.07616696343283269 0.868169583198529 -0.05643367290663214 -0.4871297661327844 -399.3292725228339 137.10207601868152 718.0513452868945
IMG_20140521_134347.jpg 0.4023601250586613 -0.08088610468044742 0.8368797104673896 0.3622100468518517 521.8596535025143 -128.95769989520383 593.7199379810343
IMG_20130210_164625.jpg 0.004812088669093216 0.9624190989487353 -0.18181981136562989 -0.20166278282398056 -643.2166450819923 267.4367397517056 288.4121011194036
IMG_20130210_164632.jpg 0.7049874701447312 0.6207517582088615 -0.2656070774094303 -0.21705483650349733 -510.6556959118177 404.78814346855023 620.6310238635008
IMG_20140521_134405.jpg -0.22833322492686517 -0.5390653938404524 -0.15550324732083437 0.7956702706717221 82.10064547652048 59.41764755957309 852.0332413686892
IMG_20130210_164641.jpg 0.0009961196874634546 0.8045460959070272 -0.18707094338658303 0.5636568543420569 -181.81050589699456 197.77739882418967 -268.94908079962596
IMG_20140521_134412.jpg 0.10982901498330304 0.9781381334414232 -0.02534390345751426 -0.1747600238414448 -735.2907663700676 66.07317496941455 287.8449141901216
IMG_20130210_164650.jpg 0.6165866012663024 0.4091271748235646 -0.11376904276416998 0.6629423224295478 -51.512408034423025 -561.2502482576466 -475.8338358860076
IMG_20140521_134420.jpg 0.14414508296177503 0.9755416657203241 0.15533602673632466 0.05840695420350975 -750.6500385808031 -240.91775614969112 -31.288567486366915
IMG_20130210_164659.jpg -0.43776503395548727 0.33890874795722364 -0.30301132756216775 0.7756847110605125 285.4388086016153 637.9262185272486 -129.68330375758177
IMG_20140521_134428.jpg 0.8977508203412635 0.09211349019970022 0.16690523363758203 0.3971161196478962 162.1839442924136 -476.65449641000953 1556.7630481448734
IMG_20130210_164708.jpg 0.830622758125337 -0.03365076278643155 -0.5505258706799792 0.0765161784213001 -410.6360254361939 -142.5134005977515 -151.37015259080994
IMG_20130210_164718.jpg 0.6520234390681592 -0.22608351112524877 0.6595882246385532 0.2978171499782566 35.02994175590836 -68.85439593275113 813.5352609765239
IMG_20130210_164736.jpg 0.13849750472785582 0.7022868319950375 0.21681131354990574 0.6637804615287319 43.75168524536977 -291.85514044383825 -394.7609760302035
IMG_20140521_133452.jpg -0.05472187650229854 0.746925793744247 -0.6614749788307184 -0.03947438729727044 -88.50489371544866 739.5005921293975 102.85231959978115
IMG_20130210_164742.jpg 0.645168729845893 -0.08954254039625704 -0.32553522855194006 0.6853949653010726 115.61630606509605 -700.8928556568061 -160.85497654848248
IMG_20140521_134504.jpg -0.36527263025140033 0.11631258735044053 0.7682333316401879 -0.5127034579267891 607.6325922897377 -387.60052783815325 -272.2495224512757
IMG_20140521_133418.jpg 0.570576627035656 -0.47592880956353467 -0.6668166666918712 0.057355156088992214 -220.33114702906948 -470.5203015581359 -548.4954351482623
IMG_20140521_133846.jpg 0.5415309583508425 0.6179177695669248 0.5231914020680165 0.2262578352304254 -155.32358576189768 -691.4191723602245 180.77699157068616
IMG_20140521_133410.jpg -0.005728570663362635 -0.014994101736301677 0.31928703697311295 0.9475221097220932 750.2285571991489 110.85125745121192 145.14433922874684
IMG_20140521_133406.jpg 0.6802287389052797 0.3621218007317355 -0.08855995638348343 -0.631121064715395 -214.951512274172 632.7947453329325 394.12736888318176
IMG_20140521_135857.jpg 0.10083301007468029 0.5376880537228358 0.10550701054168074 0.8304170829707117 484.5530093833084 -201.04794435070045 -583.8128088522225
IMG_20140521_133404.jpg 0.5995596032288524 -0.7283325031776311 -0.28669974045252294 -0.1669230535771578 -602.1379870970658 -20.201911755990267 -451.5095376074198
2011-12-17_15-03-49_361.jpg -0.058076603170705524 0.40252375030202586 0.0621711075558757 0.9114474707805273 513.5059151615961 42.559034947789065 -510.0657648980898
IMG_20130302_150040.jpg -0.15467421402478312 0.8924711176727101 0.420544893142875 0.05208823751373387 -512.3823052317468 -467.27801167140507 363.8753450663756
2012-01-28_15-18-06_979.jpg 0.1798119771478771 0.82914789462443 -0.11497898538743666 -0.5166829343352868 -332.5828404250501 294.78787068906126 658.5837207420082
IMG_20140521_133121.jpg 0.32106888222247854 -0.5214509759694178 0.12556263742725127 0.7805367874810655 128.8019437064193 -181.1771538122216 949.7200666586299
IMG_20140521_133354.jpg 0.07836152693313836 0.3537519837759368 0.3051246568828197 0.8806917445016946 629.4128232095318 -121.73766520725997 -213.78933320112333
IMG_20140521_133612.jpg 0.9328266003499299 0.29440297654084246 0.19216109644327065 -0.07896539810071576 -664.3890704976869 -42.59495063403878 416.9420428959302
IMG_20140521_133351.jpg 0.4477021713126755 -0.014494504368367299 -0.06298230277514653 0.8918441033511241 453.9237272345007 -609.0504449222478 153.41558695327458
IMG_20140521_133332.jpg 0.7718292259765623 0.5139836308349788 0.3623858069095053 0.09368564517929209 -459.8822259873478 -448.1592062158501 558.4111467804714
IMG_20140521_133606.jpg 0.9156225681062534 0.07298868875813337 -0.029518734331004347 0.39425449700843446 -523.9837808487315 -570.2357941354086 28.845804838239832
IMG_20161227_160503.jpg 0.7492111366285248 0.059297644946089266 -0.09818643020509085 -0.6523234527281868 120.51388674630432 857.6981074352157 334.5384163764013
IMG_20140521_133336.jpg -0.23489278599009336 0.3453026918374114 -0.09355884418439213 0.9037910006049685 569.9444029187694 367.8908814291649 -187.7979063565489
IMG_20140521_133024.jpg 0.06570562350674714 0.26755980785461214 -0.2642337701151472 0.9242700011312325 693.510881488173 -71.15710012355234 -183.87546089079538
IMG_20140521_133320.jpg 0.12637325650354697 -0.6030153780726216 0.20529341306446922 0.7604320274692297 63.00935101659746 125.7753155811032 783.8412704881792
IMG_20140521_133230.jpg -0.05331455075042725 0.20468526580061253 0.37197520846969795 0.9038229610528475 700.2583839399863 79.95483065892832 -199.34497139829836
IMG_20140521_133014.jpg 0.6326938821677073 0.3927307070257217 0.0915641161203679 0.6611180347454814 39.19077207676252 -701.2173487788644 -175.5910612781472
IMG_20130210_165503.jpg 0.5258745185993718 -0.2099783699741769 0.4018393522320523 -0.7196458919695099 243.16417147737388 685.7282794604204 183.41014289067718
2012-01-28_14-41-13_0.jpg 0.978015562411215 0.17981211494775054 0.009104010284850078 -0.1052153980946993 -746.5536294268028 78.06454140668224 205.67956840618538
IMG_20140520_211952.jpg 0.949170224683191 0.09319336434511277 -0.2992063476098333 -0.029435403290661508 -716.4706031111292 64.9159773559415 -228.41411498280925
IMG_20161227_160322.jpg 0.6453220916319363 0.3419317083441622 -0.6485237227875444 -0.214613806318256 -77.87635509004225 465.62168440452524 -376.5855387697527
IMG_20130210_164731.jpg -0.4518190901449817 0.10243143491798061 -0.044973364332948636 0.8850676287277601 403.0833682757596 607.048022505127 92.44069423940184
IMG_20140521_134450.jpg 0.41007664871925076 -0.5559362062647247 0.6433111054293779 -0.33003469267700564 -14.731328956728916 759.3134178156822 177.4020535015086
2011-12-29_15-30-24_502.jpg 0.029898207726536074 0.7304431887670224 -0.042686311031340914 -0.6809821759849084 -213.18155685199187 79.68867857583793 737.8758832801504
2012-01-28_14-41-04_244.jpg 0.03659488740806717 0.43152485151663716 0.1453149499985867 0.8895676939087004 612.2436640201738 -106.65392534379761 -476.437683862337
2012-02-04_14-20-50_904.jpg 0.0408286907000572 0.7758208232838438 0.04064159074267475 0.6283178568820105 0.6802277481043609 -75.30616506404023 -658.9436791154533
2012-01-28_14-40-02_921.jpg 0.015419880730492812 0.8132887514828518 0.38985956131553323 0.431663244254803 -103.17803709507226 -414.98122889844655 -618.6747321573673
IMG_20140520_211912.jpg 0.917256571673425 -0.0718453213097201 -0.3655016436535886 0.1410219132416791 -651.7175240166414 -243.84612828158754 218.63466559135418
IMG_20140520_182738.jpg 0.049793142384276554 0.36331846661095946 -0.07159466477921096 0.9275745462043 600.7375601629229 20.627665421264506 302.48296752636344
IMG_20130302_145531.jpg -0.02415332495694879 0.5483069662206892 -0.3127296085693286 0.7752265988802645 429.28435296353985 208.92696603029125 -403.44540918633413
IMG_20140520_211729.jpg 0.8165672884704356 0.3923458991012628 -0.3692084698363722 0.20728643144100686 -521.838326401494 -145.7371683713088 -392.1927947638599
2011-12-29_15-31-19_299.jpg -0.06574801615669217 0.9546190493595783 0.268290339216184 -0.1113551204684346 -735.9670661432167 -410.30296582836075 61.913277911011086
2011-12-29_15-36-34_861.jpg 0.6761326391000843 -0.4722489178595777 0.49836226131081773 -0.26732128689122575 -370.3984719962045 786.2945385511458 1053.1093023286978
IMG_20161227_160721.jpg 0.6055200916290254 -0.6539605248996143 -0.1947818466926148 0.4095620620926843 -542.974906090361 -553.2767792475839 504.5760462868528
IMG_20140520_212003.jpg 0.1645449078143316 -0.29273777195064754 0.8816507252159218 0.33154421863754957 580.1101190579429 151.967710058186 769.3812270296896
2011-12-29_15-36-47_728.jpg 0.9421689527184252 0.2576498634957573 0.18456643064205455 -0.1089469827674688 -679.3340919146731 38.128208738004545 357.9857706419538
IMG_20140521_133252.jpg -0.031752905635309164 -0.22133503928117287 0.1707250302992217 0.9596121703060287 589.7378925360682 157.27701367061485 459.1020325205187
2011-12-29_15-31-27_158.jpg 0.21134921460846304 -0.49276625347203007 0.6792308500460662 0.5011570425218261 315.78995574392525 645.0142722249764 2421.5751065773097
IMG_20140521_135354.jpg 0.8318964940005821 -0.3461438437095669 -0.0871785223877112 -0.4248912425148368 -447.69966630662555 524.9537071549083 523.9237938695065
2012-02-11_15-55-27_974.jpg -0.4132647407391838 0.7430081146366755 0.286085031624377 0.4419350069029468 -225.46953615726684 123.97922361024783 -525.0510452229258
2011-12-17_15-04-45_439.jpg 0.9176169874589719 0.14064763540464492 -0.2254753123418783 -0.295564190162028 -611.9663417228974 443.9139831708433 113.37317368507868
IMG_20140520_212018.jpg 0.7361240341080583 -0.08112866972975682 -0.028558066720860996 0.6713598008382132 169.93801266800367 -592.0374417016736 838.6090297505481
2011-12-29_15-38-28_183.jpg 0.8545118860859381 -0.029012149992880036 0.4417035155870704 -0.27178251600989034 -270.6642243696668 429.91130308342906 1291.336433749117
2012-01-28_14-42-04_667.jpg 0.4286622600099696 0.07957437009279962 0.8999463708164407 -0.0036216186708332427 380.8060102452384 9.154035355202149 1449.2102857644059
2012-02-11_16-08-22_494.jpg 0.022839496727049078 0.6497519068890997 0.02033819708549091 0.7595308911575259 286.9477781909784 -42.62368638491575 -660.3128076236142
IMG_20140521_134514.jpg 0.5319810481644125 0.7203956177661873 0.4208907676635184 0.14448972279294112 -521.0146802037445 -530.8199562075408 315.8449239319143
2011-12-17_15-04-25_486.jpg 0.35437337676583 -0.2956991870081876 0.038298759126314724 0.8862926749622071 423.93582477915845 -432.4572736450824 632.2835382371801
2011-12-29_15-09-40_939.jpg -0.24314757023514844 -0.11130970629059717 0.055617973155309516 0.961975077346778 613.8388052763761 392.9096897956733 340.44141335867494
IMG_20140520_182702.jpg 0.289511136879064 0.6239380954377403 -0.024455337873444623 0.7254560573418715 206.89978139213767 -317.7537277382815 -541.2536671529285
IMG_20140520_182712.jpg 0.45840947714867175 0.07266271276226371 0.784895670484632 -0.4105114710806385 497.3952412909912 73.53188769593271 748.3290749208137
IMG_20140521_133132.jpg 0.6411904821653754 -0.6014168507645625 0.3934496291094158 -0.2690165915898715 -269.39883323480416 644.7922328142458 185.1229220704611
IMG_20140520_182813.jpg 0.5260530032924696 -0.5210447660579942 -0.4730245485628894 -0.4775231574985847 -101.69207138147972 230.4390336991072 -671.2723957077388
IMG_20161227_160446.jpg 0.7880095692382214 -0.31431018944852107 -0.14638346360745103 0.5087454227608482 -364.36588368770714 -648.1610904257791 155.1084393453074
IMG_20140520_182915.jpg -0.25247661579863406 0.4468794375541461 -0.2974054308214052 0.8050492758111724 524.0736334606545 417.66476820492846 -172.68087022504713
IMG_20130210_165818.jpg 0.9251904083603222 -0.14759891289768176 0.23139933082815253 -0.2620908599737239 -808.837286456891 393.28020668324916 1074.4103327793837
IMG_20130210_165913.jpg 0.3270565184403141 0.7752149756658767 -0.0878161039922453 0.5332580117810496 -335.3737120532857 -114.83274302613955 -588.9990727340532
IMG_20140521_133311.jpg 0.09127372693751404 0.9153572701483783 0.03780811115826601 0.39033411519887556 -381.80687476757987 -128.9409102909065 -643.859549835891
2011-12-17_15-01-08_996.jpg -0.21379440453905585 -0.47270871600414616 0.8317296186121914 0.197646816125938 314.59805042349086 659.24915477629 -151.77073867786484
IMG_20140520_211734.jpg 0.10608903260402436 0.8965062755205861 0.051434715807277015 0.42705513124557326 -322.04120252266995 -163.8938814212956 -674.3855058148279
IMG_20140521_135850.jpg 0.9574607498959173 -0.1246019519147012 -0.2584743239710484 0.03056615506574966 -678.64240402649 -51.4119233317009 141.30333421601364
IMG_20130302_145444.jpg 0.19889093509056172 0.8728957151244197 0.08612897189121171 0.4371238573415926 -334.7223496340869 -264.28298183728657 -580.361991908361
2012-01-15_12-34-19_472.jpg -0.011389543557803535 -0.3270995879970781 0.7412204617014574 0.5860617416149643 617.8780436431907 264.5376366417983 613.3211218445301
IMG_20140520_211827.jpg -0.05882729619510773 0.936042133545307 0.04014372747436474 -0.3446055057522834 -583.795091541269 8.984372542090261 562.1166307341983
2011-12-17_15-03-59_335.jpg -0.019010294986321577 0.8923736294169698 -0.3815055337377797 -0.24033610201792288 -434.89915879058253 554.606597342206 629.5985858351328
IMG_20140520_211840.jpg -0.47238511658296134 -0.18019736111426166 0.580519790160559 0.6382616907744811 243.6964827344886 690.9796190341754 -180.7802653577721
2011-12-29_15-31-05_955.jpg -0.17031246786954046 -0.029835600777595415 0.9822227505776745 -0.07308877110784055 463.8544561801818 -150.13819353829092 329.9768527408559
IMG_20140521_134840.jpg -0.1612793361478576 -0.27843496109713184 0.9467732831069129 -0.00912680478056277 552.2393387421341 381.50883826636124 -109.00490208834955
IMG_20140520_212025.jpg 0.050254297967779304 0.43725198231807894 0.11655599528662193 0.8903369639958914 546.0800691032225 -127.65214073647076 -505.69154672134493
IMG_20161227_160532.jpg -0.37720202744947307 0.35289626657363554 -0.09111369368979448 0.8513995245174847 370.13908078172176 527.1615016749237 -278.93782644640453
2011-12-29_15-32-54_705.jpg 0.07239589044624438 0.8078078933972749 -0.054209692846193966 -0.5824659231346275 -380.20501423528736 122.47201392063286 669.2010717585929
IMG_20130210_164902.jpg 0.9068168566756138 0.039015405865410066 -0.4191352473825474 -0.022059713408996276 -505.3283993139923 38.861694882216035 -540.0060094746044
2011-12-17_14-52-45_843.jpg 0.15640401638670126 0.9873881034502455 0.0011123201165395742 0.024521002569105024 -776.9219009799195 -0.7342142208216645 9.712388229900295
2011-12-29_15-10-15_99.jpg -0.13237791522652786 0.9365335552661194 -0.15710942062571093 -0.2840732605711661 -575.4825894002686 169.724747238105 519.8501584409838
IMG_20140521_134601.jpg 0.8035322621659207 -0.37738643178875486 -0.3832634860467342 -0.2549989902403041 -484.73099151333946 50.858108387157394 -475.88644640453145
IMG_20140521_135310.jpg 0.9144088954706576 0.19356450354150223 -0.31314848270234513 0.16830681101512995 -482.5029973118223 -115.86841789349234 -412.54156507683643
IMG_20130302_145424.jpg 0.9404904030733072 -0.27406274831564964 -0.07962468970312668 -0.18446495738313526 -645.5465128666417 291.90201639831895 80.44992966781379
2011-12-17_15-01-27_386.jpg 0.1504529155028786 -0.49484116141920403 0.7455174080102219 -0.42035691921948626 370.0708007235873 645.5320837550803 3.892622767203584
2011-12-17_15-02-09_761.jpg 0.03890378807134245 -0.6047581710976829 -0.21829922804157642 0.7649179673669182 70.56375429072997 -252.1581757320089 860.9504359119528
2011-12-29_15-32-40_658.jpg -0.5023476800764234 0.004533002457757859 -0.5474180811431517 0.6692979192019821 795.6299140190329 545.8816857200959 1337.015712885337
2011-12-17_15-05-47_728.jpg 0.028039214488818017 0.35401518313264857 0.9319140996025456 0.07364213144921465 539.6075385873803 -490.9378734585812 130.39303972839795
IMG_20140521_133505.jpg 0.08573297616109472 -0.5885636445301308 0.47323675559999595 0.6498381846930521 314.11334941556606 502.655709862727 1172.3505674169041
2011-12-17_15-03-03_393.jpg 0.7166516906213553 -0.5144395840844139 0.12079523836288948 0.4551601685620799 -427.57066444713473 -378.49598946237984 576.2963483228413
IMG_20130210_165854.jpg -0.40711874393067493 -0.11693924999895337 0.9057272156740612 0.01541917433924089 509.9847701022533 169.577482328588 -387.3396079891215
IMG_20140520_211742.jpg 0.7940325229887099 -0.035959223023189185 0.6009494319878559 -0.08413719099914381 -176.49425009819552 75.58575395724039 1095.43219585094
2011-12-17_14-51-19_450.jpg 0.5340670759144842 0.0851624262054933 -0.7031267561643516 0.46166273875280717 -1768.2037180479429 101.88714238195436 4196.447541763108
IMG_20140521_133125.jpg 0.6994540329188265 -0.054997396843237824 0.685713940176103 0.19374141122181512 214.4951231548015 -73.38737137162424 756.6626192267045
2011-12-29_15-31-55_697.jpg 0.6136903293957495 0.5030244214914578 -0.08555691904680639 0.6025202275380791 -76.3267430180044 -592.7564203890234 -362.2070296543943
2011-12-29_15-10-25_282.jpg 0.7340661714806214 -0.17542065490441505 0.05555307601804612 -0.653672934628337 -350.22950167606103 755.2019183126007 1266.5370389547907
IMG_20140521_095604.jpg 0.3524393205266924 0.05735520156895626 0.9030531648423603 0.23872973771163192 693.107780139646 -137.52975604527046 377.3611132681032
IMG_20140520_211930.jpg 0.8689970343667898 -0.39803557853535504 -0.05987404495649654 0.2877966838278328 -639.6496965953505 -319.2153164140962 258.28168030675346
IMG_20140521_133207.jpg 0.7823782022488138 0.24656539128659327 0.5718888122048581 -0.00574829892401113 -149.87335496189615 -284.52923458260875 674.5306595342281
2011-12-29_15-10-33_314.jpg 0.14842207628319753 -0.330786863491136 0.1240004269714398 0.9236746355315718 703.1550745006526 26.19613636132729 1001.1174490502528
IMG_20140521_095645.jpg 0.1236239612070234 0.9911516889783833 -0.028664491005134296 -0.038907487790900336 -738.5047029292477 -0.39825201670110777 -137.5767581970552
IMG_20140521_133039.jpg -0.4136932401132209 0.8203218590999878 0.3505244661900187 0.1818311006664358 -553.1013872652779 -209.2819498008718 -249.66433322470746
IMG_20140521_133102.jpg 0.7452193102579912 -0.2294643492998175 -0.5663002997549961 0.26701734497297547 -356.94181334137477 -466.8400941622298 -395.8655667572068
2011-12-17_15-00-40_564.jpg 0.090225027989082 0.8668122688974469 -0.05789741796059934 -0.4869741510662811 -400.9101225693181 133.5300423369162 626.2371986595974
IMG_20140521_133028.jpg 0.3657889049117957 0.8888220101759778 -0.181615010098322 -0.2078699097444114 -676.8779882584004 245.423012224457 140.53756212246847
IMG_20140520_211823.jpg -0.0537254560333907 0.8470237362001752 -0.4091126195139462 -0.33509883652728095 -426.8333920851547 560.0337429878961 329.6621938654722
IMG_20130210_165611.jpg -0.4269820689599417 -0.003783371562424854 0.8952332059878427 0.12739507754633408 441.9456880670102 74.64498242466281 -425.33280934611616
2011-12-17_15-01-44_429.jpg 0.8804301109306716 -0.13417163671509083 0.04830406319418325 0.45222506470421403 -434.28813496261466 -573.6513843236775 219.88957495832162
2011-12-17_15-00-58_832.jpg 0.3614326520149649 0.9128471709998067 0.14609965291772772 -0.12137286299827617 -1012.4127300941383 -24.408681291933448 960.0522919355009
2012-01-15_12-33-17_302.jpg 0.056340162354253 0.8944439098575772 -0.38382135757229935 -0.2224343581732465 -454.7886894421938 464.4416898857042 563.0627688576545
IMG_20140521_133301.jpg -0.026945008866644093 -0.5413401781357994 0.03236681065076623 0.8397482763312913 134.27620948199575 62.626133259737145 738.4973682868055
IMG_20130302_145343.jpg -9.846566165437987e-05 0.7501006239884891 -0.3895826136509868 -0.5343916460213978 -229.78163471772933 520.1158118183589 521.3924119516706
IMG_20140521_133245.jpg 0.11197663600784126 0.7064617001967617 -0.2692663324745541 0.6448788578788818 31.39530925481651 141.94136169538035 -557.9974784565181
2011-12-17_14-53-20_749.jpg -0.46517343879412104 -0.5477888361489881 0.6704245766346237 0.18458588753010044 101.90571828427821 -1394.597659395871 8226.229362985598
IMG_20140521_135722.jpg 0.08208830214257343 0.8358096053059562 -0.4227835313523822 -0.3404965490968448 -666.4455158441184 609.9212933723129 1365.835084442126
IMG_20130210_165200.jpg 0.4017649925291153 -0.36939815642966656 0.7777222868067072 -0.31189411249427174 302.98131332122364 615.8028500153171 686.2172423655645
IMG_20140521_135704.jpg -0.15912625208283027 0.9351788061072697 -0.037422677301153506 0.3141957665683399 -479.0446990625126 201.3906719460701 147.79968901070282
2011-12-17_14-52-17_633.jpg 0.6996667200966182 0.4997744958512671 0.08472028407580348 0.50350214254953 -351.3024847840804 -603.4352346693536 -272.6660439966199
2011-12-17_14-52-06_93.jpg 0.5253465971331864 0.06920246961508247 -0.8416928220476246 -0.10380348931158463 398.62691065733924 153.03043428499586 -583.7883059239507
2011-12-17_14-51-41_274.jpg 0.07114354534593693 0.5581081245894002 -0.20963347923458678 0.7996922668170021 203.1398536257863 104.31709000470771 -407.888628219605
2011-12-17_14-51-31_186.jpg 0.7576682049983883 -0.14756356265561507 -0.557844758543571 0.3049149249813261 -138.1390236357441 -512.937768434842 -384.12654786344774
IMG_20161227_160435.jpg 0.45726496250923926 -0.14843041359205483 0.405294224367007 0.7775691339534134 384.018162494494 -399.872424118805 525.3048278392264
IMG_20130210_165742.jpg 0.7669018198587154 -0.6374290069582248 0.06405895042821992 0.037977765280183345 -621.8947320016323 54.86697957577637 822.263271891611
2011-12-17_14-50-31_710.jpg 0.016627970705794134 -0.32770991286245493 0.02618686026759705 0.9442690146092985 538.1226004615819 61.091186856907186 676.8046942100154
IMG_20130210_165721.jpg 0.4948096159519336 0.7362351907970298 -0.10811911623521084 0.4488111456927938 -391.81999269064 -180.45894836118936 -469.5019686875694
2011-12-17_14-29-19_237.jpg -0.02960411955443416 0.7045297768649165 0.16557597692313356 0.6894533961639671 151.35717994291088 -51.87493220867066 -237.05259049448895
IMG_20130210_165700.jpg 0.7419744471315717 0.030964083219907422 -0.6696979067364358 -0.004456351308575091 -186.6330585096723 -2.944028662798105 -328.3448256212544
IMG_20140521_133517.jpg -0.42972575699014526 -0.2366376449518956 -0.34449276180219524 0.8004143525929328 533.120740815277 370.87265192410933 1032.5192420665348
2011-12-29_15-32-31_892.jpg 0.13908730040217637 0.3380105165347006 0.8245016817104216 0.4319729047468903 485.78911787799336 -542.2577596486813 392.6032066297316
2011-10-01_14-02-41_437.jpg -0.010956195173497218 -0.0156818930916984 0.07578626661408265 0.9969405608204934 749.3370867472784 42.275251247556625 183.8866731949153
2011-12-29_15-32-14_611.jpg 0.6750846016816706 0.24805651238416332 0.4055954031778971 -0.5641109076742487 10.762331934013485 329.45908052297534 821.3692412117856
IMG_20140521_133459.jpg 0.5544358672404859 0.3978949864957864 0.5314017246258452 -0.501889087252837 74.29893509631684 -84.75587241875681 908.8311406946167
IMG_20140521_095608.jpg -0.2823560600181816 0.5192314149364101 0.4044113074611914 0.6979436134184999 290.2032889760339 114.06566872162077 -686.9549565806941
2011-10-01_14-02-20_999.jpg 0.7886277205688479 0.5026397481556744 0.33319811578941916 0.11999423968993159 -499.0922919364905 -468.04075814627004 506.6554964591187
2011-12-29_15-31-37_791.jpg -0.012639267501141978 -0.5822751418865867 0.36742163416201934 0.7251187839297099 80.41588806314127 433.30903166905404 629.6143422835878
IMG_20140521_135054.jpg 0.7525167888218248 -0.3603803766972506 0.5291711735447474 0.15434485972040674 -300.98466259634 107.83110811487593 733.1715334922382
IMG_20140521_135854.jpg 0.1522389057189341 0.687037336876533 0.7041310020272773 -0.09488174380335486 -159.25976443874293 -539.2188332606843 1003.7408665738649
IMG_20140520_211821.jpg -0.09216067122922128 0.39023558158913 0.29004827682780737 0.8689617935499766 602.4848099575192 69.85260879894938 -359.2261417790142
IMG_20140521_135330.jpg 0.056977894208613 0.6057159384333968 0.06769499311929814 0.7907459196264498 139.29302772308256 -119.08304310511065 -621.9082395005657
2011-12-30_15-18-43_648.jpg -0.04593334808476142 -0.0648251475640633 0.3064643718211742 0.9485607079050211 738.338011953074 123.98771569342794 110.0633207114867
IMG_20140521_133045.jpg -0.3157785723416552 0.7666524504332463 -0.20749012090462735 -0.5191105500965554 -318.2776493469248 110.3203435960938 734.022044752812
IMG_20140521_133546.jpg 0.9448561412350608 -0.07195146684052278 -0.03960415467293614 0.3170195100029814 -601.4302200948309 -380.2186132542134 344.1974527614304
IMG_20140521_133343.jpg -0.40407928767560203 0.5432648726653224 0.5013223148933065 -0.5387570361392283 -42.343768469620834 -687.0736924656011 339.3234938955498
IMG_20161227_160317.jpg -0.2327790959283194 -0.4606111939343468 0.8355901698586927 0.1882559124083236 280.99458642683396 656.3079558623231 -225.44455859705707
IMG_20140521_134523.jpg 0.4961171651021889 -0.08307025454397861 -0.4658135786359454 0.7280005503152729 455.2470950414114 -722.3066553166581 129.77823493504653
IMG_20140521_133521.jpg -0.29199977047640524 -0.06441552543135085 0.946270661356249 -0.12312030531775424 452.4054441921937 136.06699498381587 -107.84517325138386
IMG_20140521_135342.jpg 0.039143898414660996 0.44513098197206874 0.0796805967729132 0.8910539639120613 375.11880606341884 -98.56904065953776 -516.831689763605
2011-12-29_15-36-03_290.jpg -0.4233035728332235 -0.3372144550211142 0.8005473472772591 0.257341099163707 174.84090436935892 535.082958335783 -329.87262075821235
IMG_20140521_135220.jpg 0.6403460696215296 0.4603511165371664 -0.5849864297573395 -0.18927397502827784 -190.1109586806992 492.9251040989782 -364.7620082028472
IMG_20161227_160238.jpg -0.2407520030191927 0.06582947086832824 0.9512695242496434 0.18108353332453947 571.1871864188728 32.30455925153842 -287.98466371958557
IMG_20140521_134955.jpg -0.0072824981773957215 0.5804135902234266 0.4178663454087374 0.6988953762037593 217.12173270460954 -323.14544925729217 -540.688664451936
2012-01-28_14-44-55_57.jpg 0.2823309211878988 0.40521566102576445 0.8083021089537943 0.3205264726375867 385.7791265918996 -667.6078789835173 191.20185132863136
IMG_20140521_133539.jpg 0.39398776244323774 0.7303527770432007 0.32146284191184893 -0.4560922114882181 -320.4117050589923 -187.17819243012957 714.6699245771711
2011-12-29_15-30-50_650.jpg -0.3435108203886343 -0.0061171260916827504 0.2037905349272399 0.9167509557771812 519.4362599066178 524.6167375740624 105.05663032216562
IMG_20140521_133535.jpg 0.6129610635795502 -0.09535882564927425 0.0010268640532610555 -0.7843369011186673 168.41386854902794 736.5260167921725 164.6498208388777
2011-12-30_15-18-20_837.jpg 0.10394107786086244 0.5960714799205329 -0.09607409382307197 0.7903573948882519 326.0120262586676 -20.476571240553973 -437.265574858528
IMG_20140521_133153.jpg 0.038571197649685744 0.566118965503859 0.04997119695503319 0.8219029499178055 419.8690814292455 -81.4457256399947 -614.7911972104905
IMG_20140521_133558.jpg 0.959539664137963 0.0469550187438681 0.08165270283222778 -0.26535202143748704 -645.7424152010967 355.97728686786166 261.73209521756365
IMG_20130210_165733.jpg 0.8176795233168428 -0.38419805726892436 0.38443077172534373 -0.18974991881363779 -487.43860423172885 427.7227527134534 511.87571518249814
IMG_20140521_134537.jpg 0.07192207560129442 0.24771735277922183 -0.4504056429619094 0.8547503056222473 733.4273452714887 -15.071736929269973 -15.045631645740583
IMG_20161227_160600.jpg 0.05037228036356424 0.6986666240037189 -0.4311449593781815 -0.5687192680725764 21.9121511986977 527.7582117433246 645.1727871572991
2011-12-29_15-33-17_315.jpg 0.3650379419651433 0.6319086401799342 0.6303093020338099 -0.2648564803085823 -33.776772746028236 -592.1560148838971 497.1230010626668
IMG_20130210_164919.jpg 0.583773374466407 0.008047718916405974 -0.21055110372292257 -0.7840995563099153 226.05227866349102 686.0127548678392 -64.27243393895164
IMG_20140521_134832.jpg 0.7147025962506126 0.0328604619969957 -0.49632774212523617 -0.4917104446184186 283.5504882136366 184.8027526636833 919.415245675192
IMG_20140521_134530.jpg 0.8307481160159471 0.44985604510263444 0.15960645916853972 0.28637891789070824 -677.6559678873958 -445.95118371643457 119.13748145438903
IMG_20140521_133200.jpg 0.7452539683630186 -0.26257960967166416 -0.4801960018921384 -0.3808677867589419 -283.16898037056137 395.5839813836625 -358.7738451170186
IMG_20130210_164947.jpg 0.4748041154029871 0.7363365834742587 0.4417606292536534 0.19291716946725804 -432.4825669531355 -630.2321440709431 184.11330786154988
IMG_20161227_160713.jpg 0.040412603308887914 0.37427503064475004 0.10705900876573719 0.9202300753462515 551.2147017322405 -134.1169242222306 -551.4126580100591
IMG_20161227_162905.jpg -0.07119101990942955 0.4064352571002565 0.6079570328044844 0.678329172845802 457.28536859733583 -290.83839525530436 -411.4106649896999
2011-12-29_15-35-03_214.jpg 0.6286163815503593 -0.046103830492781876 0.5773070317181233 0.5190688516846637 312.95256757712167 -318.5288820758046 708.3659644190324
IMG_20140521_133144.jpg 0.8630832620957126 -0.011749331263216044 0.016517505752247367 0.5046547412923165 -352.16655549270746 -633.7499425792793 213.20387553084117
2012-04-01_17-53-05_488.jpg 0.5346062455736097 -0.8109046534821293 -0.02516807943536859 0.2366355276205426 -633.143966643196 -192.40358577319017 846.7412918900759
IMG_20140520_211849.jpg 0.5908294307256065 -0.6159832164344049 0.12392289892059342 0.5060912723834476 -409.1456347468617 -213.6525919339896 637.9881546977992
2012-02-11_16-05-04_241.jpg -0.34024722622752523 -0.3781825855988242 0.8609233122025813 -0.004561523912043134 296.4315295463042 461.59369355546636 -431.7657166483324
IMG_20161227_160604.jpg -0.3375372164014792 0.8347717832551007 -0.4315568697395541 -0.05462019411937322 -484.5029414053402 536.0440641126431 491.4305544493597
2011-12-29_15-33-32_635.jpg 0.0331837837476577 0.7172876486957461 -0.03204008430780464 -0.695248659489729 -200.7433439599252 66.3619395567698 725.1344281786266
IMG_20161227_160525.jpg -0.3117063835080218 -0.426590162056845 0.7235711175739036 -0.4441900515877372 347.26433699529224 232.4378720261235 -556.7320867089019
IMG_20130210_164850.jpg 0.7306922339014881 -0.302412718141356 0.4689897430788021 -0.3932989042818315 -197.56793291250608 622.5974446462158 463.26511357098207
IMG_20161227_160732.jpg 0.6984999491862154 0.33235108721049006 0.3424595500336387 0.5332560664517728 -96.02950458850042 -736.3878342245135 393.1614286493457
2011-12-29_15-34-53_611.jpg -0.194978413206327 0.22821334626777653 -0.042333554357404185 0.9529480348603881 662.0346260120486 279.76027136677834 -91.7780635683372
IMG_20140520_211900.jpg 0.22125719134156438 0.9431137772628649 -0.02945382923035414 0.24640237490796002 -618.4245408322898 -84.25573030601683 -421.5977518236582
2011-12-29_15-33-51_400.jpg -0.031752905635309164 -0.22133503928117287 0.1707250302992217 0.9596121703060287 589.7378925360682 157.27701367061485 459.1020325205187
IMG_20130210_165229.jpg 0.9521142988395117 -0.2642879828011286 0.12134330762913556 -0.09437174251796045 -714.3737971183659 131.74310595976002 239.31520195532102
IMG_20130210_165147.jpg 0.14522805929745605 0.6593029862982444 0.6144976590612712 -0.4081923689378936 99.0743328073611 -662.4277506732557 875.1856141174044
2011-12-30_15-18-29_265.jpg 0.7190045227491493 0.29728857126634106 0.6145403745491159 -0.13035386342459535 -115.02550880924132 -151.62358909300116 716.5233461359869
IMG_20130210_165136.jpg 0.19437923433825696 0.8763282820655092 -0.42570938258475816 0.11417958175387956 -462.51031996592525 568.7545718124444 -164.82808634332469
IMG_20130210_165128.jpg -0.34090969832238205 0.8698877474567963 0.2943865890732219 0.20102840741576372 -592.94286457822 -337.5931965244698 -316.9637003423963
IMG_20130210_165125.jpg 0.43139973507666896 0.875346289318073 -0.1800141380045105 0.12352348955301205 -610.1981887762455 130.7829226788165 -89.31824920935493
IMG_20130210_165116.jpg 0.6070903400954927 -0.5583314397359244 -0.4043373820377942 -0.39524499219088416 -263.6872056745521 -32.43502651008909 -673.9517449130898
IMG_20130210_165057.jpg 0.255809274978782 0.8785267389289538 -0.3214234877267431 -0.24380181574234375 -502.73348460935216 535.1753667173158 266.6939439826026
2011-12-29_15-36-19_806.jpg 0.3383282993852458 -0.5043524237208267 -0.5458171590111391 0.5772748248893455 27.22347301102476 -857.2081707871356 539.4493689478836
IMG_20130210_165052.jpg 0.16477028228198196 0.19140269895517686 -0.29118108847887403 0.9227292856638116 767.8450142094252 -229.22499300699678 52.30304312311462
IMG_20130210_165043.jpg -0.20369169356190123 0.9188872240172128 0.054522311258833764 0.3334415707238972 -650.2782679914815 20.21403816164504 -403.592330137068
IMG_20130210_165031.jpg 0.47185822778467534 0.03789523050872749 -0.46891398542267787 0.7456764973174467 475.76537991722586 -566.2954924380857 145.49378359098657
2011-12-29_15-35-42_606.jpg 0.29448962351593216 0.938837497756866 0.012444354041000737 -0.17805940722009964 -659.442668369805 122.27115819011642 412.03125378160894
IMG_20130210_165017.jpg 0.32688796460492364 -0.19288424629496806 0.8195135429811178 0.4293454075662241 532.30031035074 -2.533036451686667 569.9566486716037
IMG_20130210_165003.jpg -0.1349413154913802 0.42232092261131554 0.8798329398829651 -0.17125967883621063 481.1980558035447 -598.8039865305464 2.5122899743044287
IMG_20130210_164956.jpg 0.8758669397228047 0.20969868163237018 -0.2793091990976604 -0.3329713773309634 -16538.357208767604 20824.380013097554 64058.01506647922
2011-12-29_15-34-47_696.jpg 0.012238815166728383 0.6713266609223159 0.5447064254004866 -0.5024595863008616 -70.04288678569571 -572.8767646001211 595.6360201061973
IMG_20130210_164938.jpg 0.5048229703087074 0.022331938419994642 -0.3528549718518032 -0.7874950298348319 351.99237556170397 615.1175079809195 -227.17466424499708
IMG_20130210_164929.jpg 0.46928695609522625 0.3224867126190209 0.7894759934497034 -0.22912819291754147 233.7762288636142 -194.26064971026315 766.6893894723072
IMG_20130210_164844.jpg 0.9895327044530321 -0.02206729071424617 -0.13044553111688734 0.057637009898452815 -954.1371538484966 -480.33677669538497 980.9110182929031
IMG_20130210_164834.jpg -0.022024998841420968 -0.10263809724609295 0.16296659695029886 0.9810311965978328 769.1683680630673 104.87842483188946 243.39885100728895
IMG_20130210_164819.jpg 0.2810070310077774 0.9270551022960818 0.0948619104675566 0.22935802530855745 -684.373854074877 -241.96494772361524 -282.07294057148243
IMG_20130210_164807.jpg 0.869363526184605 0.14281014145325246 0.19131912501820156 0.4326769178500764 -344.1345509126553 -590.3989971635405 718.3548688987147
IMG_20140521_134509.jpg 0.958488552405615 -0.1250787165291205 -0.25494558948716073 -0.02564675378796307 -1017.0025710803741 -71.88764776252992 444.1911777031833
IMG_20130210_164749.jpg 0.5207045092599292 -0.5931237572538735 -0.17143370170479583 -0.5896452395612257 -200.3197209475227 321.4305475405157 -634.3522684018127
IMG_20140521_135831.jpg 0.6383516363950174 0.046607901343677045 -0.5691197032881466 -0.5161759924418741 107.68648866013426 586.1058847302371 -298.0264805436567
IMG_20140521_135826.jpg 0.18102694282407475 0.9676256943830928 0.04041048723666786 0.17116294593954 -661.7455655623403 -168.8530102936592 -399.6960450627769
IMG_20140521_135822.jpg 0.6717836680843529 -0.3344467258052475 -0.6578249864481346 -0.06417459074893084 -123.03313385228714 -278.40846444794715 -472.45626194285813
IMG_20140521_135727.jpg 0.5838384591613842 0.5347604393421727 0.6076308883347353 0.06283812266584471 -224.02406136763983 -532.5173412370183 521.0424106306677
IMG_20140521_135635.jpg 0.6866524623151411 0.15976642246751024 -0.6891283696079683 -0.16758632536680756 35.666638184033324 348.16091383856457 -611.9666125192631
IMG_20140521_135627.jpg 0.34036426583950036 0.719884120792155 0.5923335320357029 -0.12271921608677398 -206.34550604869563 -527.6607743349125 503.1465521897669
IMG_20140521_135615.jpg 0.5157044534727072 -0.2676856576010599 0.2454406527532816 -0.7759846592292582 280.8856133864246 652.4112761078602 25.24453889706641
IMG_20140521_135553.jpg -0.4066271091053821 0.1855376951099609 0.4197271428495731 0.7899742295728494 603.1494541321995 495.76266075005975 163.63207090822382
IMG_20140521_135550.jpg 0.22071235948090262 0.6943413753158929 -0.1597639987379416 0.6660717480903019 84.3192465481245 -112.61076661405149 -673.3898067498172
IMG_20140521_135542.jpg 0.8737993096917928 -0.17827206647883 0.3193896245763369 0.32044360566018537 -452.3492724979189 -331.24897975376587 865.9362397105238
IMG_20140521_135532.jpg 0.13351877451166108 0.8730009008305453 0.0793872329701357 0.4623200528241293 -327.7408358604315 -188.04541127103866 -576.5982480301892
IMG_20140521_135527.jpg -0.229608850944346 0.7772937550830582 0.21767639113769194 -0.5437933271180942 -175.8109545272034 -413.82764646215156 563.5827894699767
IMG_20140521_135517.jpg 0.09114938813186844 0.8894211404609614 -0.44696374026059565 -0.029072991531107883 -434.6192796152263 594.5495544778752 62.28486346600793
IMG_20140521_135510.jpg 0.10490802463335125 0.4752461115920773 0.16977903986565127 0.8569192012123643 487.034214408158 -238.05132215549682 -528.2664887544696
IMG_20140521_135502.jpg 0.10136200218611233 0.8809300189993483 0.0537115011584161 0.4591330099022939 -451.86877209789674 -129.22594203178625 -515.1677508940753
IMG_20140521_135458.jpg -0.4315857965816676 0.2698074595774412 -0.42845210221663504 0.7465697764117439 414.0849847124225 647.6915310143701 307.0133895305848
IMG_20140521_135439.jpg 0.676188942340008 -0.2641182501492126 -0.3804238567420164 0.5729640070866134 -133.62742049785467 -614.0750153680584 157.857501895221
IMG_20140521_095557.jpg 0.16474702973076727 -0.460427826335276 0.8016075859458379 0.3439330037742075 375.4879951864318 588.2691688932332 314.4832577999966
IMG_20140521_135339.jpg 0.8632262717099863 0.056667946706169176 0.40979802088445905 -0.2893004143186877 -315.90110446071554 295.4267513861558 510.68042457470534
IMG_20140521_134437.jpg 0.5478740414576868 0.49400391309251124 -0.018302009162071198 0.6748771777195743 -64.50969999651035 -500.9696638456305 -467.7164006584843
IMG_20140521_134157.jpg 0.6777741542848232 0.2624887318141391 0.6789637350575574 -0.10358623427264733 -51.24141170327183 -171.38431220937488 970.4692902948748
IMG_20140521_134905.jpg 0.7599304817713501 -0.23323245657039718 0.28725518577489173 0.5344087782983491 -188.41114393284403 -521.7207026544523 528.7584878519712
IMG_20140521_133901.jpg 0.039750666224842725 0.14455881186793257 0.4091681790991147 0.9000577957324338 499.1356383055924 -194.7378660510685 332.0250360962607
IMG_20140521_133440.jpg 0.671284608853112 -0.5796090306388277 -0.4619573522803603 0.005074464795591813 -487.48748461731975 -278.3999778959084 -372.9006990416435
IMG_20140521_133430.jpg 0.7711411178788503 -0.2825084170387092 -0.16445242407299873 -0.5463385130442061 -242.22549345847582 686.8798767317907 -59.37947405376236
IMG_20140521_133129.jpg 0.2155640165232553 0.5486227790573218 -0.1935136866358714 0.7842816166176382 387.55433646113204 -159.19447666393344 -511.5723016755341
IMG_20130210_164315.jpg 0.24223820444612018 -0.19993898769242824 -0.5618556668088635 0.765286392915759 490.3677489510794 -517.6507538891324 102.9002670218281
IMG_20130210_164224.jpg 0.06559849402411219 -0.5461796692338278 0.8162098067475276 -0.17659603015514996 294.32409522460586 647.7231509434259 4.4359969400331405
IMG_20140521_135349.jpg -0.20128209712392947 0.9322422141601545 -0.20462765437513222 0.22031226606817939 -576.0407317816455 284.0527257631216 -49.10314839123888
IMG_20130210_165539.jpg 0.8516883049782354 -0.23145478397874705 0.3871915058608545 -0.2667179257677589 -410.1035695575217 395.0077624863566 782.8433609013572
IMG_20140520_211939.jpg 0.6771224833202906 -0.509358370158368 0.07993557217931353 0.5250423769869815 -320.3084944735991 -403.2070435322884 839.4868643283819
IMG_20140521_095640.jpg 0.9059359518657 -0.3188247571994273 0.24667558254199357 0.12954529050290678 -781.2099600975904 117.19137633816922 1547.019594285599
2012-04-01_17-50-32_648.jpg -0.22905469943220208 -0.0963461693371819 0.9648037568164913 -0.08605272311123728 656.7328848463733 16.949920666785967 235.9021031858753
2012-04-01_17-51-28_674.jpg -0.37833028108661126 -0.1346527431114702 0.8340066285822584 0.37837518505623163 725.6624362185745 475.97465886851563 308.39443794135934
2012-04-01_17-54-56_5.jpg 0.1739279652297648 0.8608828278994504 -0.09013618198072264 -0.46957990612548267 -504.2039699674652 216.54307200679182 541.9461627387284
2012-02-11_15-55-43_341.jpg 0.02076820791951638 0.05554252117996449 0.15014305725387603 0.9868843763274623 750.7031474649644 9.676279876876393 93.93147226380948
2012-02-11_15-56-05_505.jpg 0.6070255912971789 0.4498829728953365 0.5418732842563934 -0.36810132574924836 -110.54673039909376 -158.93230328619913 726.7035489515357
2011-10-01_14-36-47_800.jpg -0.18452712508147634 0.05663567690095454 0.8278620947173138 0.5266749399215777 533.2891626221071 111.84316633745205 -1.003074365413584
2012-04-21_19-06-20_584.jpg -0.2507732637565703 -0.30608847572564485 0.8945550862208864 -0.2078312125961152 502.51440906431617 286.3366809280306 -482.3105191574915
2011-10-01_14-37-04_651.jpg 0.14817435991235284 0.11151659429190923 0.16095954154577924 0.9693814699319723 675.4762655458641 -17.722832290428286 367.55825711907977
2012-04-21_19-06-34_639.jpg 0.7514643213345453 -0.24463037760526588 0.2636191202496231 0.5531386006714153 -168.82674776945316 -470.5290800724513 630.0356344001276
2012-04-21_19-06-42_262.jpg 0.009515971898534788 -0.5778644131753725 -0.2536932783704843 0.7756428861105762 156.2064129350897 -256.5607506488386 873.3336443662114
2011-10-01_14-37-38_417.jpg -0.21679925698676517 -0.49530937936366287 -0.2610846570461807 0.7996883785196882 271.2074718986897 85.73032784529704 908.530197699521
2012-04-21_19-06-59_420.jpg 0.5552724190887689 -0.7544816646163427 0.01709433451446023 -0.3494821055284046 -481.8574444754297 432.7387701771068 -369.7432727810791
2011-10-01_14-38-10_16.jpg 0.6712822352113074 -0.237693637137732 0.5763701629201738 -0.40084826412162433 946.6170775802431 450.96091892850137 4347.234870131065
2012-04-21_19-07-18_263.jpg -0.09536501594962232 0.6930440717464758 0.42243029310591435 0.5763228919767505 65.24250283899133 -209.66580611587221 -308.74680498060826
2012-04-21_19-07-28_94.jpg 0.09754976594781165 0.96833466197854 0.026255390834898418 0.2283039203048001 -592.8160289994436 -104.10193780265165 -484.8176940863404
2012-02-11_15-57-37_244.jpg 0.8454455273013186 0.22232878210835047 0.3421462766319889 -0.3445688587195305 -88.71001697827649 97.82484885383016 1795.95418486204
2012-04-21_19-07-46_32.jpg 0.6128399738885832 -0.6696436187812344 -0.1258916163503666 -0.40019481651129074 -387.39133149821737 411.1639337261708 -386.532933942172
2012-04-21_19-07-58_895.jpg 0.34282720317441717 -0.24836207643786254 0.8618046004725024 -0.2794255148613143 553.2678901906157 419.8199058007083 420.0869887000632
2012-02-11_16-05-22_472.jpg 0.00647200870437185 0.28610906895184146 -0.1993554293346999 0.9372070884076894 687.786042411987 37.89440781055012 -143.15376553069243
2011-10-13_14-39-23_451.jpg -0.23482651070586827 0.8260032982765703 0.23685676507329925 0.45439402938963214 -287.0894817194635 -5.695903507816124 -598.8628836292328
IMG_20140521_134111.jpg 0.688165980873021 -0.5154707861933068 -0.11379414663947252 -0.4977633408969782 -292.876799288417 462.5499403951008 -145.5468523950077
2012-04-21_19-08-10_84.jpg -0.026945008866644093 -0.5413401781357994 0.03236681065076623 0.8397482763312913 134.27620948199575 62.626133259737145 738.4973682868055
2012-04-21_19-08-20_123.jpg 0.9510378743052278 0.17752333788548832 0.23971674016845182 0.08092163262069978 -542.8905161096937 -243.70590518624329 537.6742729654015
2012-02-11_16-05-39_713.jpg 0.8252708240517574 -0.026650527335157822 0.08519923778368227 -0.5576368946211961 -338.91865859575796 767.9858472455953 639.6293715618234
2011-10-13_14-39-58_742.jpg 0.14546400928429906 -0.2344987360649376 0.6921930012954283 -0.666872861754406 677.0672022085114 310.7850038876985 171.1799295454929
IMG_20130210_163122.jpg -0.21568414243031261 -0.46804381708879905 -0.5639105575765686 0.645306298623166 280.21807525251154 -290.94107065221215 732.4916821087528
IMG_20130210_163137.jpg 0.39239949217419196 -0.41294231701307405 0.7963481847531821 0.20329990162718256 329.2832366627411 395.9382409253718 622.1387772338184
2012-02-11_16-06-13_994.jpg -0.043470610882882704 -0.2991130748830634 0.11651502916957848 0.9460792368512694 479.9399515175634 135.73701220385894 509.05905035317323
2011-10-13_14-40-18_252.jpg 0.08559498699095966 0.10215306524239985 0.3284331521586837 0.9350774909207852 717.4898970275917 -59.67823055439844 58.483741846104856
IMG_20130210_163148.jpg 0.5609351829512828 0.5170987981510651 -0.32442725758577906 0.5592025643838779 -85.46226779031879 -339.6284501728313 -507.0504737729919
IMG_20130210_163156.jpg 0.06700211918036152 0.17819017128986572 0.10234848496513982 0.9763625179749422 696.1298591499236 -70.54404036357967 125.51741161187167
2012-02-11_15-55-54_45.jpg 0.7610137232058427 0.13333934092112712 0.09851543295265486 -0.6271949001110033 -161.33931058981423 649.7235626615119 390.01899131357186
IMG_20130210_163204.jpg 0.1085159013812049 0.22990455047524327 0.34750145063981047 0.9025579973727054 704.4260989024232 -173.3265697432137 -62.597300709415514
2012-02-11_16-06-40_96.jpg 0.0928221912508479 0.9893346096441408 0.059643257527408365 0.09509864774635829 730.3569870083394 -257.71500132178585 4502.433537565223
IMG_20130210_163213.jpg 0.3057910232555608 0.7272155784426491 -0.3336542350777856 -0.516066084897369 -313.0802004214107 552.0319491347251 384.35435299057144
2012-02-11_15-56-19_244.jpg 0.14439787816264854 0.8156222547658071 -0.09217060866205268 -0.552642894835112 -462.1399008777915 183.49717572369298 649.3238509758418
2011-10-13_14-41-53_189.jpg 0.46504257636206725 -0.14120430913723658 -0.43324056550205464 0.759012093220567 231.29149716500257 -611.1338110574675 295.69117255542596
IMG_20130210_163222.jpg 0.522726240029187 -0.8341682783062171 -0.11269178885004072 0.13498563693359564 -710.3336379900111 -108.91246795737014 110.72430072981443
2012-02-11_16-07-27_41.jpg 0.019283996415594345 0.44679891695141766 0.05488768979777109 0.8927408340621299 579.2375599521879 -45.01658684774485 -456.2458295958948
2011-10-01_14-04-55_608.jpg 0.26244053591505023 0.41895591099509893 0.006723052638529595 0.8692270763811414 443.4596556229223 -301.1105318613568 -250.8239042385245
IMG_20130210_163228.jpg 0.5706093956994086 0.4790181980383691 0.2765941595245522 -0.6069943610978077 -170.689067468694 102.3335133236133 696.9098630705206
2012-02-11_15-56-35_310.jpg 0.7208838143047558 0.2672781596435374 -0.6165003146591155 0.16975356749182535 -211.70391774080585 -32.99222798714453 -608.8943932381558
IMG_20130210_163239.jpg 0.10549197081033877 0.0308203206562064 0.3947949809066172 0.9121723932350416 706.8890720820617 -30.76508536136205 166.320143378
2012-02-11_16-08-30_939.jpg 0.625593871761651 -0.06779277547432509 -0.7644410459186015 0.1402367088983105 -23.100058075070777 -258.4109794434076 -601.5997494392561
IMG_20140521_134226.jpg -0.4112619565146611 -0.0388470531185463 -0.24790686408502055 0.8762971507013297 522.3146456445696 465.005983093295 524.4219726469918
IMG_20130210_163245.jpg 0.9100118953616363 -0.06116377411749918 0.39156106349911063 0.12172623623307872 -324.7155825220072 -70.78206171592129 806.3593148193235
2012-02-11_15-57-28_658.jpg 0.856341566664816 0.40398670477174947 -0.053796101879527804 0.31714325310855873 848.7025753548374 -495.8316443484088 3956.835465300654
2011-10-13_14-42-44_697.jpg 0.665954533485716 0.41564665714542925 -0.05005906714893216 0.6174435241621948 -85.41754423447932 -652.827551311383 -304.42788291394385
IMG_20140521_133730.jpg 0.907913314090219 0.1849576980013944 -0.3747821665037627 -0.03197486072661222 -606.7840191535512 108.60874846799088 -323.1062763841554
2011-09-18_19-53-53_378.jpg 0.036187909287673355 0.8109202081237118 -0.03735030958600488 -0.5828411495869289 -393.2541757105092 74.62343176039333 660.8222804566695
IMG_20130210_163519.jpg 0.016482699215027458 0.08660039587574025 0.05164689754036667 0.99476695262519 740.5740127597671 -11.009723137937499 71.53378151131511
IMG_20140521_133744.jpg 0.8651894570647451 0.1769008214420085 0.41834745937271345 0.21245871597453897 -337.88615221146387 -386.1548615507881 563.4841671172534
2011-10-01_14-01-49_608.jpg 0.8898832713351879 -0.058176482868861394 0.05541996731732752 -0.4490566639760953 -403.7663909130365 570.8537501005998 251.70239988890106
IMG_20130210_163642.jpg -0.013071517713738483 -0.06958877041779704 0.43815461240928033 0.8961066198175707 685.214962605561 151.31605473794073 313.4196391295232
2011-10-01_14-32-50_305.jpg 0.7848384699438512 0.32223260453372615 0.08212846361889763 0.5229241246444892 -368.3197733641236 -649.8266027758257 -165.3016057776581
IMG_20140521_133943.jpg -0.3582444392668877 -0.33112907943588027 0.643261407317314 0.5901094952146156 309.8536278713731 693.9197698077178 45.270025353925654
IMG_20130210_163507.jpg 0.28432836333786154 0.7576994644890261 -0.5257445021513846 0.26199546135810947 -166.9251499907194 311.1714203543545 -547.0586223516285
2011-09-18_19-53-14_634.jpg 0.5269670754643754 -0.6364935370348468 0.2759008829009839 0.49097900311912596 -284.9078828170983 27.056148927826065 733.8924708911632
2011-10-01_14-04-42_522.jpg 0.945663873741062 0.26833086265801576 0.015036509218899402 0.18300898731145393 -753.7581540268377 -261.9666047129262 183.25833939826214
IMG_20140521_134018.jpg 0.367598393421478 0.06366760203436968 0.16830014964083065 0.912410498205723 600.387056526054 -485.8675505651548 175.44743673164308
IMG_20140521_134713.jpg 0.806763967199211 0.12690764724358358 0.23314442792752937 0.5278920590674138 -228.43164941722034 -691.328089967029 245.59115694345664
IMG_20130210_163543.jpg 0.13158793460579402 0.990728507645558 -0.025335187409374047 -0.022355488890171048 -732.9407717630535 -11.743568181298826 -162.36584791319348
2011-10-01_14-01-18_320.jpg 0.038240570769511345 0.8203092831038064 -0.44772921709974983 -0.3537921521970018 -54.83063913161578 909.7243736271654 1359.5818736441036
2011-10-01_14-34-58_286.jpg -0.29376438900298907 -0.2244610302463172 0.909698087818164 -0.18912725523953078 -190.18700472735566 -301.97622231459485 1207.417993184684
IMG_20130210_163605.jpg 0.48406737860874105 0.32466169980880855 0.5962094678587655 0.5520940355407623 -191.41069271730902 -943.7858808201518 2163.271400979525
2011-10-01_14-01-28_960.jpg -0.20979559288448468 0.8819762239040309 0.4209316529353157 0.03033633516721566 -502.0699052320894 -487.80774115196107 -246.53386331327064
IMG_20140521_134049.jpg 0.07770752924359256 0.5778512174621395 0.08668703262283961 0.8077963039971315 277.5510434062604 -167.54400096193416 -654.5429798197489
IMG_20130210_163410.jpg 0.031998305286166234 0.43986607266651023 0.06391851055943024 0.8952141478906697 587.2385331802566 -67.99758307211034 -463.78888355797443
2011-10-01_14-01-40_851.jpg 0.8212026229092714 -0.24693801593234843 -0.4733873481309905 0.20137598427776057 -514.456588977373 -467.46511025805665 4.44897238789855
2011-10-01_14-06-54_697.jpg 0.36210200264922354 0.1719025275324086 0.17497937944232445 0.8992852036341807 591.5954260034783 -488.77425953864196 248.85837451684856
IMG_20130210_163430.jpg -0.22203589533873286 0.3736289758704556 -0.20675599336781977 0.8765577041915771 540.3889904766252 360.3416063705286 -165.81381555821036
IMG_20130210_163744.jpg 0.032078587843789835 0.7216337265362402 -0.02602009013966308 -0.6910417381291022 -202.58301270738755 59.48597940691035 745.7707530414314
2011-10-01_14-02-31_15.jpg 0.6027697592375391 0.1824960321634161 0.679653921444512 -0.37607760191006573 245.02001724062168 28.72329481323847 790.4771837941505
2011-10-01_14-36-35_776.jpg -0.2496531704861704 -0.5276073911032139 -0.5495446932911492 0.5977494168922293 177.61977599396812 -187.43704462634074 751.4915194036531
IMG_20140521_134121.jpg -0.12678924403762262 -0.6223126888774729 0.17043421790687097 0.7533947054664847 114.74074431119469 306.0512301877178 705.7132096015847
IMG_20140520_183052.jpg 0.2713176181031513 -0.32849182614600625 0.8843455820044416 0.19082128249050131 559.0430873802674 433.47044609709644 383.19608925319864
IMG_20140521_133951.jpg -0.10933374816274419 0.9813773653762335 -0.12058561804268977 -0.10199856352493744 -632.9949947546619 171.6787648582727 261.86445255699863
IMG_20140521_133853.jpg 0.7002655740702995 0.23083994053994347 0.15073051409111046 -0.6584993240280044 -101.35170446459713 521.3737337607394 629.3941499829907
IMG_20140520_182723.jpg 0.38593719372028296 -0.006903612764581018 0.3622197964364744 0.848411245625392 770.8425254576798 -453.6797402683666 862.3830731133232
2012-04-01_18-11-50_589.jpg 0.6120200221369348 0.04642297387552041 -0.5730050457125786 -0.5430852765339753 66.48635131834486 630.2062759234781 -425.76602290805374
2011-10-13_15-24-38_28.jpg -0.03926681091859291 -0.3366161248178337 -0.3310935826428964 0.8806388258563213 488.4336010221586 -173.0931372241609 739.0490305580329
2011-10-13_15-23-25_156.jpg 0.6881761263869605 -0.2586434519464974 -0.15125372398261175 0.6607870268230377 -236.05356279695553 -798.1409154659311 1723.2894043349916
2012-02-11_15-54-22_239.jpg 0.5107521405939576 0.7896919508727885 -0.2701189398466473 0.20628774064772498 -351.6120206479418 266.70135838668324 250.58656408145123
IMG_20140521_133959.jpg -0.35876920314703586 0.7063926130367116 0.5943549781866719 -0.13797208060012828 -122.24265531214031 -673.2234953288034 158.54190303793837
IMG_20140520_211755.jpg 0.6359858659358278 0.37106507049506315 -0.038431178776874055 -0.6755410692816309 -162.74445707126893 615.735209521092 465.0218307288187
IMG_20130210_163450.jpg 0.028781459109490082 0.7583307023707229 0.6413030820754456 0.11329841293676296 -97.89155061518737 -649.5565667344946 -69.86701714135444
2011-09-18_19-51-48_277.jpg 0.883167321399898 -0.004288521923047457 0.34760360790945055 -0.31491081715205893 -387.2603547645597 387.99725975058533 727.1983326055885
IMG_20140521_134720.jpg -0.008509073457924598 0.14974166546219064 -0.3919636259173962 0.9076725980501914 589.709758848404 132.96053401440028 14.90433745886327
IMG_20140521_135132.jpg -0.1854561438184479 0.4251589972605025 0.7725775693245807 0.43355477755983524 373.5968118193039 -350.45643448336153 -276.6494046789662
2012-04-21_19-06-12_928.jpg 0.5694016699145944 -0.13933266098100283 0.3134582710669565 -0.7470689795341113 339.6597040073405 732.972256613039 446.7219483336423
2011-10-01_14-32-21_386.jpg 0.815502868940981 0.4164377737635039 0.017250592552932834 -0.40154335804306196 -470.3291438800144 568.1127374737748 399.7138497937729
IMG_20140521_135449.jpg 0.07390989038761214 0.9787078727136569 -0.017359897742249795 -0.19070097519828905 -648.1978591266012 40.39020125621586 286.4319818122691
2011-10-13_15-28-32_396.jpg 0.2969108941024833 0.2393727724843701 0.8898914799848373 -0.2502753495788325 615.388740505477 -347.6984942810703 542.1523887237241
IMG_20140521_134103.jpg 0.926758872992854 -0.35858922865904824 0.07761755902139887 0.08066765739925635 -781.5988518177053 -8.817426559273517 453.7900357729575
2012-01-28_14-40-10_416.jpg -0.1291495300586987 0.4328032281437003 0.137715732116097 0.8814965352862918 503.5943608732725 126.71827626363759 -276.12874426496086
IMG_20130210_163456.jpg -0.028947390004630646 -0.26106290985645997 0.11497796029876335 0.9580126692036666 557.6095758834689 124.71105843690721 528.0042315779947
IMG_20130210_165257.jpg 0.36669323802591947 0.1768334218248334 -0.07502386429667378 0.9102952432578023 488.25514480842827 -437.6664430248976 -263.4930626964594
IMG_20140521_134058.jpg -0.10573258675502256 0.5556199052503162 0.8235615987639061 -0.04305152760541589 188.42530896619988 -712.4826593376151 56.11129279895164
IMG_20130210_163752.jpg -0.026769990370246053 -0.09063466739671797 0.2762099006412276 0.956439655947633 714.0982429949149 164.12693459384164 259.48389636074006
IMG_20140521_134517.jpg 0.43658543491598145 0.5475173204395031 0.7055869988387056 0.10846625700077665 -61.9038487504859 -620.2326839989298 630.5777827246567
IMG_20140521_134725.jpg 0.7055004546149269 0.06353779033863008 0.5504741238226163 -0.4418260933203683 306.4806408391289 794.3134008930493 2303.4825104217603
2011-10-13_14-42-19_619.jpg 0.0067832175581624245 0.018881393203034547 0.199439928205176 0.9797046473237664 750.5198662775621 54.25230179453017 139.71723726730573
IMG_20140521_134032.jpg 0.2966857332215873 0.16634542146430153 0.2709658554248844 0.9004911335790564 574.9535670337324 -434.0694505334395 -74.30760462121593
2011-10-03_13-15-48_699.jpg -0.4274566736912782 0.07279464330537572 0.9010219013536851 0.011885508143185777 532.5243977281813 -72.11137891803978 -290.031637218096
IMG_20140521_135154.jpg 0.9634329325911699 -0.051809056275721445 0.08027574801051313 -0.2503369936065186 -594.6308108385658 323.5857209346004 290.85687918785885
IMG_20140521_134702.jpg 0.3071299970250104 0.24950678924602046 0.5067671105841712 0.7659011833635786 510.8770284985562 -539.7529354243788 -4.35127977196824
IMG_20140521_134006.jpg 0.30004391370131334 -0.5633012185829035 0.7664949279907841 -0.07176985689144294 181.66568306446086 720.3059001532488 429.3615324155549
IMG_20140521_135141.jpg 0.5756591093590961 -0.2145720565361666 -0.7669965963488212 -0.18518003011949077 157.8328295326872 -127.79252067750518 -238.59080253890295
IMG_20140521_135136.jpg -0.019063081296961066 0.4491680256938755 0.8754055710815466 -0.17762254852670842 386.71958784442955 -548.8239072989159 217.51587131879043
IMG_20140520_182909.jpg 0.07539999693656001 0.8754909644295208 0.03344059864133593 0.4761429806547015 -252.68443775210147 -113.2990032722102 -698.5160526107911
2011-10-13_15-28-44_551.jpg 0.26671775832921424 0.3700418748595065 0.7613886060846983 -0.4606712914505315 411.372717849835 -398.5916971320143 664.6149672009059
IMG_20140521_134455.jpg 0.9020892938380274 0.14586961636265 0.39667589965144984 0.08720774965985004 -697.9579698524977 -67.17575244576823 3099.149875110291
2012-04-01_17-51-57_877.jpg 0.45213189388184094 0.7035822419345643 -0.41233703036436226 -0.3612851405184701 -267.72562057081234 703.0906112978039 137.9756797721702
2012-01-01_09-47-31_226.jpg -0.028947390004630646 -0.26106290985645997 0.11497796029876335 0.9580126692036666 557.6095758834689 124.71105843690721 528.0042315779947
IMG_20140521_134759.jpg -0.1290772267021041 0.267706150287937 0.8111909933082169 0.5036284930586579 590.2434028311438 -238.82301450112445 -272.67089239068946
2011-10-13_14-42-35_909.jpg 0.04582651753103066 0.3640951392853613 0.05800632219044055 0.9284233551703072 660.150392264838 -83.44256089037829 -381.37830479884235
IMG_20140521_134042.jpg 0.25281983613034864 0.12132505916457549 0.5122933415565272 0.8117375762366695 639.834492975773 -352.2777663006728 88.463064580432
IMG_20140521_135234.jpg 0.5188459367472713 0.2558837107643721 0.49475848517674526 -0.6484878270499103 266.5704565908304 226.6081547822204 788.913344285675
2011-10-01_14-33-25_558.jpg 0.932407887751403 -0.355207819485471 -0.054832066837187624 -0.037899607936052467 -736.6927426194947 -23.861599912802895 21.238206151270674
2011-10-13_14-40-48_799.jpg -0.039816446181449146 0.29034135003571127 -0.02990264683846994 0.9556266963542684 688.7701743854877 90.96045849122217 -175.2998547069893
IMG_20140521_134620.jpg 0.9210964958797397 0.01587905443172905 0.3162839469504825 -0.22648082879096568 -512.2926506998955 208.49554471151473 840.8816802598145
2011-10-13_14-40-58_228.jpg 0.8207055860524554 0.3114741360982736 -0.47769079734447073 0.03518104172041232 -565.8869434067235 23.437153390754805 -404.50109088064215
IMG_20140521_135207.jpg 0.7002289880511111 0.6148633439878138 -0.3491625649736657 0.09852885736702033 -481.28276681901747 184.00522097728748 -392.4189853843829
IMG_20140521_134708.jpg 0.43532738023241535 0.43213886552970954 0.023398829674367183 0.7894292670585175 178.570827319944 -524.9771050563883 -445.6492424504526
IMG_20140521_134010.jpg 0.45487008071289586 -0.35120138118996014 0.04958022583783737 0.8168797957645769 371.03668607550236 -507.4819788740632 949.0771108380962
2011-10-13_15-22-28_406.jpg 0.2853238501840613 -0.4740961927629935 -0.4578060642491487 0.6958711863990936 261.4111360282607 -576.2844128502193 752.8241416127569
IMG_20140521_135259.jpg -0.14497298278535634 0.7677558593650382 -0.572163460546907 -0.24932458580725014 -775.1051623705823 1175.0798364569519 2605.889139252102
2011-10-01_14-04-06_46.jpg 0.4734145430451522 -0.3202645542639797 0.8000982447009715 -0.18207713898748587 334.03299735551104 514.2155497149292 464.4085020675742
2011-10-13_14-40-10_3.jpg -0.15653731743167598 0.8530491265117395 -0.4646180070857009 -0.17869908645699478 -302.9940563337016 585.0973526359625 320.3966821810295
IMG_20140521_133829.jpg 0.47297416407392057 0.49645627989854363 0.7023907259756651 0.1909813350336971 143.9894598515742 -643.756151492683 301.76589231746885
IMG_20130210_163303.jpg 0.7773022332046168 -0.2806157631899983 0.30118573066381876 0.47575538604298745 -138.4154222276123 -250.56850183023468 935.4161112548358
IMG_20140521_135218.jpg 0.9348323617654947 0.1904491725914365 -0.2671158721038121 -0.13589215917559253 -551.3256599838836 222.73147538867676 -267.39507993884126
2011-10-13_14-43-25_273.jpg 0.04298252203908356 -0.14705621777104985 0.3734122013330571 0.9149263902137886 673.0619060649425 112.14425741372524 363.1403132710577
2012-02-11_15-54-43_404.jpg 0.7790833847287861 0.506881602378848 0.16341194044202764 0.3307516568822612 -478.2880454541581 -511.9757490403708 238.88625043078173
IMG_20140521_135144.jpg 0.6282533554961767 0.41036577941555635 -0.6564848954188842 -0.07697551870117149 -62.6938064446471 422.6101210716907 -471.94089486721623
2011-10-13_15-21-54_312.jpg 0.05960392750532112 -0.08221978860347011 0.38123558840946936 0.9188834008284329 769.4442414948487 -71.5421140431195 154.967463561466
IMG_20130210_163342.jpg 0.4385143363426317 -0.4647164199832451 0.7617595574157441 -0.10708035536786051 237.30775734857778 573.3857786152979 469.56571745990544
IMG_20130210_165409.jpg 0.8062967596565753 -0.39518007208888956 0.4295516032222878 0.09593573974431777 -391.8535603652801 160.45349230535422 902.998054289875
2012-01-28_14-40-55_292.jpg 0.24514730501891233 0.09463708535550422 0.8566850952603693 0.44388880192691416 772.5766488896783 -164.02906349896656 293.7198546893885
2012-02-11_16-06-32_96.jpg 0.8067021762945136 0.559327394115846 -0.12270183061958491 -0.1460435747161634 -778.4941037523761 -140.9525695285116 677.8819685244828
IMG_20140521_134543.jpg 0.9426668724375933 0.12663533052613868 -0.30876205254799716 0.002942036303292119 180135.8000004629 92366.83655091269 405915.20597411983
IMG_20140521_134552.jpg 0.4063021371133277 -0.29768245778791436 0.8360442078108838 0.21756334775959207 362.4909071407413 211.73291283044773 668.5854009643061
2011-12-17_14-51-57_632.jpg 0.49258998002840837 0.14164427985317626 0.6229276479338911 -0.5909764420008954 344.30841127117134 311.7890148690619 657.788504966315
IMG_20130210_163442.jpg 0.11862097466505356 0.7307058439365932 -0.10821997688648802 -0.6635408582816222 -275.7143842947991 224.53684490638898 674.0485362845927
2012-04-01_17-52-20_918.jpg -0.26427863075866853 0.8553593902014193 -0.44510711528671126 -0.019919207808587254 -523.7355220346935 666.5346162710422 569.1004724730622
2012-04-01_18-11-32_119.jpg 0.7768594158858196 0.4373892654308005 0.40915544753892036 -0.19434993744448206 -350.79501444309074 -196.88921534692773 713.6879405737762
IMG_20140521_134259.jpg -0.44930051907886726 0.27428945357933104 0.7679082585158483 -0.36498115802568504 334.72172595001246 -578.7681426582054 -348.45901593545614
2012-02-18_13-09-02_132.jpg 0.26574482727677845 0.9024912647750161 -0.29893654266701913 -0.15976904343056114 -571.0976116890638 493.02054526586807 176.58438959290433
IMG_20140521_135425.jpg 0.037794549058947385 -0.028031747350524015 -0.09869645644407066 0.9940044279012499 790.8009258349516 -35.89199802006195 359.6360389629815
2012-02-04_14-26-36_868.jpg -0.34889234009456416 0.14027821178580302 -0.08576476538049589 0.9226269903599967 625.1371849168158 461.47043262731466 323.4498614050211
2012-02-04_14-24-57_766.jpg 0.1240257121736325 0.9112888043657891 0.38036807188529015 -0.09741903123959181 -456.2907697213367 -441.2198915817987 172.3134096974073
IMG_20140521_134229.jpg 0.29694059314153065 0.7614487861925247 -0.5422213039814445 0.19498227524405595 -193.224405531657 464.97702728513553 -291.45369875001455
2011-10-13_15-23-06_588.jpg -0.01405115281964894 -0.24791840539666024 0.8603696130929858 0.4450878095794606 626.133405806577 361.3627439142799 133.56802915882102
2012-04-01_17-53-25_203.jpg 0.27957931627064725 -0.39233877087090896 0.7188919408069518 -0.5010988647242736 306.40398994712643 533.6013886268627 370.0226080743372
IMG_20140521_135431.jpg 0.9572868873379486 -0.28355051311485824 -0.05247247952969934 -0.021155631286437784 -781.7677693895406 -16.206207693951423 155.44005394608212
IMG_20140521_134250.jpg 0.33195653270921116 0.9075595836701404 0.20332102960990647 -0.1574834003904123 -646.7461188719444 -209.76558224689225 340.72032228805546
2012-04-21_19-05-53_128.jpg 0.48445621439536574 -0.1991933915317748 -0.06334829462329866 0.8494769936096566 357.4039684319117 -604.8610353986286 692.283568626168
2011-10-01_14-02-03_773.jpg 0.041575308966634125 0.614018132426579 0.04672241007672021 0.7868101696930002 345.4237502296477 -86.55662895170158 -661.7682489965338
2011-10-13_15-26-09_227.jpg -0.42914860097884383 -0.48071375996993065 0.6528161241936485 0.3982171106899542 219.15361253013302 704.7082630872678 186.5346210532212
IMG_20130210_163656.jpg 0.17973724836318847 0.2401000248489605 0.41504857566297554 0.8589418952749326 724.597269493364 -325.77288046029213 -25.863577394121354
2011-09-12_14-15-33_253.jpg -0.25347049896156104 -0.05182536063395777 0.915003734222287 0.30957229286647653 557.9043898458231 143.38616986944083 -30.822509944068997
2012-02-11_17-54-57_837.jpg 0.744918829683883 0.06589305246142926 -0.6558386110288965 -0.10310072309832406 -245.3241312603021 162.56831821145022 -257.85463371398
2011-10-01_14-34-01_838.jpg 0.1965632644866293 0.8200681518153546 -0.44258872239164265 0.3049038081825832 -283.85058329279946 447.68359271121926 -296.3476136377863
2011-10-13_14-41-10_987.jpg 0.5719493274973919 0.28277369862726326 0.6514051844216545 0.4105901701801072 282.02103355973264 -622.2702044705042 824.4614611783612
2011-10-01_14-03-23_319.jpg 0.7920348036807998 0.03312299743628149 -0.061559918921438486 -0.6064603145973685 -18014.182807854813 36.139653793867765 41256.56316671278
2011-10-13_14-39-31_519.jpg 0.06782662835002133 0.9970004167239882 -0.013352405581008406 0.03480561454797236 -672.9098166734104 -5.3025296607675765 -199.31039367940178
2011-10-13_15-28-57_199.jpg 0.6799196308704084 0.5402087975611687 -0.15739191336281258 0.4702249846643162 -320.68269552956906 -476.0786291423566 -393.364352983702
2012-01-28_14-44-12_979.jpg 0.24324125104668928 0.05988599239601079 0.9625697359290585 0.10347398309453765 696.0869459058202 -112.05247087821705 294.2148270885245
2011-10-01_14-32-07_573.jpg 0.18650114295166517 0.6902310623286565 -0.47485934867392565 0.5131344884641373 -9.026655743567188 344.53741293009784 -555.5602778326212
IMG_20140521_133816.jpg 0.5783736745717243 -0.41841726421475406 0.19276488022913502 -0.6732403631094092 98.1541522044821 639.7868504410086 47.17311205649273
IMG_20140521_133716.jpg 0.7015243271907202 -0.5583945308633268 0.17359020189847252 -0.40733967160881857 -366.76084621803136 689.045701189236 8.475567603136698
IMG_20130210_163420.jpg -0.41307829411350266 0.6692294332150729 0.24796698702184697 0.5656948488347919 -80.04929553723602 290.5723044089733 -618.7330061447009
IMG_20140521_133618.jpg 0.36894802965613416 0.8891099755220605 0.26450243037648724 0.05830323460108315 -625.8631720218592 -466.9979935189301 4.575705470513505
IMG_20130210_163326.jpg 0.07539999693656001 0.8754909644295208 0.03344059864133593 0.4761429806547015 -252.68443775210147 -113.2990032722102 -698.5160526107911
2011-10-15_14-27-51_352.jpg 0.25753298657291457 0.7984795917357832 0.10897957249143723 -0.533132774445424 -472.0058897764377 -22.498818664819364 583.2623840114574
2011-10-15_14-27-59_188.jpg 0.7927197095652766 0.11330343888649 0.558884120308854 -0.21542129158891674 -82.86970641492483 66.91441522799934 930.202949524452
IMG_20130210_163733.jpg -0.13221522089265564 -0.23533284530752668 -0.1399526175983588 0.9526546342254036 536.1200797583883 201.69785200559903 1130.8312880744763
2012-04-01_18-11-58_134.jpg 0.057760580246779256 0.9935686602149599 -0.001763439396931133 0.09737516669920636 -711.5608043448455 -25.03053988613893 -299.4384874962352
2012-04-01_18-11-40_213.jpg -0.29250800637799895 -0.5249947501047093 0.17186845362459607 0.7805644196451392 140.0940535291483 465.0360826267308 847.8635916819204
2011-10-01_14-05-51_548.jpg 0.08992586607994318 0.9957196244143347 -0.0176182933543758 0.012056695452211776 -766.3837664080718 7.690153123009908 -76.55512592183008
IMG_20140521_133704.jpg 0.63723428611428 0.45911917778695777 0.6166810692816549 0.05335263796934541 -154.8532560960594 -485.4053673683837 589.783037327245
IMG_20130210_163614.jpg -0.014457604683086949 0.19577606341550677 0.0011979603880416419 0.9805413176155627 761.4511734870767 22.189206471096032 -110.48753520132799
IMG_20140521_133236.jpg 0.7406566741555034 -0.03841025957123953 -0.2116779890564573 0.6365098364814109 -123.01104216790786 -726.6386652377905 27.078018166985075
2011-10-01_14-05-02_890.jpg 0.806675291857576 0.19032501908868396 0.5497996121480627 0.10378702759606512 -269.8247744066607 -275.57395841804436 755.8647211129581
IMG_20140521_133657.jpg 0.275063395699634 -0.6310249341796286 -0.222120316352071 0.6905144646228908 -48.6470901768239 -489.02660143690406 593.2683375386089
IMG_20140521_134901.jpg 0.5981445939715163 -0.23494984428295135 -0.19859172315643936 0.7399884748209414 163.6201427681756 -681.9965621943818 99.49809697518687
IMG_20130210_163537.jpg 0.7644070717929755 -0.31189548484648 -0.4423851018916097 0.35028339490991867 -304.2028222338615 -358.9689744443688 988.5003507246914
2011-10-01_14-04-27_991.jpg 0.3882271206275678 0.8170029319884021 -0.11940370044760687 -0.4093026609380899 -576.3097071350486 346.5550232243256 434.3388631511067
IMG_20140521_133638.jpg 0.10781690390971663 0.1785103544139116 -0.38135657962039876 0.9005979834413206 710.5127171898113 -102.32984494871009 -94.02005961336101
2011-10-13_15-26-23_83.jpg 0.25053944086661417 0.9037296486155096 0.15061379511491732 0.312759005473245 -472.88324177514465 -201.3457882952067 7.428562723550355
2012-04-01_17-52-30_726.jpg 0.22845006292366052 0.8501881132928487 -0.4212127166270687 -0.21810682730571768 -380.7348917550444 675.057440446228 378.2384719910639
2011-10-01_14-04-16_647.jpg -0.004712569362535934 -0.21263097123764277 0.0262008964558336 0.9767698678734161 635.1377443947229 16.04168509568911 400.85564169299596
2012-01-15_12-42-51_289.jpg -0.4634530679603462 0.7304090906950736 0.4155369578360605 0.28114560409241873 -404.30678457460317 -154.38607421845813 -466.1351299735805
2011-10-13_15-25-56_609.jpg -0.14092961122636538 -0.05544029871501618 0.9687288098883302 -0.19654442462282126 621.1008284472579 18.226041263236418 -184.47269232345735
2012-04-01_17-52-11_509.jpg -0.269355380399396 0.5351393679742934 -0.011249089630029432 0.8005916523899471 462.6378935372197 398.6542959302456 -62.04546317139443
2011-10-01_14-03-53_317.jpg 0.14756578911111656 0.25161334356966675 0.92119179349538 0.25752813985751405 662.1186525858856 -360.00621695708924 25.280864485661386
IMG_20140521_134814.jpg 0.02891684479103053 0.8536897111520978 0.5192935884966338 -0.026680744117586808 -394.2483043702488 -649.2344293667171 247.2025435601701
2012-04-01_17-51-41_830.jpg 0.32017658667761534 0.7315844625299097 -0.283095504729726 0.5311572862440241 -88.92976557768107 184.56198955692727 -123.08751065988258
IMG_20140521_133925.jpg -0.21417935150390993 0.9156760140715371 0.2833478774947069 -0.18809205980761673 -569.2745072352527 -422.6511289455787 241.6727028140743
2011-10-01_14-03-03_624.jpg 0.027201672115417984 0.82521560108098 -0.4438583385818383 -0.3482370687305608 -341.15797854873944 620.7149636463988 395.3288625349006
2011-10-13_15-24-27_555.jpg 0.42733372936538494 0.07049005738039774 0.7538731455156306 -0.4940569967397983 549.6217166220034 148.34320309796135 677.0771064461887
2012-04-01_17-50-51_52.jpg -0.19809625478870133 -0.34407238204396184 0.68686080711507 -0.6087645697661112 484.8911845663089 202.95358840058688 -421.18392141229026
IMG_20140521_134746.jpg 0.21891999377658522 0.9296689735715521 -0.07318309791956519 -0.287112991838008 -574.7671478052943 200.10807069879277 401.5711293121979
IMG_20130210_163400.jpg -0.16681396404760418 0.7580022102245324 -0.2422401121156498 -0.5821730659998331 10.43955224045326 1.507341677478873 1298.7104504542992
IMG_20140521_134319.jpg 0.11249503249350458 0.9313745318507413 0.3422352625520707 -0.052548778768047276 -579.4049099961381 -459.98474309014824 174.13953606205683
2011-10-13_15-24-17_508.jpg -0.13065545933392395 -0.0065088424028853275 0.952034934773719 0.27661574229825786 681.8815182016604 89.79286865082382 -210.39067739719337
IMG_20140521_133834.jpg 0.19403543171771595 0.545532630595604 0.804966457440373 -0.12951217158806308 272.2703445485145 -694.9822766545302 186.01138963658696
IMG_20140521_134734.jpg 0.7812626282399228 -0.4172013324061539 0.10460447353931744 0.45236009778686337 -404.32955634033635 -487.87054553526787 390.8654645690404
IMG_20140521_133824.jpg 0.1624178112446651 0.3282840620467412 0.7917498478547944 -0.4888580649007376 478.5744549807928 -452.2703556282757 580.6965237356679
2012-02-11_17-55-15_790.jpg 0.26457389729235326 0.9178367096446736 0.008440688336631051 0.2958127483401931 -520.3871070421987 -181.15225406378016 -431.22088071935923
IMG_20140521_133802.jpg -0.4688753060058949 -0.09842473378678002 0.7486668862985388 0.45822092112531293 284.5499880746088 485.45341664763146 -440.9455891884779
2011-09-18_19-52-52_142.jpg 0.4093862386314263 0.4330229015048989 0.7940604216943989 -0.11984206728025583 380.80738337865193 -574.844943850158 610.4188127865898
IMG_20140521_133751.jpg 0.44942711954269976 0.21612953798334894 -0.48500877085188293 0.7183799685593981 367.7629197862045 -424.75971958972036 -432.3304850581274
2011-10-01_14-35-09_370.jpg 0.27132953657827114 0.5470857743580814 0.17603241086659438 0.772068668189387 523.0370486173549 -343.5164372392301 324.18850644471524
2012-02-11_17-54-45_951.jpg -0.02171598775717137 -0.49795071927018053 0.04699827350376991 0.865658511967453 221.46378243989898 73.989954974643 739.6185103063435
IMG_20140521_134934.jpg -0.08712475542411334 0.9338348414556491 0.23608420257615614 -0.2542164730495877 -558.8119341583656 -331.52691684071 339.22643166350167
IMG_20140521_133735.jpg -0.2903326644809066 -0.2651295279782691 0.9029578165377022 -0.17343719002250635 416.85513649230614 184.3940371214079 -380.81428846643274
2012-02-11_16-12-51_455.jpg -0.1230449088400558 0.22114964255363576 0.8646704061167119 -0.43393303030871244 564.3933630376954 -456.42295515462337 -30.459297860197463
IMG_20140521_134642.jpg 0.4151566376699269 0.13683971044722829 -0.46048502023436455 0.7725758253939072 491.6893747836451 -357.91231993156896 -371.8923222749603
IMG_20140521_133725.jpg 0.8590823803403753 -0.0509115733369662 -0.2864238279363624 -0.42112571315386466 -394.1755175094955 539.6868044246231 -287.30500024863284
IMG_20140521_134624.jpg -0.3425717878335875 0.562073448013992 -0.2479532801669106 0.7108003799046758 70.98910768311744 596.4623268883525 -321.6553819470218
2011-10-01_14-33-40_719.jpg 0.6329163909752921 -0.42560750580893847 -0.6075355684366741 0.22175578034908866 -50.356184644261646 -645.1307444262343 -212.1647107109051
2011-10-13_15-22-10_39.jpg 0.6992883755147639 -0.36191990974020477 -0.31920895883098677 -0.5273664640509507 -154.16409386459364 364.73960850109756 -454.7249311704534
2012-02-11_16-07-09_767.jpg 0.4378807388954604 -0.19864650637473594 0.17424043786949847 0.8593254877056327 502.7603702556034 -376.8765621927465 1033.853993855716
IMG_20140521_134611.jpg 0.5590354059981995 0.16989142106945254 0.7398822405471056 -0.3334525303704044 186.5330347334852 125.05391301653633 1190.199010156326
IMG_20140521_134851.jpg 0.38808118827918425 0.4211765232180662 -0.5092196659575398 0.6424162664471146 260.2490067325935 -24.77639729267537 -651.7406173557387
IMG_20140521_133653.jpg 0.08393858985286552 0.5999539274730109 0.09623948836583945 0.7897769045257672 304.6131744427545 -183.87190076700696 -668.1116185394129
2011-10-01_14-33-15_675.jpg 0.8579842231266744 -0.261839720836019 -0.44167464149654123 -0.015051395853357151 -435.7055735370584 -188.81291221713536 -515.5205183342822
2011-10-13_15-21-48_70.jpg 0.8249591766977012 -0.1368762517687026 0.49205791760472795 0.24204597539827083 -277.67063884934015 -222.72871500137873 737.7886240204292
IMG_20140521_133644.jpg 0.40342427216690974 0.8933713010746628 0.030750223441707695 -0.19542517443013335 -713.4240717594598 -9.905899471145439 245.3617119064776
2011-10-01_14-33-03_50.jpg 0.7518868369310806 -0.5504590131688134 -0.3553528481156016 -0.07338537052520058 -553.9264503940542 -231.89127978433925 -402.10396981714194
2011-10-13_14-44-35_892.jpg 0.18400643011366494 -0.0969346744446744 0.14045926289878846 0.96799612500932 1007.3817632489975 -368.54872287999524 1403.8375727501457
2011-09-18_19-45-01_34.jpg -0.03813015304970622 0.9190404196870261 0.3922205373488942 0.008593514510705284 -581.927249328128 226.78889231583074 4184.8198394517585
IMG_20140521_133630.jpg 0.06976638016406189 0.5161628532448669 0.11172996823299805 0.8463007593802424 445.83762598433367 -166.8550333903414 -598.3331271444189
IMG_20130210_163338.jpg -0.2641002679098307 0.32569138140744086 0.8376350894188855 -0.35006232236715235 381.30758503886165 -593.4089403827102 -202.87769614619296
2012-02-11_16-05-59_783.jpg 0.6340652558921582 -0.5756148828632615 0.4591734776131918 -0.23619584110084038 -206.16608323615904 660.2748983486969 293.151210604666
2012-02-11_15-07-14_158.jpg 0.8325174586687688 0.006227669029497948 0.5432063732990966 0.10864038456023414 -179.29185258261307 -150.73395633568524 839.6540889899114
2011-10-01_14-31-58_416.jpg 0.20824936396830335 0.7731972679286793 -0.08413611651656545 -0.593059272899374 -344.43823267212383 303.7145349692082 1033.6147472238522
IMG_20130210_163309.jpg 0.5096199167631815 0.3596613012080719 -0.5753832481875377 -0.5290230680762071 0.5429432421202363 722.5425277161862 -104.44912770233726
2012-02-11_15-06-19_188.jpg 0.42425332321828535 0.5414094666438397 0.5487140112660699 -0.47518190307183794 88.94773528263016 -121.97063522856655 979.6302427793289
2011-10-01_14-06-32_541.jpg 0.653399177367912 -0.5582184663694698 0.33025570127493686 0.39037524331654644 -274.2779577904849 59.234414778838364 993.3543841321122
IMG_20130210_163253.jpg 0.0397969836254666 0.6178057458028248 0.047952080270038874 0.7838576774804885 330.421490622525 -81.65677058659655 -640.862779839919
2011-10-01_14-06-14_385.jpg 0.017094332011663677 0.19408571343669465 0.9580698119022811 0.21009701372073933 703.2955195563568 -239.74881279809958 -102.50828748274327
2011-09-18_19-51-28_840.jpg -0.1366374246026121 -0.1038599683046232 -0.27814603230466833 0.9450810049381473 652.0475988639768 236.87230414167 714.7656841498663
2012-02-11_15-55-18_225.jpg -0.4325738866829531 0.3213717369513255 0.812829074796635 0.22115364436096918 141.7765803062019 -122.39297264513466 -629.7360419629206
2011-09-18_19-51-21_238.jpg 0.6613923531471407 -0.1264716120220001 -0.027298074731466924 -0.7387962517954461 12.603490434865709 719.2487439063361 131.85695307833538
2012-02-11_15-54-53_466.jpg -0.3353358855997889 0.21776118114287135 0.8356652257535929 -0.3765548330355937 493.52548978242714 -517.3507353605546 -23.891811841731833
2011-09-18_19-50-03_845.jpg 0.910284131707856 -0.22153597488454876 0.004900378556821869 0.34968642765029817 -623.2616003989673 -492.8907054895377 543.2855925336163
2012-02-11_15-54-30_83.jpg 0.675032611456361 -0.1793227421859545 0.19677082749273053 -0.6880810773834297 51.29434876945995 797.4635855200179 414.36912227138146
2011-09-18_19-49-27_741.jpg 0.7895671936641326 0.021595353529892287 0.4818840794010825 -0.3793481533038434 -196.86289506987904 409.75461506907436 748.6001888242043
2012-01-01_11-00-20_21.jpg -0.00399636 -0.0641372 0.0889915 0.993957 663.2197696631126 41.831179522960184 243.98987998401037
2012-01-28_14-42-30_955.jpg -0.30503299270969914 0.7195922861297791 -0.45072129239809194 -0.4312680508454997 -185.35710332529894 425.36500486777277 914.1264441698919
IMG_20130210_165559.jpg -0.015821485775663193 0.9943860344154856 0.0858723872826414 0.05976644752429997 -618.870542176402 -120.71263622938962 51.934492610024705
2012-02-11_15-53-41_116.jpg 0.9450386827716841 -0.007260166802789176 -0.07066872591977132 -0.3191474725264673 -580.1395779287967 442.75490601124665 -10.458560175694503
2011-09-18_19-48-09_199.jpg 0.5389040178327091 0.3603257264021902 -0.6670156290049023 -0.36720291545641587 -186.60544142580113 406.23065252253105 772.8817563322057
2011-09-18_19-48-01_445.jpg 0.2987947400877355 0.4231896570375463 0.7196070607240045 0.46238284530084606 328.8850395685618 -701.0178841343189 83.38709431452784
2012-02-11_15-07-21_697.jpg -0.30720642173668905 -0.4927511154953835 0.8128059393840744 0.046551665101977044 234.34607829168064 577.342495517132 -253.47362930017127
2011-12-30_15-21-57_182.jpg -0.4658556670618942 0.3650205504555831 -0.05901476192110111 0.8039003377824995 464.46159661012615 504.91867035720475 222.67846365432038
IMG_20130210_165459.jpg -0.228527189395771 0.09729683112862895 0.7371004691923059 0.6284835309502386 594.1785820165547 94.09979290681677 -275.2388722513333
2011-09-04_18-03-31_55.jpg 0.03708233540212937 -0.6064796876783108 0.6842650738286756 0.40322276420482495 171.26014237915467 672.1136635003747 349.4936212842215
2012-02-11_15-06-31_219.jpg 0.3402489879177078 0.8480721504129544 -0.3849119106768007 -0.12979628243542682 -501.151624032941 543.8607023432621 235.43954118069655
2011-08-27_19-07-57_152.jpg 0.6728407729743926 -0.19512399167228767 -0.70585933141731 -0.10475937355770784 -143.767171701192 -83.01690676663978 -620.756132974721
2011-08-27_19-04-32_391.jpg -0.14919256306017933 -0.08876463951804221 0.4093556817878869 0.895706616971618 678.7390352945532 293.0875345398747 110.57693767062635
2012-02-11_15-06-07_821.jpg 0.8009523450573889 0.10154685248166025 -0.20141798887901907 -0.5546119106673321 -253.7526984690057 597.3275167024537 1422.3037515761787
2011-06-25_14-52-41_37.jpg -0.040816093342233274 -0.6610448921728581 0.04893149201848014 0.747635878048464 -85.75179778512569 95.38170423178943 747.0320188388988
2012-02-11_15-05-53_430.jpg 0.18273384903352455 0.7581094540429899 0.6159157253999125 -0.1119205759149435 -194.35667449122312 -696.9727075186026 278.11574003686593
2011-06-25_14-52-30_729.jpg 0.5971420547628099 -0.4839070043590732 0.3812220385072775 0.5137364450009682 -148.02161321878287 8.359702680012585 787.7843487163283
2012-02-11_15-05-45_805.jpg 0.22373400506893454 0.8795089387936195 -0.39697999985000243 0.1371641399091893 -305.4876436508607 633.9025567366031 159.60540325009012
2011-06-25_14-52-16_178.jpg 0.03482500067299314 0.3609350069750691 0.1061100020505758 0.9258800178926315 672.6142273229191 -75.60716548048246 -367.3933001374842
2012-02-11_15-05-04_657.jpg 0.5190691448628033 -0.17831291596973262 -0.7941205232893742 0.2610446730741308 247.10083982849406 -445.2040416682324 -6.638310131785516
2010-10-30_17-49-44_340.jpg -0.02171598775717137 -0.49795071927018053 0.04699827350376991 0.865658511967453 221.46378243989898 73.989954974643 739.6185103063435
2010-10-30_17-49-33_742.jpg 0.6982021643025673 -0.1522616018044636 0.6735376742134516 -0.1888839426586724 171.94953783249005 204.43245927749987 1148.827465534247
2011-12-29_15-36-12_252.jpg 0.05612421145856815 -0.19589531750152245 -0.015238069189647886 0.9788988194479059 584.9293265603033 -54.31029916411276 934.9447904193913
2012-02-04_14-38-27_722.jpg -0.08126808526780703 -0.47978622792029935 0.804528102138679 0.34049259416916994 512.029163924229 663.4853875929037 469.1301883736294
2010-10-30_17-49-17_523.jpg 0.7260191812222548 -0.6620877129341651 0.02809882987933696 -0.183702108421174 -629.6300345976567 404.11678018579715 -78.284672208633
2010-10-30_17-48-53_719.jpg 0.6558582995657657 0.4511371388665988 0.3101676067110754 0.5197318814283813 -49.52366051744388 -743.3485754982971 23.756695843211638
2010-10-30_17-48-42_201.jpg 0.0331837837476577 0.7172876486957461 -0.03204008430780464 -0.695248659489729 -200.7433439599252 66.3619395567698 725.1344281786266
2012-02-04_14-28-54_541.jpg 0.04952638870365399 -0.18684342311834756 0.9590156229860614 0.2071851995873477 671.322941942283 224.75347078789864 255.7365190093868
2010-10-30_17-48-33_797.jpg -0.011653266156014077 0.8514280506993027 0.4005787144514388 -0.33833588251723457 -235.5619061448762 -499.995240105178 754.6953550886459
2012-02-04_14-28-43_650.jpg -0.12528891336264666 -0.31350401908351494 0.8711795090164739 -0.35646063075283035 772.7080631923083 411.40763683534436 62.93639052377104
2010-10-30_17-48-20_774.jpg 0.660693177215351 0.6801439196248475 -0.028708635901808287 -0.3163298727643209 -852.7407773833321 322.0975363857091 878.6521413809237
2012-02-04_14-28-35_778.jpg 0.3710234015482784 0.7508016815901248 0.47884214074430853 0.2633413652892257 -339.1320109066015 -679.5577755714339 12.350349263184883
2010-10-30_17-47-59_875.jpg 0.8915501915029309 0.3890039665584641 0.0351051790294459 0.22930720973876753 -786.6670961800903 -451.37280509733944 455.4179877685982
2012-02-04_14-28-12_421.jpg -0.4801008494240139 0.14763433221851804 -0.3525426642097624 0.7895701034389632 331.2003029244967 657.0461925233257 157.9139911156043
2010-10-30_17-47-51_774.jpg 0.546833025176005 -0.4821066125509025 -0.4495300684140472 -0.516206910359804 -77.5091860438548 311.3453469700504 -641.3818390017585
2011-12-29_15-33-41_760.jpg 0.8890015302183489 0.0871126042686468 -0.3625353520525013 0.26581157228220403 -527.7531992914041 -397.1410228448184 -261.4793269059236
2012-02-04_14-27-59_72.jpg 0.03512041138100435 0.47415756322244296 0.8758129729491039 -0.08302287851813209 283.29807542997213 -624.7218932022957 830.3349906356967
2010-10-30_17-47-33_586.jpg 0.5244100353782007 -0.06362754373796609 0.8078134222036945 0.26150167376149464 617.7033584947519 -0.12929061274833487 968.2161710565681
2012-02-11_15-04-56_852.jpg 0.938094978078098 0.049604079838719006 0.20721043680289775 0.2730953720734922 -504.25794396911874 -416.32299518342404 434.9723022629415
2011-09-18_19-49-47_322.jpg -0.3532812428630498 0.08346284244061286 0.905744377500921 -0.21875429138268732 561.2418990156797 -308.96870975498325 -133.59878707143034
2012-02-04_14-29-15_423.jpg -0.19295915718022538 -0.03803803696241038 -0.14472036850496942 0.9697298006888978 822.4680322226995 522.6732955933965 858.8655699961632
2011-09-18_19-49-18_689.jpg 0.8229009850224899 -0.17137831985526672 -0.49412733877096704 0.2220396663024956 -292.05639778196064 -387.6892929618865 19.958160295863753
2012-02-04_14-29-05_111.jpg -0.2564958226573867 -0.5136601495655778 0.8160823113253354 0.0661271869164066 268.6368132306002 683.128587526831 -142.46767579450096
2011-09-18_19-48-15_986.jpg -0.001146419908107561 -0.0030787197532221263 0.0860555931021275 0.9962849201417816 691.5847030085944 30.02162572935406 164.67857645029966
2011-06-25_14-52-08_316.jpg 0.09127372693751404 0.9153572701483783 0.03780811115826601 0.39033411519887556 -381.80687476757987 -128.9409102909065 -643.859549835891
2010-10-30_17-47-25_73.jpg -0.005610319565647779 -0.024381398112386595 0.12317199046399639 0.9920699231937201 678.1714987441901 50.276788970479096 183.76454845117962
IMG_20140521_134310.jpg -0.14283528362595782 0.6310784478462297 -0.464332433605896 -0.6047590144157522 122.2559770188299 282.57866514861405 878.0802626789667
2011-10-01_14-38-39_644.jpg 0.3214541776091812 0.18971599502053996 -0.30313434357371555 0.8768036397490059 472.2956679564397 -278.1237494475258 -361.96704863663774
2012-02-04_14-27-02_446.jpg -0.429416058255609 0.2991359394649625 0.48604259124181043 0.6999158078880453 316.5934401485066 208.63932249696254 -577.2966811279427
2012-02-04_14-26-27_329.jpg -0.08420919654931337 0.7586720006770816 0.12781665578232743 -0.633236534882326 -85.61247147237447 -132.38641050707344 859.4058284469288
2012-02-04_14-27-11_868.jpg -0.30814267612181495 0.29621812373887735 0.9039946506041765 0.009827817669182639 415.4302843074696 -363.3688701252459 -302.6622817957518
2012-02-04_14-26-05_672.jpg 0.495657927305964 0.7804115692159841 0.3808241821595006 -0.01593562095270972 -271.5635698420192 -286.6678771913327 1003.9113720215071
2012-02-04_14-25-57_611.jpg -0.38704701048882756 0.8783370017000081 -0.02677851482060295 -0.27928772665533286 -550.3255363180239 -121.9697472835187 378.9269966881603
2012-02-04_14-25-24_48.jpg 0.6203504045068584 0.2845818334716139 -0.4365424693077154 -0.5861819070705215 -18.34878386331548 678.7894420250891 328.0486772652476
2012-02-04_14-25-15_610.jpg 0.06687320164322538 0.6131640150668228 0.09289550228265202 0.7816190192061421 180.07504079753357 -142.88204294425657 -600.5001814161641
2012-02-04_14-23-21_748.jpg 0.867807187541953 0.13214244383674037 0.13650892674107432 0.45914526318734894 -448.67599802830557 -605.2015654872525 428.8106855976413
2012-02-04_14-22-58_90.jpg 0.5207084817828811 0.22593031802716032 -0.17069374814072583 -0.8054078549040756 59.932229461216345 729.9819371976918 584.6772942403153
IMG_20140521_134138.jpg 0.5504177972993969 0.5382985516894354 -0.38742352939726976 0.5071271305446982 -124.24873481555751 -148.28135404402914 -700.4225596325929
2012-02-04_14-22-30_751.jpg 0.7506314019204869 -0.08159033420570935 0.6549118049916877 -0.03140132955169863 -38.65614483824475 147.76481557085185 1035.1646070706709
2012-02-04_14-23-36_467.jpg 0.19226897891128467 -0.09114950376659277 0.9769735942236465 -0.015716357760199896 731.5209206736794 103.60102108533965 305.26196365363904
2012-02-04_14-22-23_115.jpg 0.8703400502552622 -0.06734220975347893 -0.29007703113617556 -0.39220981593326854 -432.13558087329886 476.63318933567433 -241.3859714900144
2011-10-01_14-34-12_690.jpg -0.4938060735397011 -0.5120172857145479 0.5460401884008701 0.4425313248979702 -94.76162992249404 764.3816405536714 225.91769567365796
2012-02-04_14-22-13_779.jpg 0.2664415604109598 0.13301848182390055 0.8999861700336864 0.3183392406335327 636.8806536824815 -301.7603328105734 383.50761020746967
2012-02-04_14-21-52_735.jpg 0.5462220679673924 -0.2891524562713367 -0.6535234332987891 -0.4369661676000115 90.01993082402518 194.91538370731664 -631.9848614493843
2012-02-04_14-21-34_646.jpg 0.8303549829262863 -0.5121191925720598 0.18332567347788178 0.12098029745668828 -657.3535549315546 40.6449953996113 562.9178079253899
2012-02-04_14-21-18_397.jpg 0.07419366304487034 0.4648511786172253 -0.11326513256742556 0.8749741092436074 645.1172127461205 6.494794416442749 182.68826216974276
2012-02-04_14-21-05_53.jpg 0.06661933543032895 0.6377326272151175 -0.12818408093130707 0.756589586055691 259.1877292987264 6.248716337460298 -639.6468113758417
2012-01-28_14-43-44_776.jpg -0.4045197873666683 -0.4257877542603021 -0.4262377381016436 0.688033371697034 90.15148896233966 37.52645378550274 1032.3438489582334
2012-02-04_14-20-28_124.jpg 0.08564528610042582 0.9952368384806813 -0.0005356949130608172 -0.04656429244297187 -650.7861448762518 -15.13385957512282 -61.492760680020865
2012-01-28_15-19-19_648.jpg -0.45330724397419797 0.0878697545359032 0.13530941866407237 0.8766315132477884 5.0024260204073645 776.2084390830137 1790.248895541359
2012-02-04_14-22-01_386.jpg 0.8528092872827543 -0.2370082594060216 -0.4033486130390869 -0.23206313980693616 -486.0987457786324 208.14745112439942 -454.1413707147329
2012-02-04_14-26-51_287.jpg 0.171929800983643 -0.6863984727861043 0.7034238694783009 -0.06702342828297023 -46.71612685552245 743.6826888154617 342.17342466475117
IMG_20140520_211932.jpg 0.1719100751514513 0.8652553782512302 -0.1064000465133757 -0.4587582005487144 -536.9336771148263 235.56411216713462 518.1812780996254
2012-01-28_15-19-08_964.jpg 0.07278193411286113 0.9676314535284449 -0.008270823876531585 -0.241503113192405 -749.0442557525238 14.30987335823994 200.2888524432446
2012-01-28_15-18-50_977.jpg 0.0796089623068753 -0.09675971158035811 0.9146062248103057 0.38444170542950856 888.3902490941523 107.52553191886182 578.4383920947777
2012-01-28_14-42-20_620.jpg 0.1651230392359586 -0.5974427613757632 -0.08805172655773595 0.7797713910136641 79.31001981646442 -260.62238665092184 822.7773016026988
2012-01-28_15-18-34_874.jpg 0.5355803756133748 0.8107735129356572 -0.016473232971182892 -0.2356450817973663 -662.6268417165431 257.8217073337953 367.70778996523114
2012-01-28_15-18-18_863.jpg 0.5823965341460278 0.18107420220504633 0.0343996836317755 -0.7917342180786012 208.5689507576751 722.3707180138375 244.9260467045832
2012-01-28_14-45-51_331.jpg -0.13194868747737995 0.3277756477472247 0.8017111761420181 0.4820911310798677 572.7961552704062 -207.1366481275981 -439.7776149998942
2012-01-28_14-40-46_978.jpg 0.5958664794748058 -0.035202710469201266 0.11703442331573372 0.7937297093929873 242.256350752267 -657.6841171544165 363.6344303010953
2012-01-28_14-45-05_143.jpg -0.18558552131535969 -0.16583323925778015 -0.41115565868516335 0.8769312261326697 620.4834950915641 63.30358145567701 674.771314196282
2012-01-28_14-44-45_580.jpg -0.4251288535908068 -0.23140901423902568 0.22989476401403536 0.8443125744962108 437.3467836355082 626.4562961990382 598.8992647384865
2012-01-28_14-44-35_41.jpg 0.21645774810345492 -0.33221520639511776 0.885976564168758 0.2404675189491371 3158.007737754913 -1264.812249686271 6936.459856014473
2012-01-28_15-18-43_310.jpg 0.7264159394614379 0.32702330531423474 -0.5484784822174988 -0.25406100689027056 -279.7238347498111 394.3581147851509 -91.4267828340588
2012-02-04_14-23-07_60.jpg 0.9010744604634755 -0.2783988897841728 0.3228878694702346 -0.07938701793347133 -508.91041226108547 277.08653595100867 836.0752918420042
IMG_20140520_211811.jpg 0.045508483771424094 0.6107297822103968 0.06091667827677709 0.7881797189307721 353.6528654965014 -104.47594515920547 -682.3976374471208
2012-01-28_14-44-03_713.jpg 0.0751275029159194 0.6979906553802826 -0.15423953753854594 0.6952518021316576 180.30013038484893 72.80189187519542 -620.5708268997927
2012-01-28_14-43-54_18.jpg -0.027145266162449798 -0.11726426242901188 0.91027436049783 -0.3961222234389488 353.68461760646494 112.932148028781 886.7508476027574
IMG_20130210_165643.jpg 0.02921466834349671 0.8359517647318546 -0.5282963093291554 0.1457194556141029 -311.3065961304914 530.0298398601029 14.952480389829415
2012-01-15_12-39-00_996.jpg 0.002117969572247823 0.02715009451667664 0.06292258729194505 0.9976467985119354 789.3693809247278 6.002420671779998 82.71255419652783
IMG_20130210_165635.jpg 0.5351247256575209 0.1197414973299916 -0.6539908819975587 -0.5211520201161943 239.3161695769323 483.5116779283828 -365.1679758675897
2012-01-28_14-43-28_869.jpg 0.6237067720610626 -0.5829838347838585 0.5205700845387031 0.011247130711590482 -362.5599836311439 451.3235368602476 625.4749504037686
IMG_20140521_135313.jpg 0.2332039265438285 0.7697237515168818 0.12308520518471107 0.581370198118167 -198.53468614168875 -299.44057167028893 -531.887648316024
2011-12-17_14-27-50_531.jpg -0.4730126646281421 -0.1184631715188232 0.5729854120759865 0.6587208920652194 63.07081603568865 579.2159314848984 384.97869509626605
IMG_20140521_135120.jpg 0.03814320165579109 0.7225630313663608 -0.028700201245871748 -0.689655029937829 -237.87957229306488 67.57970350437361 741.58698769286
IMG_20140521_135106.jpg 0.781713936118737 -0.010565393999568667 -0.061808124359517796 -0.6204767927090771 -171.7121733607622 708.5732551111705 120.1051472119167
IMG_20140520_182921.jpg 0.4788504580009892 -0.38576916042854537 0.7884296655125163 0.01621900965903674 318.6934103663124 507.1592580815949 543.4642013656581
2011-10-15_14-27-43_188.jpg 0.6310228752253167 0.5523462763661099 -0.4198311596754121 0.3470814303480761 -281.8897500535638 -147.16440580001264 -498.9979797481822
IMG_20140521_135059.jpg 0.8905255773829535 -0.24976935445958232 0.37631783673776303 0.0544458570748184 -531.8232265963499 47.21390548008979 576.4362820354155
2011-12-17_14-52-31_163.jpg 0.2662770855383721 0.20789168969408883 0.2623564552974406 0.9039063278001152 697.9196608154658 -457.40437794618805 95.82186180956315
2011-10-13_15-23-55_514.jpg 0.035743457581514274 0.08036174660010707 0.9070090175154272 -0.41182403653647814 780.7438193683472 -65.80298126096294 434.7993499055787
2012-01-01_10-59-53_763.jpg 0.019283996415594345 0.44679891695141766 0.05488768979777109 0.8927408340621299 579.2375599521879 -45.01658684774485 -456.2458295958948
IMG_20130210_165353.jpg -0.02855472011873797 0.4353835621930697 0.8933591464334424 0.10740212853908082 438.93820659669393 -586.898511168436 61.973111327624586
2011-10-13_15-25-11_586.jpg 0.9366513070871426 0.122880532613413 -0.03377220168273796 -0.32625778462757377 -547.9659022893784 430.13693714923613 33.4058147479644
2012-01-15_14-14-25_544.jpg 0.9494908597760268 -0.1332895849897284 -0.2746338622060814 -0.07264458317602265 -584.1172303125611 65.2887324389074 -257.27953780116496
2011-10-01_14-32-33_19.jpg 0.9180766999217033 -0.0541924204328135 -0.24021870004944096 0.31063375665736337 -522.5066018803553 -457.48549006142923 -270.8675684821567
IMG_20140520_182746.jpg 0.7854801836954594 -0.18901131591349435 -0.5823619450100507 0.09027828355981635 -406.8233736513965 -221.75355817448875 -442.19381410759615
2012-01-28_14-42-54_940.jpg 0.03069438656972996 0.21039190794342374 0.10936495214757472 0.9709955751427463 738.3236315692902 -63.00512657370497 -209.65713411274902
2011-10-01_14-34-22_269.jpg 0.6699781173688474 -0.38582097701294427 -0.2559191658089542 0.5803248026022335 -257.0090687977008 -665.2937304125043 532.9892026382419
IMG_20130210_165620.jpg 0.05430319465386568 0.9502029064527898 0.021083897924296147 0.3061389698607041 -522.3038197027593 -53.18568280669435 -378.2458743614076
2011-10-01_14-34-35_331.jpg -0.29898859198504624 -0.30467204102348905 0.5582585382157566 0.7114268576533976 1205.2515499081542 493.30116015544195 2347.0890305879034
2011-10-01_14-35-20_347.jpg 0.1644339700833458 0.8493738454673107 0.09068708350064701 0.4932559102584065 -363.2270493308938 -225.8850632731334 -557.6731569508661
2011-10-01_14-35-34_597.jpg 0.3599801371492588 -0.5179441292502139 0.07217813206798947 0.7726179502732342 179.84524130996803 -328.4422723038424 658.1093773575424
2011-10-01_14-35-55_354.jpg 0.7572231279389878 0.2564502503476455 -0.2306132961296606 0.5546745994356859 -175.38935063322205 -503.4843763941522 -389.0250232835613
2011-10-01_14-36-03_448.jpg 0.17902596693242392 0.9694448871778121 0.1402967284069111 0.09188657076541598 -714.1119004439602 -171.54494172740937 28.157544304627788
IMG_20130210_165801.jpg 0.3254708503330704 -0.4554806655103409 0.4592193128985842 0.6897272733411934 285.1165006516694 -16.142550681794408 723.6500188841106
IMG_20130210_165814.jpg 0.6073365693169241 0.17498211898552843 -0.5534201389907049 -0.5424478770952954 336.28821059913986 590.7440283614043 -10.245266709156414
IMG_20130210_165827.jpg 0.8266889222489181 -0.0222564511937439 0.36500106714510006 -0.42762635231486984 -211.9062500901154 514.1658826573101 634.3073445767732
2012-02-11_15-57-14_674.jpg 0.5392557781620739 0.10452248148405385 -0.5672786105199956 -0.6135741476217313 155.27796143468427 603.4826235655544 -208.37229601193727
IMG_20140521_134354.jpg 0.6317809423269849 0.5178767183577483 0.5745545426754143 0.0504343433235986 -264.1133998669676 -520.1219527666933 563.9232729099268
2011-10-01_14-37-23_89.jpg 0.03414289584895729 0.231717469436807 0.9703214725439061 0.06014579736835503 635.6370162382221 -322.23836560366476 154.4991887814227
IMG_20130210_165933.jpg 0.11781799715238322 0.8811569787027664 0.04718649885952003 0.45547198899141295 -466.5282668118212 -130.82309892732013 -518.4214080548355
2012-02-04_14-21-27_210.jpg 0.36331561724287825 -0.6184995187967113 0.6758027655487627 -0.16956040101482286 -320.57901474365315 823.3632777810274 1183.7631107018724
IMG_20130302_145354.jpg 0.0895372720473957 0.9116162768559954 -0.3936853117467121 0.07714088410446038 -399.93495007316517 479.9643906447385 10.054670177004883
IMG_20130302_145455.jpg -0.15388123843101767 0.8753621933138614 -0.44343917316727505 0.11585894301436589 -388.5024274074538 623.3250278170505 74.88295845414261
2011-10-13_14-42-04_627.jpg 0.15244596499054044 0.9824177743861876 -0.01666649617251251 -0.10647897554693304 -750.3360937313311 -12.737934759340096 -37.511522775583565
IMG_20130302_145508.jpg -0.06250813945664913 0.7576736188145506 -0.040905341177973564 -0.6483441778232027 -173.2969728200004 38.185187315818 876.935306217166
IMG_20140521_134547.jpg 0.18578874408802842 0.9763200720842834 0.08309387649101423 0.07332848767858915 -745.9588811990035 -139.38565431887866 -14.018970417903397
IMG_20130302_145519.jpg -0.16791554723662025 0.8802129434378272 0.3130181339402388 -0.31472081441384503 -785.5632194349438 -567.6634627370406 1351.3624133568253
IMG_20130302_150016.jpg -0.2706283175084842 0.28456855048209867 0.8676036784414092 0.30503263922731466 486.43731659897196 -170.80187027005223 -553.1782197222238
IMG_20140521_134606.jpg 0.14752080121519073 0.3458378943333761 0.3115647467631861 0.8726747232653624 533.5201074191369 -393.67605688005193 -351.0766261912471
2011-10-13_14-42-58_635.jpg -0.009952432166301881 0.006657521449113241 0.04093120890931516 0.9990902174675477 755.924574965743 27.180397838268423 150.27508494056588
IMG_20130302_150032.jpg 0.5717984922647162 0.4301900921107112 0.3064996133075826 -0.6277268163268775 -242.22636395466571 149.771434007854 1256.3123799218192
2011-10-13_14-43-11_783.jpg -0.39586008673074513 0.15979061215612617 0.7641666695170085 0.48354012573888866 421.6832783281327 235.30757889965076 -562.0650459911874
2012-02-04_14-23-47_959.jpg 0.778777375726391 0.09211875234189086 -0.607473307635501 -0.12647574879822998 -2082.419959818213 1412.4175013219317 8434.129871987261
IMG_20130302_150051.jpg -0.2593027745210529 0.19950677183657214 0.9448221771390832 0.016436931076003056 548.8653782634102 -270.28877832431897 -402.3764452461726
2011-10-13_14-43-36_947.jpg -0.19203143087286903 -0.6804628510631565 0.13000309078804143 0.6951211651686885 -127.78193075400874 350.6515396885047 760.4553570337289
IMG_20140520_182632.jpg 0.05741558214383567 0.5506658287437111 0.0642732800111014 0.8302647417888471 384.5640539199637 -102.1769536733751 -539.5857245235226
IMG_20140521_134634.jpg 0.9558819908253138 0.0654894384772483 -0.2134225510445792 0.19092293672944 -727.0866466560931 -303.7430077666757 104.82506269066394
2011-10-13_14-43-56_197.jpg -0.00841526628429439 0.2091727193606805 -0.30426621178109703 0.9292997520375241 737.6519585565414 79.41005891100575 -139.5435773383277
2011-10-13_14-44-10_424.jpg 0.7978815818154493 -0.3824385670013837 -0.4541828193192342 -0.10413304232968797 -645.7949988657281 5.880457868913612 103.95193799586107
IMG_20140521_135306.jpg 0.47594285600491776 -0.47812880289972837 0.72392938222034 0.14421336697280013 285.268864232454 488.086471275773 1045.3260594492629
IMG_20140520_182651.jpg 0.4319997550081655 -0.4026420925121533 -0.07818037726002866 0.8032081832388157 -118.96637473949997 -460.6692146463797 3112.9485598450347
IMG_20140521_134654.jpg 0.8069720009034532 -0.1844444029029384 -0.4536016114542971 0.330184842295525 -185.76242096843637 -613.6241305151714 -308.6008984352385
2011-10-13_14-44-28_463.jpg 0.2959323318654499 -0.25041546929824077 0.47038222179696676 0.7927526178513497 518.2961519099455 -35.80552272715249 581.5538629220628
IMG_20140520_182733.jpg -0.005610319565647779 -0.024381398112386595 0.12317199046399639 0.9920699231937201 678.1714987441901 50.276788970479096 183.76454845117962
2011-10-13_15-22-43_375.jpg 0.026206761500620478 0.8860297256153288 -0.3215603025380928 -0.33296171372889855 -416.66793856265565 477.30402839997447 505.90942297845277
IMG_20130210_165337.jpg 0.7805655433537617 -0.07750539887303685 0.551913955739394 -0.28302178561812746 -203.91327039279827 358.905811399212 711.6391369639135
2012-02-04_14-27-51_236.jpg -0.4405618438685815 -0.41606958562309204 0.4242629417802229 0.6728984454422045 222.67533455197042 740.2833634556233 281.1498878294824
IMG_20140521_135000.jpg -0.16881370548907734 0.725342927385387 0.5319514460348073 -0.40299780345868175 11.695308844729897 -594.8856023466194 449.8115074228377
IMG_20140520_182759.jpg 0.579076299083563 0.24131973630124484 -0.7405011258456676 -0.24102594742575045 -28.657071858862775 407.3926987557152 -411.8307721840483
IMG_20140521_134740.jpg 0.39106406927963666 0.3130105699569434 0.7338210934123274 0.45891162512712375 310.24005779173666 -561.8732671000004 643.4292513387105
2011-10-13_15-22-55_274.jpg 0.6481166552450933 -0.47145779972820734 -0.5608450481465237 -0.2076660209058624 -201.1069772968324 -174.70870309239686 -590.8940597020838
IMG_20140521_135007.jpg -0.42962890698059536 -0.5496090333892387 0.5589007149281157 -0.44830670701702313 0.9244853833350397 154.70571494486677 -630.8409193991006
2011-10-15_14-27-34_559.jpg -0.014466505107015358 -0.24782108748665213 0.11469904049144952 0.9618833395673628 527.6090103621846 92.18188154044505 459.96192078069
IMG_20140520_182803.jpg 0.868091851416665 0.48305989689706 0.10930005891152905 0.033513738014803264 -666.8425563687204 -255.97314306162613 218.06104778194063
IMG_20140521_135018.jpg -0.35363992179061293 0.6718005487625714 0.23937658169251208 -0.6052451408606649 -100.35867698746628 -548.7915752258834 520.3219476203576
IMG_20140521_135701.jpg -0.42125121709752583 0.2133860141090238 0.8608587106985558 0.18956819693961455 271.13073006102366 -59.80802999854655 -646.7330542040226
IMG_20140520_182826.jpg 0.40659724756131715 -0.23441983396718202 0.8811472886054577 -0.057493264836939006 539.0305640940194 320.15328305408303 495.75822671442853
2011-10-13_15-23-34_531.jpg 0.16068090567192744 0.8568881100132074 -0.46699619150579447 0.14778014274430187 -391.8862479931361 558.2225987391216 -280.1462363786509
IMG_20140521_135034.jpg -0.34866728235147315 0.16511212585848298 0.2456891079415176 0.8892727221449176 493.1499116098785 418.841131620477 -224.3992945720117
IMG_20140520_211430.jpg -0.046117106550449344 0.6055383973385136 0.7861323232821339 -0.1148583132522585 150.10150438268138 -715.0180342971836 -1.2501913758939156
IMG_20140520_182834.jpg 0.07935143780584106 0.8357033981587568 -0.049232723456216654 -0.5411832578389099 -460.5630592487273 108.11601573460688 583.4860831122243
IMG_20140521_134810.jpg 0.1343465217882187 0.9822844708224607 -0.0665005646227943 0.11245401446500496 -703.9398768296837 81.59903051735571 -62.093540841750055
2011-10-13_15-23-45_574.jpg 0.8091805381915608 -0.28975470753357513 0.34322665976028155 0.3787671132819591 -267.66127447831605 -73.38952321420668 1689.1267671111182
