IMG_20161227_172439.jpg 0.07908983942163461 0.9822521098995459 0.008787155559695647 0.1698480962369622 -585.1095105334255 -52.80979661235623 -367.3351709935509
IMG_20161227_172448.jpg 0.11481211960695915 0.5573314255762278 0.15810121719677955 0.8069720344456948 384.4935011334773 -224.91349423234735 -534.5255714238757
IMG_20161227_172456.jpg 0.02514496329136286 0.8239356058823355 0.012046885901521875 0.5659971031025343 -97.54425726910546 -37.033484863504285 -692.8685963764601
IMG_20161227_172504.jpg -0.010694434667537063 -0.06519545465344384 0.1288354962791947 0.9894627818458694 658.2362757120063 66.36065854099472 237.93472598313423
IMG_20161227_172513.jpg 0.09229546418681242 0.9949290349571099 -0.0025519797447550057 0.03989047617211001 -675.6495788218308 -31.113648808640804 -213.26482768598464
IMG_20161227_172517.jpg 0.12225432695823207 0.8894849616494138 -0.06058451712692517 -0.4361191337513499 -550.0047449862519 121.64282545769586 430.16737828175275
IMG_20161227_172529.jpg 0.09029875507508284 0.49269159353647685 0.17193490338308748 0.8482567521034101 491.33557124229554 -190.0852638228673 -482.935746790493
IMG_20161227_172558.jpg 0.11444725429427559 0.9889340302695313 -0.003896666253434185 0.09431927560935192 -669.7014342927278 -54.26388629668523 -317.907363429608
IMG_20161227_172604.jpg 0.13065128557169817 0.7079526246817799 -0.12066149100193252 -0.6835013733518256 -217.72623288514356 246.33263699043005 666.2811794261348
IMG_20161227_172616.jpg 0.1436772401233249 0.8046100564897083 -0.0892366891814507 -0.5692067471227892 -426.2485136069112 196.9971931624509 586.2008991787546
IMG_20161227_172620.jpg 0.13113324689472067 0.9804285828698787 -0.02534706659719614 -0.14464228864867476 -750.9077753298028 14.306079688659795 22.036656210739324
IMG_20161227_172626.jpg 0.06512343068974277 0.7155229117981738 0.06679148433260196 0.6923328672594623 169.8504400905153 -136.2487032057638 -721.0313710791232
IMG_20161227_172633.jpg 0.009774647904468536 -0.015336920249659606 0.157471935567391 0.987355976659006 723.3755437190212 48.706334071626735 207.03520534524512
IMG_20161227_172651.jpg 0.04660100514185243 0.41402723782034134 0.11096327991822114 0.9022732087191876 619.3621180238773 -101.60906582886814 -431.18339258376596
IMG_20161227_172658.jpg -0.08485467690725677 -0.690413013090579 0.08889577654509571 0.7129004811855565 -156.4272144551019 181.28957069034365 721.6773218110982
IMG_20161227_172703.jpg -0.05972711340390375 -0.3978655975939852 0.13414383456090045 0.905616403244175 367.27602954011667 193.41426304714497 637.3417853981119
IMG_20161227_172723.jpg 0.08702162333193411 0.5273062514445376 0.11405714923836159 0.8374761614325531 471.9435577558595 -184.27591583302245 -580.5439514459482
IMG_20161227_172730.jpg -0.07858477626122548 -0.4135741697258655 0.20503492699207745 0.8835957886889727 361.98868021184285 280.9634312109568 621.1895047475255
IMG_20161227_172739.jpg 0.06422158054045667 0.7963209592350923 -0.059250373724589994 -0.5985297918143132 -368.788660526351 123.59145703559803 667.6636996702412
IMG_20161227_172754.jpg -0.035252575933743174 -0.12018363452222441 0.17244692356284932 0.9770236478390746 696.0054376394882 133.1637857787304 308.6647911342167
IMG_20161227_172811.jpg 0.0023446446981957164 0.26077725507946453 0.039175432450279046 0.9646009596547127 728.2826053757971 -10.035625932484752 -261.1795885225494
IMG_20161227_172831.jpg 0.12353397316550126 0.7934412037424347 0.06274272868706077 0.5926666547686007 -102.02847677669352 -206.1625500687852 -741.085324727179
IMG_20161227_172836.jpg 0.18684695376985216 0.9498096779553894 0.027640215800667674 0.24937082828530588 -608.7555536944691 -156.86030473061024 -454.9869859283939
IMG_20161227_172901.jpg 0.1698638189145188 0.8623654762520677 -0.08692537344590408 -0.46895207414362816 -506.7092058163547 210.20426126560687 544.3937156190101
IMG_20161227_172905.jpg 0.16390028549539795 0.9848841814185683 0.00767661252998485 0.05550599270411633 -749.1311844196749 -63.998784153725225 -181.00390288732936
IMG_20161227_173025.jpg -0.13474250624259526 -0.6315510694453753 0.1377242889379806 0.7510124658954704 120.25033957972802 283.69182740482574 708.8376493518001
IMG_20161227_173032.jpg 0.07187645785202702 0.4916212310401854 0.11743315784837814 0.8598556817483594 397.45475882806363 -191.9969622578223 -635.3741024476404
IMG_20161227_173116.jpg 0.06198698812116378 0.8337071629191152 -0.051411029428806376 -0.546302924991344 -323.8067979275125 106.44760557762837 661.2430966096724
IMG_20161227_173123.jpg -0.033759697268075484 -0.27354503035283395 0.1594479017270939 0.9479502971382321 610.9600624258246 114.9798809078126 402.98015315223944
IMG_20161227_173132.jpg 0.10566293059181697 0.9934115258213488 -0.013451223184137854 -0.042284158486361474 -736.0795235895613 13.185677096770858 28.104162667345744
IMG_20161227_173137.jpg 0.13505677611562739 0.8289709503777719 0.07699763298479849 0.5372505888035533 -272.1507276597955 -211.3893165841784 -651.4603725116369
IMG_20161227_173141.jpg 0.09996295964243457 0.855667083464475 -0.0678054360143761 -0.5032332181223975 -385.6060210884972 149.93297548046107 608.8086265450988
IMG_20161227_173158.jpg 0.11355213505990315 0.9932969445287688 -0.009434500939090758 -0.019444351498053025 -731.421209614559 0.08166269423971717 -22.462648865583173
IMG_20161227_173202.jpg 0.08337548335697613 0.9477403503811809 0.017246540108592123 0.30747246037430787 -561.6106514718474 -74.38470049443924 -464.2713996597872
IMG_20161227_173206.jpg 0.07701432356143387 0.5076771366545377 0.10815036844991248 0.8512556705765743 390.2452467707479 -175.8137663953704 -594.0281050041585
IMG_20161227_173209.jpg -0.0034403074067408733 0.03052898666530154 0.14865788071707475 0.9884113413750599 731.9873161506631 8.125738290701433 5.418346100976286
IMG_20161227_173326.jpg 0.0272864139617698 0.05670205064061065 0.1583792376429948 0.9853711717672076 788.0235712130916 -72.04760673764837 -101.20254634934412
IMG_20161227_190424.jpg 0.20174106711864095 0.9038242245657696 -0.07329669970199999 -0.3701755080211441 -527.9123385506886 226.31761138912879 530.4635509405871
IMG_20161227_190941.jpg 0.21261462185213556 0.5994699443921121 0.2249804118772021 0.7381155889268002 274.5143534986656 -386.01248222912756 -512.2065261889213
IMG_20161227_190948.jpg 0.08087040993566758 0.9953862174873841 -0.015357400857989622 0.04929913865253513 -665.2994239074961 -8.213022449098665 -214.69937754901068
IMG_20161227_190953.jpg 0.04531120735784928 0.8116855692622204 0.017258647934216446 0.5820786632498413 -80.27323099727236 -62.670786372949976 -692.7058058272344
IMG_20161227_191024.jpg 0.20029155367919743 0.7469663819832605 0.13400441658484208 0.6196509776054313 -15.666665645945518 -333.1434678553021 -631.9855148487375
IMG_20161227_191029.jpg 0.05103877884314061 0.5476418179144997 0.05988284256987481 0.8330051185264437 392.70956354097035 -101.77944527313709 -588.525727927278
IMG_20161227_191046.jpg 0.19826678428108366 0.8276338825100982 0.11401708248693027 0.5125549177144516 -215.68331971644741 -305.03643408562243 -617.2381020140613
IMG_20161227_191052.jpg 0.3324684211166538 0.9429553062347142 -0.008276751893363361 -0.015216267022213136 -715.4346338610601 -55.659203268180434 -72.98835663597501
IMG_20161227_191109.jpg 0.005447377173271544 0.17567786354058845 0.0712486427681808 0.9818509282204904 713.3474991779299 -14.231458550959335 -145.77955191566815
IMG_20161227_191118.jpg 0.0488860677962225 0.572604450823924 0.05090793010763393 0.8167880250861984 346.80075828841296 -101.15689951306993 -638.3678177825408
IMG_20161227_191129.jpg 0.33255434637012776 0.9379049743292928 -0.0315680743492613 -0.09351642914796203 -731.2993333190436 21.023202626554866 35.20874612152195
IMG_20161227_191143.jpg 0.29734784905905215 0.943900525990596 -0.0028816123735606325 0.1436236401319825 -676.7278817423294 -119.4644732589152 -278.19849849044044
IMG_20161227_191152.jpg 0.016600450016106747 0.3088063984010183 0.06277303964188324 0.9489059905280252 653.8944997209791 -44.56687696261025 -347.0516253160399
IMG_20161227_191156.jpg 0.0016356479359574368 0.02110658518013674 0.08136089354188676 0.9964598545450433 738.2427196521961 7.4969178210753205 69.63872825495059
IMG_20161227_191215.jpg 0.24354372526125181 0.9068752503316667 -0.0851825159457638 -0.33317814033771576 -642.3068852057633 192.15141789500453 351.45531393018655
IMG_20161227_191228.jpg 0.17328282292109 0.9403123970286045 -0.04352258846646939 -0.2896401967407096 -686.9807818629127 101.62271672340962 318.45821387150886
IMG_20161227_191239.jpg 0.1363469588936209 0.9570019649508092 0.014138555752705464 0.25564985257570244 -607.114007769681 -105.27541471128201 -459.73341414069404
IMG_20161227_191254.jpg 0.09537058810896017 0.8985146989034345 -0.0299859600028804 -0.42740686585609244 -560.0995754682453 82.53150687838159 508.8313543571776
IMG_20161227_191326.jpg 0.08161296407248562 0.5632590207881767 0.06410905828861599 0.8197369262399944 340.6163425988829 -155.69150204230309 -644.0659063640619
IMG_20161227_191341.jpg -0.042119281138046846 -0.3466165723892762 0.10988316336832538 0.930595835102271 507.93617302954993 121.74442199224339 521.9255303698319
IMG_20161227_191347.jpg -0.003175181252210021 -0.036171738482600586 0.11067327193495219 0.9931933097027859 727.7414419635818 21.84620911995855 124.12315809387891
IMG_20161227_191355.jpg 0.041926151028714505 0.32833066802652766 0.0706413371013687 0.9409840443842303 614.6028083417829 -89.04003366679622 -392.37869632732895
IMG_20161227_191402.jpg 0.206459736179557 0.9778622918378502 -0.007301937275055293 0.03326255026792786 -724.880865145892 -32.438464970043285 -111.93160651853849
IMG_20161227_191414.jpg 0.11638359765507664 0.9921097439197123 -0.00854020359927274 -0.04582771147359243 -728.8881554397921 -0.5842024275451652 -2.701915850914708
IMG_20161227_191422.jpg 0.03907428116705404 0.26326982591723025 0.10203920877931204 0.9585145795367339 655.6806271225973 -85.52629925216931 -299.9784745040982
IMG_20161227_191533.jpg 0.03433408825797653 0.38731187484410057 0.04612043168496865 0.9201541108800383 480.347591198778 -64.40362874050652 -423.58926236091514
IMG_20161227_191546.jpg 0.05580370451460363 0.9082532540548306 0.013266847684446427 0.4144707032032247 -393.1649991909121 -52.353329023918086 -506.1753566934607
IMG_20161227_191555.jpg 0.09884560761629937 0.577178998534898 0.11251579785006004 0.8027665568142347 231.72159988251764 -187.4506512065288 -570.8421040617754
IMG_20161227_191611.jpg 0.05041674914149938 0.4948799918870983 0.06958028220456605 0.8647025669929295 338.31357965869364 -104.52385924595329 -540.2662143493826
IMG_20161227_191631.jpg 0.0059596077864105335 0.07055655377748507 0.05768131168214853 0.9958208283003042 646.5804271265579 -19.091546873057027 -93.47838468485998
IMG_20161227_191640.jpg 0.10834852626039769 0.6756871276226976 0.10110540259280895 0.7221393217300487 35.81959740468482 -198.53844429165727 -626.5588125698214
IMG_20161227_191658.jpg 0.046552562162154504 0.54101031568269 0.0543498349830469 0.8379658660818897 252.68766423882417 -94.64714212240156 -587.0912981605481
IMG_20161227_191704.jpg 0.07511343224790361 0.9009141677645787 0.026609997216043207 0.4266187322014336 -419.6715314182774 -76.55404555426821 -484.77944214234014
IMG_20161227_191720.jpg 0.0590820462299068 0.6075958565973099 0.061185006314687145 0.7896790372431951 140.1149375976208 -114.49642905743346 -617.9864370538597
IMG_20161227_191723.jpg 0.10618965628221495 0.8043347626136041 0.07138203464231804 0.5802361171801574 -226.4434884100855 -156.9508974268766 -581.961855841455
IMG_20161227_191752.jpg 0.030802350164114343 0.17500480847641506 0.24008775784966319 0.9543492027372489 620.1050764770973 -103.53729825368382 -215.25212780653675
IMG_20161227_191759.jpg 0.09907127912464263 0.8080165747806392 0.07054959508717969 0.5764692976780346 -224.62183935509245 -157.79819362977798 -608.9095864527677
IMG_20161227_191808.jpg 0.0649533724809567 0.5058418777883793 0.09952160068487048 0.854400670105073 317.0785865596973 -149.82418181634853 -576.3126159493179
IMG_20161227_191819.jpg -0.05107404527914812 -0.43188986575466015 0.10955461696922242 0.8937898923449354 428.1385603019027 118.90258483973507 515.3712916620158
IMG_20161227_191825.jpg 0.12971061043693483 0.9055617727914544 -0.05949791062017198 -0.39949096589373584 -453.77601365656204 138.92774031045224 489.09993399295183
IMG_20161227_191835.jpg 0.2344093647382438 0.6690391958446343 0.21901907987682376 0.6704248256117074 -12.215011445980663 -423.7589983292769 -543.049152845333
IMG_20161227_191843.jpg 0.13946878790108339 0.8993554342470337 0.044906464548565145 0.4119364872568106 -464.2306467116476 -140.22367204310632 -495.9582782819044
IMG_20161227_191905.jpg -0.02665249372817456 -0.44489987200421377 0.06443573083374579 0.8928615710515406 426.2944843482534 65.6177008992317 551.9555003941607
IMG_20161227_191920.jpg 0.1517124191947951 0.9140682126956776 0.044836716628833845 0.37343314427530067 -515.1707781756703 -140.4393054648262 -457.6515148724356
IMG_20161227_191954.jpg 0.03304977866124501 0.4359162398587331 0.08387134503725154 0.8954609658938292 413.42753918573425 -104.69430281639657 -566.6922238098258
IMG_20161227_192015.jpg 0.3037089115660087 0.9441945868058467 0.011055871962585338 0.1270245920169539 -701.658249537946 -52.18714544209722 -129.88106163998654
IMG_20161227_192026.jpg 0.08596573408994031 0.9034024632455591 -0.033508568922179696 -0.41874939734048744 -433.269051889825 93.07718779408212 567.1184227158705
IMG_20161227_192030.jpg 0.06490810796125078 0.7272816777686475 -0.047859967470472844 -0.68158471389596 -5.856164203290969 107.30570460074736 711.4124641114773
IMG_20161227_192112.jpg 0.128272634638392 0.6732766117440566 0.11880565361751551 0.7184218481852315 -9.386749618073276 -266.2524893570491 -706.0115095523103
IMG_20161227_192139.jpg 0.2808253706735554 0.9396278975662391 -0.0758527684422429 -0.18023008300768859 -697.9659770248031 205.53933019471577 269.9429861430209
IMG_20161227_192148.jpg 0.08079843466464284 0.5090920759087909 0.14015388927087638 0.8453719645959806 326.8963766297729 -231.59182894713135 -668.8329120439342
IMG_20161227_192153.jpg -0.04470678922949215 -0.3555375020901678 0.12727996604214903 0.9248752336659161 606.9652818815383 118.29060935907653 474.008741680667
IMG_20161227_192201.jpg 0.23586697848861793 0.9008563744564224 -0.10835232896425945 -0.3479717429158589 -542.8179999918087 287.78537083943985 479.62375410606677
IMG_20161227_192213.jpg 0.22923954164759022 0.8963102387277236 -0.09430658375535797 -0.36767302968459215 -526.657654458686 271.31154279882196 511.46345153901524
IMG_20161227_192220.jpg 0.09922386081366923 0.6140965508198117 0.11851434864146891 0.7739472855967187 136.1004095878819 -244.2154704627887 -731.9863590718086
IMG_20161227_192300.jpg 0.19404292197738218 0.8246128132868835 -0.14047629137321996 -0.5124719154798608 -264.4649085279968 322.3164017872013 613.1281920089302
IMG_20161227_192304.jpg 0.2981599315538406 0.9542655361640239 -0.020562145370503142 0.007425623418978915 -738.6604626414854 55.30738694294831 36.65886742094084
IMG_20161227_192316.jpg 0.18747352508900234 0.9434034389914125 -0.11598540867645973 -0.24777210025350643 -725.6251947198792 163.63112959971093 151.1585915209508
IMG_20161227_192330.jpg 0.11080063182188996 0.5771378252453291 0.12223689191399831 0.7998082850997279 159.76547546990625 -238.82884947478547 -656.6087449379522
IMG_20161227_192344.jpg 0.11423524758406406 0.9385404259352439 -0.038677838172987776 -0.32341336077682764 -513.6991207635255 109.20681025905536 478.23227467046047
IMG_20161227_192354.jpg 0.22605187795759027 0.9126468893036742 0.0424463726814668 0.3378971875620744 -592.3611421228775 -143.45347875508136 -374.1472106859196
IMG_20140520_182846.jpg 0.003468024551537464 0.03485433406708967 0.13228479312684438 0.9905926921342787 736.0523123396576 33.0980924472407 117.31358211410934
IMG_20140520_211432.jpg 0.001216512468072896 -0.05539468996547835 0.09436123794941517 0.9939949221166565 696.0023183347988 43.0018043173135 277.05902814190637
IMG_20140521_135037.jpg 0.07700775960429622 0.818870060282058 0.05960285825181519 0.5656581375907184 -244.7073488541543 -130.77831564133834 -615.9566923798496
IMG_20140521_135047.jpg 0.11189693422487541 0.891028347116112 -0.0526799646944534 -0.43677497875495713 -406.4552569625293 123.52782797277904 520.1746679558286
IMG_20140521_134943.jpg -0.040089590854245336 -0.6467721754434885 0.05498458744094646 0.7596415423877142 124.18969152028411 85.15575666565304 687.2778748232073
IMG_20140521_135321.jpg 0.060451222507732855 0.5495730856050535 0.07643077121353106 0.8297429785708137 233.15666307597354 -125.71975203734907 -588.0863357790379
IMG_20140521_135225.jpg 0.06544497056971087 0.494043028081975 0.10174189380165509 0.8609802722922144 343.584766173162 -138.86960820492328 -526.5484802907808
IMG_20140520_211801.jpg 0.01634490926762139 0.27137881619636167 0.09343540151956285 0.957787141176876 728.6597140123799 -32.84110539211142 -244.51340728781324
2011-12-17_14-28-15_257.jpg 0.06096751503443454 0.8440151254059446 0.02763159232149672 0.5321258547583385 -284.9416776238707 -75.52572924358239 -565.3286953684917
IMG_20140520_182958.jpg 0.0033010678275856797 0.1593309621170228 0.030455781081877818 0.986749812698616 756.3354544323056 -1.2885235252086746 -45.88539133265706
IMG_20140521_135040.jpg 0.04689190970205506 0.43934902024016503 0.08773586730034678 0.8927911316806172 406.16735591313295 -115.83192341368046 -527.3410661331337
IMG_20140521_134826.jpg 0.03185062870843957 0.6339053038510457 0.05241662364062795 0.7709747731064277 97.9948807677626 -91.52131072865386 -702.2960225298252
IMG_20140520_183007.jpg 0.01110916289396878 0.37995170715365556 0.032572385199227054 0.9243659050685779 657.8368089356196 -23.804433826433552 -376.0125936220637
IMG_20140520_182943.jpg -0.013076775344797505 -0.18245254700708646 0.08653428967531565 0.9793119435336205 614.0189536188135 72.94337088640988 438.4674038838567
IMG_20140520_211910.jpg 0.008354534817258239 0.3681370481028407 0.011188049224387228 0.9296666838801242 650.6238653106188 -18.052985251322934 -423.1584607804577
IMG_20140521_135650.jpg 0.09361713916091059 0.9905403025248856 -0.007766677795204164 0.10002709155653651 -754.8092556763178 -0.4429082140013213 -98.95635233924098
2011-10-13_15-24-05_816.jpg 0.11405282670795092 0.280215502536403 0.16603659473420962 0.9385643686328957 628.8654210434189 -219.6924739385336 -319.8712665307164
2011-12-17_14-29-11_706.jpg 0.09712410475419606 0.8185003156135373 0.030942032193370984 0.5653907783648232 -299.92700161850786 -109.69644887902274 -607.7406236823175
IMG_20140521_134821.jpg 0.20104228162901636 0.8520117722103354 0.08622122312277933 0.47562994196708736 -415.3395224004858 -237.14522480094956 -531.2738667400895
IMG_20140520_211723.jpg -0.05803167235477556 -0.6805577989298551 0.05026494770831331 0.7286609927472034 -134.5499398316968 110.85047159718054 739.6674808777335
2011-12-17_15-01-35_152.jpg -0.08430174305646675 -0.6608009914185184 0.10808286408784352 0.7379385884668956 50.937248393752434 191.61942693503374 708.0588287581909
IMG_20140520_182904.jpg 0.02374057069879013 0.4830892853234531 0.05409870121739927 0.8735756740175182 540.0615493623856 -56.45717017793957 -521.6773856142249
IMG_20140520_182849.jpg -0.03455999290816117 -0.32669603171457695 0.07951594790556067 0.9411442630015954 461.6380789766751 106.3517874662976 576.2789036109709
IMG_20140521_134925.jpg 0.11389391633949157 0.9843096847147329 -0.011725580056159623 -0.13425770432263037 -678.219302298252 36.32419142326523 209.8144666335231
2011-12-17_14-50-43_241.jpg 0.24180049409801935 0.9551316449695197 -0.04808224222121243 -0.1641467630346516 -673.6309567798423 142.0142175668032 259.5678180175371
IMG_20140521_134908.jpg 0.38637903153622827 0.8923411619525057 0.06886846520205199 0.22292516496594172 -643.070617893613 -188.29749120676834 -215.38231012710833
IMG_20140521_135013.jpg 0.2651090489768724 0.6292446109003286 0.2715117072973333 0.6782697137599165 39.88187197565322 -488.08752939763923 -484.2642131808861
2011-12-29_15-31-46_760.jpg 0.036479059763723475 0.3388842280484638 0.09176443898588509 0.9356313621915193 694.0760750045891 -72.84782496477517 -340.790118819526
IMG_20130302_145312.jpg 0.014099089661145453 0.7361779417831269 0.006580127269352164 0.676609160171369 103.81824920628335 -22.312574885135767 -711.1112384504902
IMG_20140520_183040.jpg 0.12270211118513577 0.9472510172426584 -0.05186157898519218 -0.29149627590866756 -714.0459482662802 81.51371229494414 230.71423011252602
2011-12-17_14-53-09_639.jpg 0.09356725668596219 0.85260522532407 -0.061703667911655394 -0.5103941179055682 -328.72586783845276 153.82477479479854 695.9061237075803
2011-12-17_14-53-55_436.jpg 0.10263659168654614 0.9702682181234746 -0.036249572435882865 -0.21617419699095028 -708.6413984881358 88.04669368227457 352.8714944583413
IMG_20140521_134950.jpg 0.2399394323428178 0.8715586498591671 0.09810265730097213 0.4161615759451617 -452.0447185814197 -261.4310298814543 -464.132279262188
2011-12-17_14-50-59_577.jpg 0.14165473925928354 0.9812060263951105 -0.009791759490467941 0.13066288706967832 -728.6462811836586 -3.6564590249574094 -132.70415144974777
2011-10-13_15-26-30_438.jpg 0.0331524728711306 0.294448511567685 0.013172331826784673 0.9550012969898781 542.394599657782 -49.58124496132296 -338.15037547976505
IMG_20140520_182925.jpg 0.0545925982443794 0.7355195798780768 -0.04874750395151641 -0.6735386230138553 -246.65893814775427 103.09382025728344 706.5629476702651
2011-12-17_15-02-30_957.jpg 0.004430005238375798 0.012742972910139403 0.08145916319915557 0.9965853683583222 729.1990586463589 -4.02492981190042 37.703047469074505
2011-12-17_14-55-12_175.jpg 0.21195036398052075 0.9392159096060898 0.014569491768205477 0.26970029340166857 -685.873229792143 -108.64122501894168 -370.5422755064793
2012-02-11_15-54-04_6.jpg 0.20378503404059398 0.9331836494186655 -0.048783067695249475 -0.2919934051737735 -690.6569774586284 121.55139896277261 329.60836603935405
2011-10-13_15-28-19_661.jpg 0.09361857249517357 0.6303375903617338 0.0536030668934051 0.7687891754444452 267.9370973220865 -144.56339240801384 -604.7373097056957
IMG_20130210_165919.jpg 0.09495567519075657 0.5326308363521911 0.06262086267126542 0.838669445892802 406.21053464892634 -169.03851698981495 -609.3342044590469
IMG_20140521_134324.jpg 0.05967704241935169 0.9180400227136265 -0.023121535255534897 -0.3912883360278836 -531.3155018452666 58.910536900783164 537.3355523947611
2012-02-11_15-05-20_118.jpg 0.03819464914095024 0.1454919878903661 0.04937085962480641 0.987388357464588 769.6237425822042 -56.62148221140176 -74.33970537948237
2011-10-13_15-26-38_609.jpg 0.13058765532400007 0.7288876559448577 0.0707359713028017 0.6683308100424818 -35.86236888682458 -184.59492007196735 -613.735740044592
IMG_20140520_211951.jpg 0.005093588998339805 -0.11921399273576665 0.07866422441917083 0.9897343174224297 716.8580933727069 23.456823595429004 302.3137161194942
IMG_20140520_183030.jpg -8.058110397627031e-05 -0.022640049248919616 0.12310580930843942 0.9921352636567289 717.4190774708507 52.575303879797445 227.9279664151624
2011-10-01_14-36-23_370.jpg 0.02744035476454603 -0.08626654321871517 0.20490039053027642 0.9745875745216686 655.5998182994788 -19.90985825002238 116.45952100673973
2011-10-13_15-24-55_789.jpg 0.0476377796135413 0.17450157096433455 0.06935996936578158 0.9810550638644345 698.8456197000054 -81.46653491186025 -175.94129875457122
2012-02-11_16-05-30_275.jpg 0.13854870979844114 0.8800655293081214 -0.08741928766412695 -0.44569808983335313 -556.5889640958536 166.32603380908904 437.69794544832826
IMG_20140520_183033.jpg -0.019616062065049063 -0.24741728870469534 0.07279154577976099 0.9659716798240363 541.1526580505752 78.97980617165224 520.1304837662105
2011-12-17_15-02-21_722.jpg 0.0876850647391821 0.44253964961313835 0.10049150473037585 0.8867758710175817 476.5166967121761 -177.58342407832893 -524.5436973412106
IMG_20140520_183130.jpg -0.019699180852118955 -0.21455725397438338 0.05876684275187642 0.974742830306386 583.8807793461715 70.13824450183756 507.11357608717907
IMG_20130210_165751.jpg 0.03135883632228581 0.5681836874344562 0.02325277271007482 0.8219751999173637 201.49943527826971 -56.782696752580115 -612.7485736220063
IMG_20140520_211943.jpg 0.008993554024551112 0.45324201256250785 0.021173031201310272 0.8910906220940957 556.1129192330905 -25.872151308647307 -544.4994785199679
IMG_20140520_183020.jpg -0.08571260959045439 -0.6941914779002735 0.07707422683310398 0.7105006010735722 -182.42887798977318 164.00588703647276 715.0525367439521
IMG_20130302_145337.jpg 0.12142797085978978 0.4696652885480108 0.23081292611811058 0.8434424448430276 498.2923234272508 -249.8235495424494 -441.0097727144386
2011-12-17_14-53-47_244.jpg 0.0646079180459011 0.9722052115982054 -0.07089863200787495 -0.21357955765118158 -705.6686235310538 126.52646549779837 349.33896250122626
2011-12-17_14-54-02_921.jpg 0.07103259440983842 0.701153010982903 -0.08982067600146286 -0.7037549800062919 30.531373550767054 171.08892333539316 776.3548582303475
IMG_20140521_135837.jpg -0.06125758764103339 -0.6632085640454718 0.07275765358813158 0.7423666428238094 127.67673089645486 139.77402672465013 771.9249186970645
IMG_20161227_160049.jpg -0.09246075024223226 -0.6783622278565378 0.09753481164395214 0.722331404550389 -149.5075948341463 195.19305970754672 710.6892257579094
IMG_20161227_160059.jpg 0.015347695047379994 -0.005032595927983102 0.18010232523819464 0.9835152635718237 724.6659460648873 47.15791284863368 192.1416349750253
IMG_20161227_160208.jpg -0.06320937525167851 -0.6452446685745598 0.08803186823583987 0.7562501456074613 -40.22616081795516 169.07465322693844 767.831444906806
IMG_20161227_160401.jpg -0.00372391839598007 -0.05470720867604212 0.14750963689527724 0.9875394477050925 727.8831601528335 34.267568244957 150.98107619009969
IMG_20161227_160415.jpg 0.16022500510855395 0.9819597690523095 -0.016126082453285718 -0.09911059058147445 -739.4669311541198 20.453894897931175 76.95850449450779
IMG_20161227_160457.jpg 0.09211846540999105 0.6523766725154408 0.08075488476891271 0.7479288161811585 139.62198909236048 -181.8774301519291 -689.7335273914063
IMG_20161227_160507.jpg -0.008462330726657356 -0.032484220878161045 0.17213477538651226 0.9845012866701834 720.4889826306676 29.81457942328219 87.64528026173636
IMG_20130210_165237.jpg 0.024869768796318234 0.5687871924519725 0.02447459321749517 0.8217442537611434 213.28067320701288 -57.70328242339988 -688.6175539319116
IMG_20130210_165320.jpg -0.019190022170666773 0.9732757793718093 -0.007522928642783566 0.22871249612105002 -647.3662803808276 8.311891584274283 -290.25674534178603
IMG_20130210_165400.jpg -0.04972887801840809 -0.5738256631851351 0.05602348409340553 0.815544306700259 246.93885952233245 94.25767337886377 649.376480505532
IMG_20140521_133240.jpg 0.05897309632208972 0.9462884974889244 0.019992567958188077 0.3172704692478915 -467.3752198473149 -74.5675579456296 -586.9856038771079
2012-02-18_13-08-53_664.jpg 0.16829855389156845 0.9730623088470773 -0.05393343901756027 -0.1480423048150109 -684.7326341597526 125.90781624951653 255.93441676059783
IMG_20140521_135713.jpg 0.04653831395662208 0.18001867701624766 0.1917374511015721 0.9636722529493449 700.4147257281567 -146.83979791496813 -292.84444254307425
IMG_20130210_165902.jpg 0.10505908865563224 0.9880712862213608 -0.010576657858698883 -0.11209752693192358 -646.9333382104389 34.91900189485503 205.58508940581976
IMG_20130210_170019.jpg 0.18493252169288954 0.978125470151046 -0.03538728780928764 -0.08842096427662156 -714.7894797657605 89.80273942828264 176.90930372581127
IMG_20140520_183116.jpg -0.020951979249188735 -0.6377960738705595 0.046919963274436025 0.7684892320437336 -75.08678208565208 77.54317798581893 768.02853118353
IMG_20140520_183109.jpg 0.043894947066920466 0.4832867000884575 0.05948749456516359 0.8723350486653397 577.8507423869715 -87.32643997042473 -509.6257633208832
IMG_20140521_134750.jpg 0.35900990838166724 0.9017363688672406 0.05915592767166385 0.23341804336257993 -662.318350440109 -178.85743087790064 -243.3138556137262
IMG_20140521_134922.jpg -0.050693054746247135 0.9294440210777485 -0.019506725083225148 0.364943164835083 -537.0751782132785 42.71202054310568 -463.7908263932366
IMG_20130210_164118.jpg 0.2778206112506239 0.9478220379320452 -0.03347385648671459 -0.1527370069975891 -746.3114295487762 51.78504805886971 118.17133306998787
IMG_20140521_134126.jpg 0.050333354474898694 0.2637976320568378 0.14098883436242088 0.952890083552996 651.2007183610622 -122.43600653759054 -328.04323478198774
IMG_20130210_165428.jpg 0.2583294344259441 0.6920441104556299 0.20746901075916974 0.6413247711319592 -73.40028741729664 -430.83883106238966 -533.2175523225029
2012-01-28_14-40-22_205.jpg -0.0418006710596916 -0.6721122594406284 0.07492964162808154 0.7354613269330068 -118.24273806071557 128.2708263975477 734.5393549504743
IMG_20130210_164129.jpg 0.3870647472253928 0.8943060198070389 0.0486153566297652 0.21916699453155666 -620.0923324657573 -267.5772125908261 -328.36365580881437
IMG_20140521_135601.jpg 0.21434532951169205 0.9116912732622319 0.04008751571861467 0.348235686077009 -589.2457817072388 -143.5289585978181 -398.4962787115006
IMG_20130210_164053.jpg 0.001452395454381389 0.15921944659862672 0.05445825423681311 0.9857389902594652 758.6276690116895 -7.600667141164654 -135.2342328403385
IMG_20130210_165216.jpg 0.3531323630906228 0.9078919054688908 0.03633656536905264 0.22295622023007203 -671.9774142032747 -142.08362255804337 -243.61247979450147
IMG_20140520_211426.jpg 0.044214424007449966 0.5888080400178114 0.05677662997917305 0.8050630975322874 411.57646215969345 -92.7764702688029 -620.268820798168
IMG_20140520_182639.jpg 0.03194278789670184 0.9793362306391614 -0.007473957490731817 0.1995603808833124 -550.4065004493194 -7.784036234923393 -389.4904594598998
IMG_20130210_165246.jpg 0.044462795678838124 0.9676833818392893 -0.01579667066206575 -0.2477143465940004 -610.4800416374906 33.50696212538313 379.88109241794547
IMG_20130210_165314.jpg 0.407389484309479 0.9044700319209599 0.014165781904647942 0.12556711374393886 -694.5045069695639 -73.72095478243833 -129.0096755116052
IMG_20130210_165344.jpg 0.08513159929172431 0.9784986529520914 0.009796593103244947 0.18760869845651082 -662.7541295772595 -40.52520037721068 -241.3019601964502
IMG_20130210_165420.jpg 0.07069398700666739 0.7783296281077 -0.057083443991428236 -0.6212461916445909 -143.36541042733697 115.79159279339832 668.5189672551437
IMG_20130210_165444.jpg -0.060602451573072334 -0.44849892410958014 0.11081633637490898 0.884813990355219 403.1305483847428 132.43009012885474 525.4254016798432
IMG_20130210_165507.jpg 0.024844120717623604 0.6908735144420536 0.02461774130918397 0.7221291598606777 22.567859301044127 -52.9905762366786 -666.3289697942458
IMG_20130302_145414.jpg 0.35358857452841 0.6306559347009816 0.30870636302856735 0.6180198972647023 100.85494366606812 -584.8769892974382 -389.5607396543672
IMG_20130210_164001.jpg 0.0024509580943357792 0.25979520248746996 0.032136596794356244 0.9651257351844846 737.2514633273514 -13.09936261623268 -285.9717834456396
IMG_20130210_165836.jpg 0.1086953598988164 0.7536211674226289 0.061683406215231266 0.6453182254877876 -156.25254704778584 -157.8202092604799 -629.8153764815495
IMG_20130210_164036.jpg 0.20362442104239148 0.9427839812214925 0.02781280601159485 0.26252982255177204 -600.9411402395292 -167.95231938575589 -459.0187784268286
IMG_20140521_135520.jpg 0.15802444856921577 0.8308891826913416 0.07339921356403371 0.5284543454160359 -363.2263981307897 -197.49290885800391 -571.107714299055
IMG_20130210_164048.jpg -0.003831787213147236 0.1322454390190551 0.05352825615366468 0.9897631974662213 765.0001981835359 2.860265482237163 -93.96772726452828
IMG_20130210_164100.jpg 0.18286952689368327 0.8574709644347227 -0.11796335502817114 -0.46624771115316443 -499.7244081503409 257.2642086814773 521.3430480118149
IMG_20130210_164110.jpg 0.08731869296741654 0.7439674951724433 0.05837556822190704 0.6599091642188881 15.233944857340775 -161.98942892220344 -744.2078693763093
2011-12-17_14-53-36_335.jpg -0.13732966587246914 -0.5495467979182004 -0.12465292030299696 0.8146167990099048 296.1764818611101 69.11145586295724 740.5266548540061
IMG_20130210_164155.jpg 0.0013031651225837591 0.3016962148810439 0.052833192971863015 0.9519382067169658 672.8167839466518 -15.471005992824965 -329.82748010015473
IMG_20140521_135611.jpg 0.09693713296742443 0.6547679104671227 0.10638234355698332 0.7420006554268654 27.17545973441116 -216.47282603097327 -700.3126878055309
2012-02-11_16-06-24_189.jpg 0.08185004385852479 0.9964228316874688 -0.018676004768394705 0.009660106530188966 -684.7619762341019 -0.9701000245325716 -171.2913871454144
IMG_20130210_163939.jpg 0.06030429186022908 0.649441070546732 0.04842435677379441 0.7564686179488184 240.44392079992537 -121.55126792839108 -730.1290774328206
IMG_20140520_211815.jpg 0.0787801825839813 0.9757071842281776 0.010840482660834832 0.20413636964841828 -623.1368509765181 -65.48409332607847 -448.9287235548027
2012-02-11_15-56-27_505.jpg 0.05139651876208951 0.9767326364350843 -0.002205613292756687 0.2081991595845441 -589.2548495977677 -31.861643039516533 -464.6199027375642
2012-01-01_10-59-45_309.jpg 0.021955124494147996 0.20291465158283897 0.07805994155218657 0.9758331118620286 728.4452069023174 -26.61886569258739 -108.61990507201023
IMG_20130210_163933.jpg 0.21205313292716474 0.9761809821020664 -0.018229170432571593 0.04209342399187356 -753.6368817073353 -42.11057095418788 -184.83648651780106
IMG_20130210_163921.jpg 0.07072113574901198 0.9055485203131074 -0.03136273169134161 -0.41712920945190035 -601.9650343144153 73.3093938843443 492.9649481496504
IMG_20130210_164016.jpg 0.17722987840093082 0.7509751182791873 -0.15035397553967844 -0.618077360827078 -269.2008266970047 335.57606080834614 667.1748574379889
IMG_20130210_163913.jpg 0.3272215669708329 0.7953747192787186 -0.24280226252638726 -0.4487228134979543 -483.7701897276518 482.0589405271356 378.42380544258725
IMG_20130210_163904.jpg -0.0014025696354527848 -0.1082169857440386 0.08440218946245734 0.9905369186501004 722.3517776070541 36.14146731593349 292.82172971843147
2011-12-30_15-18-52_399.jpg 0.1167989391981172 0.6746325394045043 0.08255396788949435 0.7241641988972701 88.78758547632104 -211.98583556063235 -694.3795933920784
IMG_20130210_163855.jpg 0.008295842346162185 0.30663207754489646 0.004642095481494815 0.9517806464568449 702.7160207497391 -15.586982510692737 -335.1557849797909
IMG_20130210_163846.jpg -0.01072458997912315 0.04275591080239773 0.05976544780257181 0.9972386908409615 773.7858749977954 28.607949074328737 77.47881284286487
IMG_20130210_163818.jpg 0.0584593329632651 0.5079883774344154 0.08597735184566886 0.8550662019695583 497.1890587816609 -126.61971034789872 -567.3362528894783
2012-02-11_15-53-21_857.jpg 0.10378415377174804 0.9644200487240596 -0.052876360406663415 -0.2373329087065431 -705.2251306704927 100.79203433522117 303.2113047704437
IMG_20130210_163801.jpg 0.00595166072314302 0.2049418019652571 0.043540565133349134 0.9777871213764981 754.9562911366454 -10.245399109365524 -160.8436733360295
2012-02-11_15-53-01_240.jpg 0.0987443557244344 0.9864216370659118 -0.01966883449064098 -0.12974992520442327 -754.3807031108249 37.35088343511412 174.29533209347053
IMG_20140521_135412.jpg 0.153279662657544 0.6921319994005245 0.10766109899611571 0.6970421279839335 -51.74280610504157 -244.4796758593541 -617.647562416832
2012-01-15_12-41-51_416.jpg 0.048960690134624056 0.9148633456504517 -0.041200547775658035 -0.39866078872870064 -627.7409704919507 76.23450849471887 436.2130708206627
IMG_20140521_134219.jpg 0.0055599119328225925 0.06890227104298177 0.09761728599659102 0.992820441922445 736.4845561266668 -19.588285607310265 -73.89573338110462
IMG_20140521_134146.jpg 0.0567974822770076 0.36000510539413727 0.13586746135267289 0.921254798111103 559.069339406446 -147.12459071222779 -449.51910242356206
IMG_20161227_162934.jpg 0.15855574260616503 0.6875199367871472 0.13767438177570157 0.6951418399215256 -5.301761684742422 -277.9555296903444 -604.3598207304922
IMG_20161227_160409.jpg -0.05880343675214816 -0.4185697896319746 0.09985238940737329 0.9007613376267986 422.4267230200298 144.7278462966367 594.2463561017448
IMG_20130210_165452.jpg 0.038412099886631905 0.5343046207842553 0.06358700899754703 0.8420212438398683 281.02669085321986 -95.75762968047925 -602.6103374313966
IMG_20130210_165302.jpg 0.15039066629645806 0.8317633102538842 0.07093318452855597 0.5296422627954133 -340.8865146823795 -198.6274232481752 -597.6050824064147
IMG_20130210_163951.jpg 0.09254784345365569 0.856043561233032 0.04468551820427099 0.5065841710973228 -267.50480338884825 -148.8177203234017 -720.6245099093932
IMG_20140521_134023.jpg -0.09311253928137878 -0.6093646524854642 0.12830239211639902 0.7768804744019844 112.32259059732984 221.6486044732019 692.8456586191651
IMG_20161227_163204.jpg 0.13021677711811105 0.7689934436016272 0.11077328406320588 0.6159723647961294 -114.71110130932792 -219.454198963401 -597.5909001620843
IMG_20161227_162953.jpg -0.008704636860232661 -0.1232519866336866 0.1316642089458777 0.9835637819534827 639.1182309429195 24.062656031097138 148.07773214039304
IMG_20140521_134151.jpg -0.012832537082042537 -0.04482800949819625 0.2666178436431131 0.9626737251050143 725.1044091414279 46.89250920037689 88.68882980998798
IMG_20130210_164206.jpg 0.11539224610848063 0.9590221704459078 0.011041389380294123 0.2585327713304714 -578.9900894903735 -86.02104633313108 -459.5461923669612
IMG_20130210_164238.jpg 0.03699041658788246 0.6339498890715591 0.02104977770385124 0.7722021458694809 251.5716013157826 -63.50811188953986 -678.3959767447725
IMG_20140521_134202.jpg 0.06927383735410587 0.9899016778177273 0.0020007314858353684 0.12366002096638348 -703.1023031098886 -25.680966542455845 -207.76086876378463
IMG_20130210_164244.jpg 0.30352322249463554 0.8095934907167555 0.12978411118527836 0.48537420376383605 -255.08271757952122 -405.492264321039 -546.0931018216935
IMG_20140521_134209.jpg 0.08406767446644825 0.8653568885328803 0.04270207168951339 0.49220586612912215 -353.16880717446355 -124.44218191962108 -635.0671354538099
IMG_20140521_134213.jpg 0.058775071723338713 0.5213429179682357 0.09784986509914859 0.8456786959172851 355.9521583779862 -151.92702861424033 -628.6697636789621
IMG_20130210_164256.jpg 0.012128299906724045 0.16280556767308044 0.08982666079583353 0.982485838313352 715.5574171717124 -19.294253087788416 -117.16007693687133
IMG_20130210_164322.jpg 0.2597499129366629 0.8739839631884275 0.07858598977743841 0.40312064823021154 -389.2448826251155 -292.4619751802817 -530.3510725577718
IMG_20130210_164349.jpg 0.3469120867136219 0.903459728703057 -0.0952007106105816 -0.2331294648967379 -698.1473161573992 181.49536205771082 195.3634234332427
IMG_20130210_164404.jpg -0.0022946099841523984 0.03175071085732823 0.034527107190351715 0.9988966443001703 755.6960113078486 4.776982923180958 55.40085420915208
IMG_20140521_134236.jpg 0.07614820730217643 0.8182731180613736 -0.05664540895242724 -0.566940783880816 -282.48029275713066 124.97014459441874 676.2092801440647
IMG_20140521_134245.jpg 0.10032467019662666 0.275761505089565 0.34134447433693316 0.8929582872118484 627.3264227115109 -269.3158539994138 -300.44091624945935
IMG_20130210_164452.jpg 0.035121466386587266 0.7025138593045924 0.027153747714619307 0.7102840516785335 64.962677383879 -73.27734010653563 -750.2460846957132
IMG_20130210_164500.jpg 0.117866223968008 0.9876156231780988 -0.015420338475902653 -0.10239700807810297 -748.983639995486 22.24747014492382 97.85240169513499
IMG_20130210_164513.jpg 0.004313299453859895 -0.046986660573712126 0.15015226401004605 0.987536301504208 737.635324758824 14.139405301326095 120.38768740637373
IMG_20130210_164534.jpg 0.06422795601410085 0.30059045792526445 0.1684011456286512 0.9365688444644573 617.5758091746529 -161.8008314971612 -376.1732732732156
IMG_20130210_164543.jpg 0.09235077584225761 0.7636203381592075 -0.08387331078095074 -0.6334986827844189 -164.67217410618295 174.0376050633223 699.9845548586426
IMG_20130210_164550.jpg 0.01604087724867221 0.04245126854574637 0.09619761862205202 0.9943272088338905 736.2522678865844 -30.37578237468674 -31.674695623939165
IMG_20140521_134335.jpg 0.0660773464325852 0.8593391966563318 0.030987516481523383 0.5061716143767697 -367.7726276254864 -100.29793346916841 -664.0804062464504
IMG_20130210_164557.jpg 0.058499326026297954 0.5668546303588876 0.07237789820094605 0.8185444989413658 284.3602219168674 -135.5328377499962 -666.0229267877262
IMG_20140521_134340.jpg 0.07166028041556757 0.6917861013298985 0.06742689802108563 0.7153673235763541 28.7300292433121 -158.06864811842738 -750.1170278098417
IMG_20130210_164602.jpg 0.1556191545360814 0.8904619350801722 0.05883256355219989 0.4235551326340241 -444.98328095785706 -186.37504247740304 -556.5061783061863
2011-12-29_15-09-58_213.jpg 0.07990389311927723 0.7923469251961907 -0.06389104256899485 -0.6014313366261955 -187.17983385183112 156.99552950736827 795.8745881301072
IMG_20140521_134347.jpg 0.24996787069073523 0.78158422581666 0.14945943824756228 0.5516375965211546 -265.0185414172433 -399.34986741114454 -602.6930598640221
IMG_20130210_164625.jpg -0.027497257228430615 -0.1936363076333939 0.16195410847416544 0.9672226982238156 681.6456593611881 86.38416460662454 294.14900644641426
IMG_20130210_164632.jpg 0.059709382983158775 0.8297145719464394 -0.03542838373441152 -0.5538531829911919 -304.39898288327186 85.37038963076996 677.9977315035446
IMG_20140521_134405.jpg 0.015645159695722787 0.2431906112799014 0.0647515623500457 0.9676883748070093 686.3526340869306 -56.29073638473761 -363.70465318251723
IMG_20130210_164641.jpg 0.09302015625795769 0.9932587223706404 -0.004436823032297577 -0.06902662939596611 -742.8281606660729 5.611892134920132 85.47627668828788
IMG_20140521_134412.jpg 0.032519829269913085 0.5994712003526698 0.041075049272152435 0.7986798989453003 213.80854082477157 -87.15042115002011 -744.1455404134592
IMG_20130210_164650.jpg 0.12676869663038084 0.26460403528554055 0.33686666567748325 0.8946704709671474 630.2973594212914 -302.503689405777 -277.93248501552813
IMG_20140521_134420.jpg 0.11622235794851779 0.9907781135793635 -0.0052333609018306824 0.06945289841810726 -774.0134777011407 -11.146722491520334 -101.23899766941118
IMG_20130210_164659.jpg -0.11076347836357829 -0.6365288866821213 0.12226222513858184 0.7534018692465421 114.62188043061846 235.96826083461798 705.9198138684163
IMG_20140521_134428.jpg 0.1257669432365503 0.93187318473287 -0.052320893796299645 -0.33624034207261666 -598.8449083858343 135.6400435315435 485.92925970650305
IMG_20130210_164708.jpg 0.18816372426764577 0.9811718906009426 -0.023776980230480974 -0.036479983215748885 -752.9185892042939 35.793340074054065 43.632390055553195
IMG_20130210_164718.jpg 0.11432116540035256 0.7083097351975152 0.10411639325333531 0.6887581337609362 -16.347215077157824 -238.80349297505342 -719.5702402174173
IMG_20130210_164736.jpg 0.09570017550998414 0.6512822115221806 0.07187618373157424 0.7493375551607704 108.0044317660861 -189.82138609406954 -736.0319553480855
IMG_20140521_133452.jpg 0.10829568234301845 0.7330696554316267 -0.10948637985927047 -0.6624904966084635 -209.71483544820975 228.78827869919863 712.0669158356624
IMG_20130210_164742.jpg 0.12771832163172217 0.7420929929827885 -0.1147899846025411 -0.6479269090880324 -108.94816446358962 250.03436661087036 717.7268447474995
IMG_20140521_134504.jpg 0.029600905228754443 0.4740214257204643 0.04865678157711999 0.8786694440881243 399.84403854527284 -85.97246074144135 -659.9257425380968
IMG_20140521_133418.jpg 0.093637677016326 0.44425973998924023 0.1089296945087972 0.8843074072526476 569.93114755899 -182.18720450997142 -488.2240823964902
IMG_20140521_133846.jpg 0.3116017193881049 0.817965463175662 0.15182224790688112 0.45911531728608573 -282.2071006438304 -425.62397095493145 -512.2034339253394
IMG_20140521_133410.jpg -0.016824397521058045 -0.10500265407228114 0.2909212851628726 0.9508186936135685 706.9259827948368 158.0256346632554 273.4796498681154
IMG_20140521_133406.jpg -0.05708938114467489 -0.5220296767901095 0.08989047716736423 0.8462538160773961 196.60988088184678 158.47221956329577 731.8017214667163
IMG_20140521_135857.jpg -0.022334211272624117 -0.5855836069722451 0.00023889986730677196 0.8103042423553377 87.5547503969067 32.947512128026304 772.5098416946345
IMG_20140521_133404.jpg -0.020324055899744748 -0.17258268978394517 0.07469443321165706 0.9819485167695458 657.1752744650151 71.47924535058509 403.215420602402
2011-12-17_15-03-49_361.jpg 0.13511677879653333 0.26141754557374675 0.33371871112740537 0.8955647072084241 629.6756180132563 -310.2719930114037 -269.70199596357634
IMG_20130302_150040.jpg 0.029511811090199257 0.5747683271160829 0.025865938497053795 0.8173746854264707 370.5756553877788 -63.73902249967588 -689.1443014641216
2012-01-28_15-18-06_979.jpg 0.13221339445481842 0.8361828609997666 -0.09567701481751467 -0.5236064840436843 -319.4070397583087 236.79759418469897 702.1952516100379
IMG_20140521_133121.jpg 0.036409515710555306 0.8651743449102004 0.015169625947263964 0.49991757572978873 -206.0090661889734 -53.15086183915471 -698.2601906187045
IMG_20140521_133354.jpg 0.07715540564407483 0.8012688619856047 0.04643996546836786 0.5914884477312208 -64.70686063021036 -136.15808541020587 -753.1976293452143
IMG_20140521_133612.jpg 0.020401135651581755 0.34223827143848107 0.07093734830648307 0.9367094810250248 658.9864269359853 -55.843123855017126 -399.0082315410379
IMG_20140521_133351.jpg 0.049092334307706 0.38227952025699663 0.0979130884577707 0.9175322000959761 644.1387443230809 -100.91979974125805 -405.90374357649307
IMG_20140521_133332.jpg -0.045908909027769916 -0.40120496956222934 0.09837155903934965 0.9095328365939405 379.7427836429513 145.12338835102443 650.8737912637049
IMG_20140521_133606.jpg -0.00014302929982133811 0.014325873849054399 0.0566189769171746 0.9982930633506037 768.4481053203596 8.812548525186516 94.9865283367834
IMG_20161227_160503.jpg 0.006620708879125948 0.08943004279872363 0.17664103319522925 0.9801818091816834 721.4338415107482 -22.370496529350028 -82.74760553724144
IMG_20140521_133336.jpg 0.05513685892230731 0.8096322648158982 -0.0480919090333705 -0.5823595889506638 -397.6015419293002 100.18397157762897 648.5757785166637
IMG_20140521_133024.jpg 0.05135100943547303 0.9704436604325863 0.00944384277436392 0.23561194704389615 -537.8129524724693 -43.27733126840521 -446.89719384088244
IMG_20140521_133320.jpg 0.01494246301144358 0.27581595423079386 0.048666211669426786 0.9598613868849267 721.5649842721388 -27.053046415557137 -246.17381129369244
IMG_20140521_133230.jpg -0.03143738543399395 -0.26048361109925955 0.1103199767974254 0.9586393909417555 534.3010886496309 122.42061531102236 518.7555186843123
IMG_20140521_133014.jpg 0.10558946996190524 0.5244536861933975 0.1549457712661791 0.8305365752560507 429.29340428117575 -206.80759091161198 -508.64465429921955
IMG_20130210_165503.jpg 0.17851576985919404 0.6783114126175548 0.161179205960394 0.6942960542811208 3.6718423652946783 -317.40167194412896 -588.9077489286909
2012-01-28_14-41-13_0.jpg -0.012176109894693636 -0.2275164618350811 0.15257824534723743 0.9616693199788773 605.7157112764596 121.27288841026669 480.82517532726825
IMG_20140520_211952.jpg 0.0010601457173119 -0.1209338926407742 0.0759262093826029 0.9897520297683641 715.775201947024 28.491008359996894 304.4485324258172
IMG_20161227_160322.jpg -0.005553115010641148 -0.022075301507841205 0.08323612604688321 0.9962698385968156 744.2697168644297 25.167931786076558 139.74999966719105
IMG_20130210_164731.jpg 0.09983098538078876 0.8316776060704716 0.05839996898737185 0.5430797156413261 -303.6383325489842 -165.91920003562907 -683.8175333807307
IMG_20140521_134450.jpg 0.002955172863547576 -0.15020829240036931 0.059378509089969625 0.9868652028041949 747.416562000007 -1.4667381684491176 209.4208760089637
2011-12-29_15-30-24_502.jpg 0.23614332883766714 0.6918287148982551 0.20279856551952208 0.651522907740717 -35.09883223199671 -389.1294105605954 -502.2221746123111
2012-01-28_14-41-04_244.jpg 0.05387735302743083 0.3330214393112151 0.09981282679591708 0.93607230030423 699.8316270679483 -101.34166929065294 -332.8560350516129
2012-02-04_14-20-50_904.jpg 0.02097348672899771 0.8686586833409071 0.0032063487537152763 0.4949564870153141 -218.37439061543074 -21.35519105911911 -633.5225754330237
2012-01-28_14-40-02_921.jpg 0.08875515586526922 0.9526876230429959 0.012223852767204087 0.2904468843550306 -496.9134672944873 -86.78208191380203 -559.0987763062632
IMG_20140520_211912.jpg 0.004124053646810128 0.3656477277638711 0.01005867571342161 0.9306898271741921 652.9376180928662 -11.23331313109746 -419.77115722671266
IMG_20140520_182738.jpg 0.10364130717172426 0.8632374906094487 -0.06004150134893643 -0.4903820269644926 -489.79209883855106 122.21136770442891 493.63134330117975
IMG_20130302_145531.jpg 0.274183523632687 0.9612505930180152 0.007864093987781647 0.027547210686919926 -719.8527751027841 -79.00602828875225 -119.80793255018887
IMG_20140520_211729.jpg 0.02080935492511658 0.3989848517583359 0.06937722350922837 0.914092369333171 636.4519586586505 -49.21418810784541 -412.7536240305583
2011-12-29_15-31-19_299.jpg 0.08049585529475153 0.9946765986119968 0.002838599717991945 0.06427148516781753 -741.4113338129135 -40.58169141088872 -267.2663798827376
2011-12-29_15-36-34_861.jpg 0.14927197982665166 0.9857571402850633 -0.02954686154722756 -0.07160809582968268 -719.1044338337789 19.78305989720586 -20.947610908379293
IMG_20161227_160721.jpg 0.08271052264987397 0.7338837751373039 -0.09113051955307001 -0.6680335339181657 -45.59085958079358 186.45429933614804 773.034366176865
IMG_20140520_212003.jpg 0.34171245460194716 0.8258246895949243 -0.1942994569713736 -0.4043437911554839 -559.1523956258043 407.7241016842098 360.11689166566333
2011-12-29_15-36-47_728.jpg 0.0034911861719767543 0.07145757812413206 0.04562241836530613 0.9963936075117338 729.4965828201268 -1.0404562815556444 13.512836455425237
IMG_20140521_133252.jpg 0.0020384987376415764 -0.004232701590569069 0.11446110018296861 0.9934166222210322 730.1161105471324 40.261182214480264 190.07257926098066
2011-12-29_15-31-27_158.jpg 0.03807274148689663 0.9213181926340342 -0.03511961891047025 -0.3853438291251236 -660.8963896464527 64.18107509647187 421.1657689025199
IMG_20140521_135354.jpg 0.16928987413393976 0.7544684846835134 0.13039883567434937 0.6205758517617748 -159.55011881886423 -267.7069206087496 -572.7275449313512
2012-02-11_15-55-27_974.jpg 0.022464510858227853 0.8397555627540553 -0.03333929393431135 -0.5414743133847458 -459.6712977116642 60.126237016803415 614.0090465647337
2011-12-17_15-04-45_439.jpg 0.0449380444404366 0.26544773480052186 0.06264801059406086 0.9610376158193538 666.503058675015 -101.65086133464452 -394.55624586984635
IMG_20140520_212018.jpg 0.21905788703693846 0.9434507041252939 0.023617367704245763 0.24770270679813186 -616.9323331718532 -167.98441962557115 -441.41605830967205
2011-12-29_15-38-28_183.jpg -0.002020730175063534 -0.3331612652646633 0.03726959698656478 0.9421308110433853 558.214866927847 30.80163309160399 592.8766373582026
2012-01-28_14-42-04_667.jpg -0.01045205622878788 -0.3271781997126062 0.07162279813039965 0.9421864756731442 537.5766372422548 66.83001937786764 596.614165031771
2012-02-11_16-08-22_494.jpg 0.059220817230279416 0.6154942060658141 0.04128045370396748 0.7848284533883731 343.42973657972243 -103.05125143766944 -632.429368341898
IMG_20140521_134514.jpg 0.13211641700147647 0.8244765123101733 -0.08850345635277565 -0.5430937959700493 -275.03383231195744 221.2190999365232 692.3226957293832
2011-12-17_15-04-25_486.jpg 0.04348784606672815 0.30676430565317586 0.07646217943230835 0.9477119832196192 626.9776827670444 -107.95661257228943 -442.3488199230525
2011-12-29_15-09-40_939.jpg 0.08588105589092918 0.8502148752183324 -0.08010235896090384 -0.5131692920327888 -344.9771379127106 182.08686017204587 746.2219194941148
IMG_20140520_182702.jpg 0.09210716904946943 0.990194004433952 -0.001912602055531 0.10501640322408792 -625.5470408718365 -38.43547638204561 -289.51706642039505
IMG_20140520_182712.jpg 0.10121635067307687 0.524682544822069 0.12847414513438782 0.8354387299781183 431.4283602063261 -187.77972087881915 -508.9894587960742
IMG_20140521_133132.jpg -0.027347753825241898 -0.2700195876880592 0.06750795230878333 0.9600959321862371 516.3457060882573 82.33431316827048 510.53927062245236
IMG_20140520_182813.jpg 0.07225872431951062 0.9963087043003049 0.0021236103392216245 -0.046293982052657445 -722.0690403633006 -22.774083419189807 -99.3586669485262
IMG_20161227_160446.jpg 0.126716927995369 0.9909128080470108 -0.0031693113163469293 0.04499536057844044 -717.7070844819145 -21.62438269688209 -112.7217628974589
IMG_20140520_182915.jpg 0.05872632016027709 0.9860615998404877 -0.020970322881059985 -0.1542529941320933 -753.1250681761667 23.11332479688577 49.97328361507609
IMG_20130210_165818.jpg 0.07735131822016665 0.9823238642479941 0.002913751071912903 0.17043505904942652 -632.0492228439432 -21.564563067863492 -180.51397311552284
IMG_20130210_165913.jpg 0.048374127830232753 0.8929869109128419 0.013714392720333141 0.4472652860745147 -459.0651415145638 -49.346840427170115 -510.75201597751857
IMG_20140521_133311.jpg 0.06770837726641886 0.8694046706366941 0.02936824711487891 0.48855767354985774 -231.11618025620342 -102.81404920266372 -715.6018056274957
2011-12-17_15-01-08_996.jpg 0.11431597506239041 0.9892374388433581 -0.026432660273780946 -0.0874211753925769 -737.1265574189335 42.09540740613195 103.34778222249349
IMG_20140520_211734.jpg 0.07502454845684779 0.8174379989989424 0.04585916015970844 0.5692656430445253 -85.88366120787686 -132.005857824806 -744.1650370745995
IMG_20140521_135850.jpg 0.07269219303493493 0.9613289515015142 -0.03151529383332473 -0.26375988764664415 -672.4090352977505 75.30860668874544 433.5427970257206
IMG_20130302_145444.jpg 0.27596693354761104 0.7715788716425347 0.18851608948719564 0.5412670139844268 -131.35957707425322 -445.5913220414428 -548.6874443858544
2012-01-15_12-34-19_472.jpg 0.2426706210127053 0.9696999625639323 -0.02813782239651822 -0.0011023845062956724 -754.7119460670909 55.10880580225323 32.364269719398834
IMG_20140520_211827.jpg -0.06210920419653245 -0.4872975701639389 0.11448258829086339 0.8634681591376836 248.96484141880296 187.12672330789454 706.2093410486408
2011-12-17_15-03-59_335.jpg 0.09857674549490042 0.6824911080267041 0.06768663359515378 0.721045790740554 46.050779364869285 -184.62745918686585 -729.0439055925656
IMG_20140520_211840.jpg -0.01721276199438982 -0.1214155507216607 0.2415114774197195 0.9626184037000459 696.5803336363862 141.16768143422084 304.88261478702486
2011-12-29_15-31-05_955.jpg 0.011143163318488745 -0.6039194774643005 0.05934857845290946 0.7947545790280941 47.696134466961105 59.4983225276451 796.6887623567665
IMG_20140521_134840.jpg 0.10086488553557948 0.9927754221152116 0.0077909435621812805 0.06451772863539221 -707.4920163556673 -20.387912997220315 -54.595176457146344
IMG_20140520_212025.jpg -0.04515201927667576 -0.3034854814318378 0.143562845537878 0.9408759573378374 554.7967255333178 156.14999899638315 517.6616196783391
IMG_20161227_160532.jpg 0.10974576979657766 0.9934979683444145 -0.007060077443776561 -0.029458584721020992 -734.9779987623018 2.4343058033750924 13.142713671304298
2011-12-29_15-32-54_705.jpg 0.057223522360893786 0.8083091983530607 -0.0755257059034892 -0.5810831060134377 -378.704994424125 142.1990786888349 664.0580622802705
IMG_20130210_164902.jpg 0.26614659602397256 0.6826584618567129 -0.27549451528619423 -0.6222910781358705 -46.16961282643329 553.4748257194778 561.8733753304801
2011-12-17_14-52-45_843.jpg 0.16552698748857925 0.9406900139244828 0.01598767435773037 0.29571524881943967 -657.2310076709853 -94.80537434449386 -393.67830785160163
2011-12-29_15-10-15_99.jpg 0.036681972695111725 0.7306675565551274 -0.059497081602794266 -0.679146119739858 -26.295204070318558 101.99822119075532 808.3343839535713
IMG_20140521_134601.jpg 0.0593220430797801 0.8836637667791466 -0.03204709312251596 -0.46324100240471766 -401.32012519042723 81.39586761541375 653.1890240919912
IMG_20140521_135310.jpg 0.07492269412437005 0.8250151933611514 0.04449349543506594 0.5583519047091887 -251.67572581694384 -105.69365750599613 -583.0197998875631
IMG_20130302_145424.jpg 0.01681296861835291 0.4695268861446366 0.0012800785415193012 0.882757151583881 498.26224306731024 -23.77572153461098 -508.6562838740923
2011-12-17_15-01-27_386.jpg -0.020103812250530272 -0.19517593217190382 0.2246894792948684 0.9544720164195623 667.2706958002182 100.52829138007627 295.70921242180515
2011-12-17_15-02-09_761.jpg 0.09940531731440641 0.994801332754238 -0.013982587048248939 -0.01712829528740976 -733.0487572375698 7.65775875342491 -24.399071749167693
2011-12-29_15-32-40_658.jpg 0.031369927443367446 0.3466645176559583 0.005343325523333831 0.9374492459450333 667.7371907052898 -51.149346228695244 -391.99701100233807
2011-12-17_15-05-47_728.jpg -0.01490845150162986 -0.3834589262060752 0.0771568372747739 0.9202085700798822 587.919335124877 57.41193145216308 545.0707693219539
IMG_20140521_133505.jpg 0.1240681972190989 0.9244322617499304 -0.05966875870397664 -0.3556286196433545 -657.2898453622582 124.75798994135879 395.42847354746397
2011-12-17_15-03-03_393.jpg 0.13331796157568263 0.7774104672503211 0.11110426366250416 0.6045784722655576 -144.58998966957998 -253.1172054549046 -674.3852561043839
IMG_20130210_165854.jpg 0.03902549594018501 0.718271561928385 0.04230190873701549 0.6933783400920353 -80.72838828407652 -84.87686138236353 -667.0125743363579
IMG_20140520_211742.jpg -0.037061074412833316 -0.32513102276116274 0.11650398280200784 0.9377329666770368 471.4899477392846 142.20019257466674 583.1977986178814
2011-12-17_14-51-19_450.jpg 0.054859192305811565 0.8582580283103144 -0.04788550697545854 -0.5080261844453979 -313.6137404294963 95.66100295351299 660.2109897400524
IMG_20140521_133125.jpg 0.10934411012455478 0.9911132205769116 -0.022859554676536227 -0.07222112114002452 -727.3149461522339 6.358999716530284 -67.80474763258418
2011-12-29_15-31-55_697.jpg -0.02121213099445638 -0.027849063754123524 0.1572485209639175 0.9869383860208051 743.3446898174581 92.03949588136379 202.60764357988896
2011-12-29_15-10-25_282.jpg -0.010666237440472785 -0.4154887927667407 0.0715169509770861 0.9067197032087925 549.8233471889537 51.696951560330135 588.6245285621252
IMG_20140521_095604.jpg 0.08906151088650906 0.9535481966670454 0.04145621209088813 0.2847723062215036 -529.1736157609174 -123.20780562538738 -543.558258219138
IMG_20140520_211930.jpg 0.10885510466372378 0.9095631820746447 -0.04913407934946028 -0.39803420236127746 -616.0861551036816 111.94147063085528 461.5336012206085
IMG_20140521_133207.jpg -0.028474476774544896 -0.24208201685994934 0.20558896933156168 0.9477967487676994 563.0182421604771 177.79110905098236 467.93517460866445
2011-12-29_15-10-33_314.jpg 0.13359969177456782 0.8731294141991901 -0.07422665660422287 -0.4629109545768804 -426.733113960412 201.1851428034505 653.1880542547725
IMG_20140521_095645.jpg 0.11089901741982128 0.9835835476465328 -0.013139677683058347 -0.14174682220340767 -752.9450703507925 -0.7134957873194971 19.99110576717852
IMG_20140521_133039.jpg 0.08040752166646795 0.5097600075106532 0.15007033822347846 0.8433019973815344 461.7523705690456 -171.41372367147648 -506.5916450302477
IMG_20140521_133102.jpg 0.05994461749686483 0.9881014244201345 0.0018432223111929764 0.14162916515875892 -625.6649796479969 -34.03240462769581 -353.34348339409604
2011-12-17_15-00-40_564.jpg 0.06736176874134439 0.9255625962242818 -0.05359538186595983 -0.3686784610270131 -553.3904345735147 104.64286073036641 508.70511321449527
IMG_20140521_133028.jpg 0.12145017511439574 0.9594294675726571 -0.03782160933214002 -0.25162368248131306 -670.0381580512712 59.35046283795424 195.11637589515007
IMG_20140520_211823.jpg 0.050815393810942605 0.8392359562321332 -0.030708906985693736 -0.5405162056319125 -462.2615878695366 71.11394289578142 614.0073475554141
IMG_20130210_165611.jpg 0.027021054062029117 0.42108933151590483 0.04262329090772738 0.9056140969491697 415.62777905375685 -59.696913017325635 -490.098373067774
2011-12-17_15-01-44_429.jpg 0.08838310281502759 0.9952038450472962 -0.02288623064714683 -0.03512768689555543 -734.2405660407436 26.447406394576817 17.615981187461326
2011-12-17_15-00-58_832.jpg 0.059601179651106215 0.8298769034372273 -0.06644562241765947 -0.5507603869081041 -305.83407266553263 124.22648795673699 673.9849638895471
2012-01-15_12-33-17_302.jpg 0.13991289557444625 0.7740677931705052 0.05668697364192294 0.6148414594409177 -197.2742064617854 -182.9677495205289 -644.5322879779732
IMG_20140521_133301.jpg -0.025109458528776284 -0.49012461619035 0.044892605778485896 0.8701333401514224 219.39394965109724 73.31709688727815 717.4330807137104
IMG_20130302_145343.jpg 0.045164593854711894 0.9823350859644524 0.004353801809731945 0.181546089891665 -592.700075027844 -30.583248793416512 -390.8217904048986
IMG_20140521_133245.jpg 0.01897314158019149 0.23521749237568595 0.10975935287325944 0.965539038897918 735.6485069471339 -26.474505287120763 -164.0033301806817
2011-12-17_14-53-20_749.jpg 0.12161997005674752 0.8812170961421808 -0.05774416336197048 -0.45313422288298233 -425.0607566384351 166.60417043633154 645.6537845723774
IMG_20140521_135722.jpg 0.20586953750074702 0.9779905086668441 -0.0057529499066469115 0.033454477341127956 -774.9408551366598 9.882318100157107 -5.9723936604220365
IMG_20130210_165200.jpg 0.013376715652993823 0.020446566902269828 0.09805948605869746 0.9948805649796133 735.8712390919723 -38.02665772157816 -65.08691383637067
IMG_20140521_135704.jpg -0.054484134066695784 -0.4855115356564377 0.10189133461783707 0.8665611252585277 442.9882037449424 133.97450842379766 611.0003442535826
2011-12-17_14-52-17_633.jpg 0.04137482129388784 0.05059284521117298 0.3824858391230915 0.9216469340515605 748.9129595643059 -82.1132169525752 -31.584308451866686
2011-12-17_14-52-06_93.jpg 0.07521191508965394 0.45842575635856564 0.09006289040913311 0.8809527056015986 403.4645786207306 -174.57274863338642 -622.3019739055211
2011-12-17_14-51-41_274.jpg 0.03813155852082197 0.19728736130750063 0.10105845598440626 0.974377170189832 669.5190922675076 -99.9202513965611 -314.2920683868106
2011-12-17_14-51-31_186.jpg 0.20056347271869204 0.9081670738948638 0.0624442554872145 0.3620877991052814 -568.0467161554079 -185.79592680722513 -438.6376666561047
IMG_20161227_160435.jpg 0.020291659270201143 0.10554937625613713 0.13797808364129302 0.9845860176595435 721.6972515100343 -39.99499676086024 -92.10159627629663
IMG_20130210_165742.jpg 0.04992540932989617 0.9824081897414592 -0.0011383546095960176 0.17994528718734018 -613.5749035162253 -13.845372541250473 -204.44532805854482
2011-12-17_14-50-31_710.jpg 0.1908893696622824 0.959955306239731 0.009330229759494955 0.2048414152088309 -693.6216848580891 -57.62168474703789 -236.28193129408402
IMG_20130210_165721.jpg 0.02669045581774998 0.49174061309043265 0.05103515375630027 0.8688349682688632 322.397530745707 -68.46423833561344 -554.0466461860838
2011-12-17_14-29-19_237.jpg 0.09279538481032427 0.9429459428523908 -0.05838546375792629 -0.3143773258965912 -655.3134015432871 119.23681485089159 509.55112492045777
IMG_20130210_165700.jpg -0.0015532021829010624 0.16790866710383567 0.03018956591743816 0.9853389554788289 608.055387741858 -8.848403054114955 -210.22747955227928
IMG_20140521_133517.jpg 0.014634364760985398 0.5641710828068812 0.01945013708767632 0.8252990469277329 398.0627600887495 -36.41873234208245 -671.2067677451425
2011-12-29_15-32-31_892.jpg 0.02338549007244715 0.03619671945099944 0.06559135226776906 0.9969155886346354 770.9102956468261 -23.062943150190172 84.26565174856874
2011-10-01_14-02-41_437.jpg 0.005624549032274436 -0.10737119479118784 0.10260549634557856 0.98889428307427 704.9327397547831 40.621741235289946 315.93487004388726
2011-12-29_15-32-14_611.jpg 0.05530519062768409 0.42931595583662446 0.06494600968233906 0.8991168788205801 593.3253319141173 -106.86468307740202 -479.8825273294985
IMG_20140521_133459.jpg 0.19483854522734984 0.9796776770408332 0.009873207015414574 0.04660590289649652 -748.9160206237258 -82.05046013303952 -190.7406778060974
IMG_20140521_095608.jpg 0.025482076748159284 0.34733891974002296 0.09513690686162732 0.9325531124559269 680.7302089177316 -57.96832146819323 -353.2276067502485
2011-10-01_14-02-20_999.jpg -0.010913677979360482 -0.34316787362438356 0.14309977122627004 0.928245203391901 458.6802528190266 132.07502999940212 596.1177276889202
2011-12-29_15-31-37_791.jpg 0.04616916771555869 0.7818906558095828 -0.04172722124544307 -0.620301740540237 -345.7352522925323 88.7653155671677 692.4671375026094
IMG_20140521_135054.jpg -0.035646068980601846 -0.25307285669959845 0.18193944854215627 0.949516468541916 583.1679846034639 99.61146027167989 311.4780974123121
IMG_20140521_135854.jpg 0.0740563835979168 0.7341366324563544 -0.07442270344920231 -0.67083553733039 -37.330922716312834 159.5059851281384 786.5502930825108
IMG_20140520_211821.jpg 0.05309031090156124 0.8447926067052819 -0.027771216916806243 -0.5317289065448947 -475.1696522196173 67.49394789768513 604.4961830296338
IMG_20140521_135330.jpg 0.02444075706677578 0.3268789883518312 0.054762219743863555 0.9431616381388774 491.8195373512404 -61.50774526540222 -417.2539990973802
2011-12-30_15-18-43_648.jpg 0.07241519701777976 0.33833842056838814 0.09990734988151313 0.9328996054494921 585.849678509079 -146.1912784243613 -411.06556697438936
IMG_20140521_133045.jpg 0.08229799726240047 0.5076020400405828 0.1369274542382007 0.8466510974829492 464.1877867313149 -168.13437563544596 -505.96449262532894
IMG_20140521_133546.jpg 0.28298381956116964 0.8025365793025585 -0.17727773634658595 -0.49439640061771284 -459.9147585722026 402.8965216167381 499.5928937213533
IMG_20140521_133343.jpg -0.001536807319381455 0.026126228833745806 0.23731303914236018 0.9710806247903446 756.4739053612896 70.03244522807881 110.44955798765298
IMG_20161227_160317.jpg 0.23705938810694 0.9083774578337129 -0.07222439528006197 -0.3368039152628028 -642.9711879070535 173.1168784946923 362.7144212062818
IMG_20140521_134523.jpg 0.09974197710414183 0.7867377750034523 -0.09003252765509723 -0.6024859793804405 -168.01602989270228 197.40511613231135 733.3420123513274
IMG_20140521_133521.jpg 0.0035371928923984375 0.15906588736462313 0.08391305384136936 0.9836890418919808 771.5020366251655 -8.033299260834665 -121.97828477354771
IMG_20140521_135342.jpg 0.0771767076250114 0.9742699811280293 0.002063766893376149 0.2117486730517153 -602.4353986475767 -25.700556008321925 -239.7486938656344
2011-12-29_15-36-03_290.jpg 0.04732204027785638 0.6434276461826596 0.03330593348353607 0.7633165813910862 242.56057049143132 -83.45079705799905 -667.2376196154215
IMG_20140521_135220.jpg 0.08635075256928652 0.9416501714537664 0.028874000205717582 0.3240444325149417 -492.8387731693342 -78.59281709339517 -406.2241518788996
IMG_20161227_160238.jpg 0.021726609968276207 0.2742115862477626 0.0546585958787176 0.9598689484941889 718.5575069689933 -43.317077442132714 -281.9849625621919
IMG_20140521_134955.jpg 0.0730676726960531 0.8723332871249011 -0.05012512047949308 -0.48081516581485256 -361.84664575208717 103.09896730177739 584.1438290474131
2012-01-28_14-44-55_57.jpg 0.04358643181467371 0.51420488406116 0.03920876629893067 0.8556612839287687 394.75281167635956 -86.40979345780711 -602.011243616181
IMG_20140521_133539.jpg -0.08698807324948771 -0.6882780853957208 0.07990376289979709 0.7157665408153667 -93.82365398376531 178.86149391702602 763.4974211804486
2011-12-29_15-30-50_650.jpg 0.043635961569944016 0.5790437451937835 0.005838722685177805 0.8141069667600375 416.20658895749983 -70.90504474246642 -694.645923925082
IMG_20140521_133535.jpg 0.0106175295142459 0.3000295580787321 0.0250109783699426 0.9535428586629306 709.9126672554938 -26.10089787308206 -345.10534069994844
2011-12-30_15-18-20_837.jpg 0.10842777721031074 0.9937208799767683 -0.023672808961114608 0.01420661618117544 -726.3067047771343 13.78399285318 -82.19510461248858
IMG_20140521_133153.jpg 0.030962680452143204 0.5941522298574333 0.04523441520221064 0.8024825779142947 376.7037981108109 -69.44892521820081 -640.0832005261568
IMG_20140521_133558.jpg -0.027119917645361057 -0.32249074423961527 0.08785381197199546 0.9420965649383707 534.809941519551 97.53845898886814 558.5574664633309
IMG_20130210_165733.jpg 0.015361453301849274 0.23142058466054072 0.05867115446248353 0.9709614999483076 566.936110348158 -44.87940518403655 -306.47504426053916
IMG_20140521_134537.jpg 0.15832600948858588 0.9751140442655537 0.015809263095979076 0.15438763744502948 -752.2576170487026 -57.78337275194053 -192.76131062588826
IMG_20161227_160600.jpg 0.13428964477791674 0.6409929790490698 0.1279926558099694 0.7447900188468763 116.82990543579314 -282.7894758576779 -692.6286099007625
2011-12-29_15-33-17_315.jpg 0.03312962254041979 0.8806272893480896 -0.028979792336258803 -0.4717607200710052 -549.2793909584914 55.324897192454316 523.8595248413307
IMG_20130210_164919.jpg -0.0291742238205073 -0.4806864377862769 0.03502932617379486 0.8757067771238382 440.14431407950576 58.07783406667149 653.5570165059994
IMG_20140521_134832.jpg 0.10666183568684348 0.9333310289943033 -0.035104641279416156 -0.3410045561059139 -519.9256203171158 98.11368925265349 478.7153097348802
IMG_20140521_134530.jpg 0.05542456888193884 0.5424681679683532 0.08876929493033447 0.8335324925777533 280.16356304580916 -157.87019325509 -709.2329602109305
IMG_20140521_133200.jpg 0.07278167021531876 0.98741774275132 -0.017788681349156833 -0.13925728920388655 -749.1745096846776 15.545015621313121 32.69555268291322
IMG_20130210_164947.jpg 0.17585368327007192 0.8310774714788995 -0.11832013892140121 -0.514184853147396 -313.5389939972543 292.9423330231869 651.3009623775041
IMG_20161227_160713.jpg 0.02752962914236322 0.11256641211319583 0.14895390005914305 0.9820303753145404 769.2973301699166 -84.45874242614481 -189.36088818366036
IMG_20161227_162905.jpg 0.21956299639690413 0.7448435881183542 0.1831863831930645 0.6028622304182215 -154.68169998770543 -375.4509934545468 -557.691895557691
2011-12-29_15-35-03_214.jpg 0.017867516231484706 -0.18366070650385904 0.023160538647993018 0.9825543680630382 570.9374189240591 -8.877732256072955 404.0679930314189
IMG_20140521_133144.jpg 0.012108645941917177 0.21427790284435227 0.06430601173074056 0.974578420601116 724.8076871548761 -16.662185362575542 -144.9242906770719
2012-04-01_17-53-05_488.jpg 0.07816625201939194 0.9796754892667933 -0.02377404403450044 -0.1831959814115907 -728.3530455791752 52.13444122381697 286.9094190494331
IMG_20140520_211849.jpg 0.057687021517014735 0.4305652454940637 0.09986454370125665 0.8951607955180293 591.0090975971402 -125.05455555298067 -484.0153453010975
2012-02-11_16-05-04_241.jpg 0.04528401414134879 0.6907350673265934 -0.006385721532184685 0.721660340734536 209.48900441030037 -52.67526812443248 -688.7293554803022
IMG_20161227_160604.jpg -0.20309390078521794 -0.6430063537261919 0.20956103970546477 0.7080818223688246 59.40832145053047 415.40404309547597 629.6479982949754
2011-12-29_15-33-32_635.jpg 0.04686755760646246 0.7498193745825276 -0.06712721547571353 -0.6565578988079799 -269.4965403673104 121.14711805438145 691.906059826728
IMG_20161227_160525.jpg -0.03656565405125699 -0.286871792704732 0.1940380373365069 0.9373989372517832 594.4212606210151 136.68688486383124 409.27872935619183
IMG_20130210_164850.jpg 0.16096169607752922 0.9628646567171484 -0.04658435726040024 -0.21169053568699794 -710.9857779327841 117.96997340869856 315.47783555668394
IMG_20161227_160732.jpg -0.03373684378062343 -0.29593549333418934 0.12285767357253055 0.946673122678107 674.8727374432075 94.21878144071647 417.19202323889294
2011-12-29_15-34-53_611.jpg 0.01962703899257517 -0.028597328758312897 0.05431204664817365 0.997921426624942 669.6341621807188 -4.950339165584031 213.62926866888384
IMG_20140520_211900.jpg 0.004273687578683595 0.17636508292392072 0.04321833636139035 0.9833662941762208 764.566432099371 -7.409763787230347 -129.35869088563453
2011-12-29_15-33-51_400.jpg -0.024553869602066854 -0.1944254235967871 0.1569090208307174 0.967974907385889 603.0878924022051 132.06148238220288 427.4458884898486
IMG_20130210_165229.jpg 0.08305460300068795 0.9298154887828595 0.014835892379638232 0.35822477027306504 -566.7511704160357 -63.751853922772796 -445.2754848197146
IMG_20130210_165147.jpg 0.025946164629242187 0.9649133257443278 -0.011189325842822763 0.26104380729915166 -663.3961062079563 0.02507819661982915 -344.441028036044
2011-12-30_15-18-29_265.jpg -0.07721896625663013 -0.5761599977514619 0.11178444589115324 0.8059659582749763 179.38178780412713 185.13975939398574 684.2528563585718
IMG_20130210_165136.jpg 0.21688613913035584 0.9698736864631976 -0.03593419388461279 -0.1049484095604993 -720.8691931513847 97.56727471984925 183.15716629385696
IMG_20130210_165128.jpg 0.03236485067190315 0.5965224599821659 0.048460890140791656 0.8004779905185233 168.26328936216794 -91.82345978251084 -727.0056500558671
IMG_20130210_165125.jpg 0.0836974689033341 0.9241849020414322 0.035446868111377004 0.37097239800143916 -574.8413727347515 -97.11357931490807 -474.1719434507891
IMG_20130210_165116.jpg -0.104186538307004 -0.6998072263987859 0.08866453329483452 0.7011088443681556 52.454140113981346 196.74389018786948 725.0461705671521
IMG_20130210_165057.jpg 0.18070129825133321 0.9469483468251733 -0.057095198569828455 -0.2595688878807058 -628.757451575348 162.86565689567584 403.0970642671229
2011-12-29_15-36-19_806.jpg -0.005806153563379019 0.1087880431084691 0.05603437113058455 0.9924674299489271 716.9723672450956 12.562869975810413 -32.95544131922523
IMG_20130210_165052.jpg -0.05201700639378442 -0.6546239964685888 0.044599095770491114 0.7528429948865679 155.91515726021788 96.64908375926645 742.6791374628399
IMG_20130210_165043.jpg -0.011755800595385144 -0.22689666682144233 0.09796029910756891 0.9689083979078911 708.2278894474056 35.17007514320376 295.16712887938877
IMG_20130210_165031.jpg 0.16850820330074062 0.9423638847820287 0.04019268911383419 0.28625136125559003 -664.3500807535984 -128.97055056653346 -373.0648508654129
2011-12-29_15-35-42_606.jpg 0.32025861332309935 0.6813884087767315 0.2833529250493579 0.5940163102500237 45.92327303281238 -541.4162298487228 -445.3490448297001
IMG_20130210_165017.jpg 0.1986102719189578 0.9261816537009229 -0.06511859821709046 -0.3138488050038457 -590.7427255337233 198.79677699925355 469.0828986925422
IMG_20130210_165003.jpg -0.03641497122985132 -0.43868668093600555 0.0626851315891679 0.8957111811947693 508.4331523488561 82.18874818729454 582.7434604787092
IMG_20130210_164956.jpg 0.08210978551863919 0.5262725308693437 0.12569046614824028 0.8369570557047097 301.34311194510036 -222.14264306548216 -682.9173331355668
2011-12-29_15-34-47_696.jpg 0.06476910972674449 0.4191757644889654 0.10791173398426562 0.8991394210904144 569.8380731347146 -115.91419245134125 -394.72222653409693
IMG_20130210_164938.jpg 0.38908625913149825 0.8496410320302479 -0.14743808712102033 -0.32401236104773296 -563.4640329206228 405.7130069882143 362.3301620522938
IMG_20130210_164929.jpg 0.0018797140734656795 -0.1629992718192016 0.09011643672035269 0.9825002452387676 751.0622536155527 7.669198349491788 229.28192135433466
IMG_20130210_164844.jpg -0.007430434377739774 -0.12762654676325685 0.04235186533349274 0.9908897883765977 761.7721162908769 11.806527548239755 194.74206555293966
IMG_20130210_164834.jpg 0.18838106210177502 0.891730359016925 -0.08294783617643431 -0.4030498712598743 -516.847640858762 226.9267304469763 540.5266832234432
IMG_20130210_164819.jpg 0.35174319756893374 0.8273444924608403 0.16761433867643244 0.40457786299890214 -477.55468314034755 -442.05980233169294 -422.60163338000626
IMG_20130210_164807.jpg 0.0067569683222524265 0.33990195632678216 0.05349643221519955 0.938913806057065 597.5574905564583 -45.82960746304398 -489.8914926445531
IMG_20140521_134509.jpg -0.033641868403701446 -0.2804364732365021 0.08589208197391214 0.9554298296699597 670.5949172112154 74.54492674710151 385.2893568993654
IMG_20130210_164749.jpg 0.008159016340117176 -0.07328085136036508 0.5562393547990155 0.827744602790641 758.5407716454467 54.496366357499824 109.61242168761304
IMG_20140521_135831.jpg 0.08053883248493746 0.1463799861449186 0.30895139793244775 0.9362881126201287 734.852072808958 -219.2295291255383 -202.84210885169986
IMG_20140521_135826.jpg 0.12200364690373032 0.9866635367704735 0.00250704846257258 0.10772135376877238 -782.0092480345187 -23.334072308901067 -128.7064936405534
IMG_20140521_135822.jpg 0.11110717644295884 0.8390501334645284 -0.06412973633366482 -0.528713008912969 -306.6105884307505 174.9470421858154 709.5122620628389
IMG_20140521_135727.jpg 0.17988909247392704 0.9489719803346471 -0.06013329521351032 -0.25194460056808154 -646.8652733030693 165.70639203591222 393.98253662991584
IMG_20140521_135635.jpg 0.09004495204628209 0.655358873009844 0.07204245662845954 0.7464626840111888 36.71323656038873 -178.37826336665634 -728.2955457315192
IMG_20140521_135627.jpg 0.1699390814888726 0.9222229531106647 -0.08402917079729016 -0.33699351891940543 -524.1966337164328 207.89361814307838 485.094689887527
IMG_20140521_135615.jpg 0.19513192560062584 0.9740212511132077 0.006238638386707613 0.11474847878003877 -727.0445485287546 -24.929765440600065 -101.78657840373296
IMG_20140521_135553.jpg 0.08514688976022756 0.7563146476355738 0.007149336709361741 0.6486039222211457 55.28508760356093 -109.87755754621229 -759.0887545176819
IMG_20140521_135550.jpg 0.09797467606156446 0.5167409682896664 0.21165618305337894 0.8237605202466091 430.7289617575828 -260.5390081410017 -563.9601299267157
IMG_20140521_135542.jpg 0.07613599742493554 0.6507289298811029 0.08730192104025294 0.7504222440030591 35.873548261852385 -172.2884928283071 -694.6114570190505
IMG_20140521_135532.jpg 0.09962425257335876 0.8431278118175323 -0.0474698013514576 -0.5262671557285641 -250.7462141391366 130.7582619067126 649.3525252557401
IMG_20140521_135527.jpg 0.14346884495446027 0.9340349981324098 -0.046328909250133665 -0.3238038680419286 -512.6418872300844 135.17617414652352 469.80873665955556
IMG_20140521_135517.jpg 0.08038327165238554 0.7014054169845962 0.06399623444157695 0.7053179798079887 -65.10268663676685 -148.5278328433524 -686.0588329459379
IMG_20140521_135510.jpg 0.08640784940542087 0.4124422642106571 0.18010763213673822 0.8888117365899342 567.5730722367525 -202.3299110592056 -456.16129160708147
IMG_20140521_135502.jpg 0.15022225225925842 0.814267954544725 0.07202259958227607 0.5560698861448229 -318.445520352605 -193.29627517753354 -588.203882322287
IMG_20140521_135458.jpg 0.14406658650625917 0.9692920881724356 -0.02264026796471867 -0.1980027391862062 -611.7611529683053 80.41049296384708 321.0141336939618
IMG_20140521_135439.jpg 0.15913305974450254 0.9784390935774915 -0.013778325496696272 -0.13093420944167788 -640.4475783054552 57.39545171104245 225.97701768468946
IMG_20140521_095557.jpg 0.028098731278708402 0.7978524253401884 -0.009572491654800397 -0.602121529330105 -371.7088217151287 30.414193338658134 672.0996296547343
IMG_20140521_135339.jpg 0.13380696266019776 0.880766802484653 0.06123377784265692 0.45010661052213996 -404.81758020337986 -148.67588356526437 -484.91170053734
IMG_20140521_134437.jpg 0.05002284043001184 0.6332504631459648 0.06003857801486375 0.7699915165186484 140.0985098110022 -128.26910422568682 -759.6613227857594
IMG_20140521_134157.jpg 0.12471845853103768 0.93206918354757 -0.04844781560956664 -0.33666771800288386 -581.8713653929792 115.4799751594465 429.2271941001282
IMG_20140521_134905.jpg 0.22959386586295538 0.8431404969161376 0.10972526343355568 0.47366773774719834 -401.610355750913 -278.64044476861443 -506.3253099840733
IMG_20140521_133901.jpg -0.00595812270600991 0.3648562079603611 0.009641947634639192 0.9309948878121819 604.0276631985129 3.202600092363039 -405.10448856473045
IMG_20140521_133440.jpg 0.0002812712207489541 -0.09348352139701735 0.07312415263958433 0.9929318256629994 722.316821534355 29.103569253720018 279.4879108778908
IMG_20140521_133430.jpg -0.003504899606032546 0.21705575446639194 0.031629168170196495 0.9756403593807704 749.9892115034713 2.8288024307688695 -189.3407476320595
IMG_20140521_133129.jpg 0.07619013448009955 0.7551263558592909 -0.06944909029191561 -0.6474226393571649 -277.4444161228824 139.66895788934343 660.8481560696791
IMG_20130210_164315.jpg 0.3566741371270777 0.9311340949546462 -0.02509183134028483 0.07171650519676447 -690.4880880868604 -79.2606128960239 -186.9973538172052
IMG_20130210_164224.jpg 0.2865534193574085 0.9058571178920546 -0.11879287188008512 -0.2884411090835692 -650.3460492129872 222.1783355224704 253.8361630548683
IMG_20140521_135349.jpg 0.0569774567803961 0.5815341212181648 0.06237749009077193 0.8091234046842488 175.53228491976128 -114.80285170207233 -617.2861534472049
IMG_20130210_165539.jpg -0.011573122342525582 -0.09683919511252807 0.07179164796425283 0.9926400114904594 639.3961219606892 17.271362723573187 117.17634739533388
IMG_20140520_211939.jpg 0.017181619704532896 0.5754601218380702 0.025128396212238568 0.8172631178648917 379.8398976062587 -43.68115123848523 -678.4708234911318
IMG_20140521_095640.jpg 0.07988247339147267 0.7069612328423182 -0.0601669947188978 -0.7001460836492817 -201.97413867025546 136.836512824548 712.5712382416921
2012-04-01_17-50-32_648.jpg 0.04775968065696686 0.3912133254846425 0.092794301180293 0.914363365700558 459.2467496372299 -121.93716279671392 -509.6582729967979
2012-04-01_17-51-28_674.jpg 0.1729883957277242 0.9411606973600285 0.0473962863255973 0.2864352435208961 -647.995664026274 -133.4664370637856 -350.89034785658816
2012-04-01_17-54-56_5.jpg 0.11679581000882677 0.8269638307062097 -0.08349533610140458 -0.5436157561342447 -400.16717985478346 188.3915943377001 635.6461581906206
2012-02-11_15-55-43_341.jpg -0.007841828266427537 -0.16547719851762305 0.18814715659308354 0.9680684118212601 647.6365936453578 119.67799573243877 387.2190534359954
2012-02-11_15-56-05_505.jpg 0.0002749871570726622 -0.20745744228251572 0.16420871769557932 0.964363433077195 603.8946342840204 105.25663220375041 447.82545807181083
2011-10-01_14-36-47_800.jpg 0.09386023624366906 0.9864289912945766 -3.0453152454417744e-05 0.13471488506639834 -624.6386436585875 -22.230354829737383 -173.22954539393194
2012-04-21_19-06-20_584.jpg 0.02892423272390725 0.16364474572993376 0.06121119871593771 0.9841935658741509 760.2410497224357 -48.66301262129758 -130.84550762617815
2011-10-01_14-37-04_651.jpg 0.11856122238354723 0.5370888693053492 0.14257090093745778 0.8228926547376041 271.56266739592775 -226.90268420294723 -540.0159479298462
2012-04-21_19-06-34_639.jpg 0.027029460806000643 0.32719017584415266 0.036145518274872376 0.9438800234077687 678.8418722153544 -53.43150361103136 -372.83368071434614
2012-04-21_19-06-42_262.jpg 0.050169442159726636 0.6612177631552307 0.03287775254453745 0.7477921837977414 219.75648807386048 -95.59427139784104 -739.8463232284258
2011-10-01_14-37-38_417.jpg 0.05263860250524824 0.19686745703752787 0.060705247511603756 0.9771321583135137 586.4504043532345 -88.88391739468824 -255.7401564104087
2012-04-21_19-06-59_420.jpg 0.05457085573463132 0.786379470356864 -0.07146474525375933 -0.6111645772551481 -327.97863957038203 136.11711098420398 693.2773771606561
2011-10-01_14-38-10_16.jpg 0.08541214065238678 0.5905663315697801 0.04511160337528113 0.8011873173523792 161.94265027824144 -128.04414868336363 -612.2251594768642
2012-04-21_19-07-18_263.jpg -0.021672169529869487 -0.44933212653730475 0.08871971430325312 0.8886842911986692 316.9319609477362 111.74539245512828 697.1242813474489
2012-04-21_19-07-28_94.jpg 0.07766873985062758 0.9727787436504449 0.014408498792781355 0.21785655352643346 -607.4735293010397 -71.97477107736174 -470.04948252880723
2012-02-11_15-57-37_244.jpg 0.008023124529661288 0.7070303231832338 0.008823035774119282 0.707082672402543 177.15971887209957 -16.415190509169772 -694.5723995635876
2012-04-21_19-07-46_32.jpg 0.0413227801343953 0.9252218203429505 -0.03938082341536338 -0.37510820005748885 -656.7683981750184 68.0169075647305 384.9578653122714
2012-04-21_19-07-58_895.jpg 0.005582087551231593 -0.0814602046693204 0.12797570229521385 0.9884104891065503 696.9256683735709 53.367917176169996 294.6456737853865
2012-02-11_16-05-22_472.jpg 0.09817556702578688 0.9821003738436657 -0.017374890306482614 0.15980778116892438 -614.9283404530062 -33.45711657272542 -387.89765855457506
2011-10-13_14-39-23_451.jpg 0.0674428654618808 0.6757550066030276 0.04230823308865634 0.7328141949786102 207.94201482699614 -108.83703062736122 -648.7050491251921
IMG_20140521_134111.jpg 0.1198283453970017 0.8874525546453563 -0.07277842124147851 -0.43905857501527645 -478.5679631596125 160.18917789336524 535.4944878966169
2012-04-21_19-08-10_84.jpg -0.012276742084614782 -0.5166710287345186 0.039092153736658475 0.8552029777698573 177.83113163699673 54.31686706901671 731.8597351403608
2012-04-21_19-08-20_123.jpg 0.053771952599123256 0.7272820163217574 -0.06338117042470572 -0.6812872177607842 -233.06208086528162 121.6113470689091 705.5555542911127
2012-02-11_16-05-39_713.jpg 0.04875070089793391 0.7756710867328225 0.02194141493671162 0.6288690711740061 24.402160277065338 -76.19739183939383 -724.4435309066063
2011-10-13_14-39-58_742.jpg 0.029017437644177434 0.09263198317855921 0.08647488906379577 0.9915136900549473 699.3916294309961 -22.295744947676887 38.40260576687849
IMG_20130210_163122.jpg 0.05256293481652931 0.4272661745483423 0.12842627690355113 0.8934133675801993 568.1323038357746 -108.46754834095063 -413.2315333554756
IMG_20130210_163137.jpg 0.00121319389122086 -0.038990121678881044 0.08009249641144445 0.9960238403726248 667.9094486435924 29.30347810200669 216.2023250628459
2012-02-11_16-06-13_994.jpg 0.009035337211355143 -0.1978714328689005 0.09671093906083045 0.975403635938404 576.7318462748373 45.13192157565897 412.66462602158947
2011-10-13_14-40-18_252.jpg 0.061698095952222864 0.4319062813987509 0.1099205300898168 0.8930665071028847 563.177080596075 -118.35949959700903 -424.834552761807
IMG_20130210_163148.jpg 0.14449605491570588 0.46573530321844764 0.23928915356617517 0.8396143271975542 490.29351939107465 -273.7750970486916 -413.6445398128813
IMG_20130210_163156.jpg 0.05930946922365785 0.9783413616692297 -0.0003094619927783265 0.19831911441129496 -567.8953188387113 -33.995820287231126 -411.70633163968154
2012-02-11_15-55-54_45.jpg 0.05076103684815224 0.21392265557620524 0.10698670343627877 0.9696464612719226 746.3672899761104 -75.8555736019453 -147.84081399498876
IMG_20130210_163204.jpg 0.009156658451156839 0.6212573099027853 0.025289216391925082 0.7831449201984563 315.99384457018886 -26.83238771174109 -633.5579988089376
2012-02-11_16-06-40_96.jpg 0.05635606610178829 0.8563967692667449 0.003713746056839402 0.5132200069105236 -185.45349957484737 -58.87051135314694 -680.4184935223544
IMG_20130210_163213.jpg 0.10946205961727028 0.8923128350365919 -0.05740053592160811 -0.43416706509040653 -559.0031719796773 113.45983678607016 430.8801837766769
2012-02-11_15-56-19_244.jpg 0.09201046131402035 0.9114077635398211 -0.04782540066815246 -0.3982244274514738 -629.6378914098276 92.1221303654004 398.3422782841921
2011-10-13_14-41-53_189.jpg 0.11096527428590351 0.9931474655288649 -0.019620616984388394 -0.030981462286322096 -723.4718007436263 -8.79768149268794 -141.1597696981715
IMG_20130210_163222.jpg 0.03704714656246707 0.07046014504535476 0.2633113851542046 0.9614208190693297 716.1617279334835 7.412418363751023 60.30926211926197
2012-02-11_16-07-27_41.jpg 0.054478031311397175 0.5432179004237888 0.03447093961426737 0.8371130216916434 457.1111988734781 -92.857526298978 -572.9304889286512
2011-10-01_14-04-55_608.jpg -0.01886146689333841 -0.37779713017066513 0.05836067812454675 0.9238547530593129 478.05651980225184 57.92837419354337 549.1616960846242
IMG_20130210_163228.jpg 0.10254190863441652 0.9863055910340043 -0.025126339022839485 -0.12670874143476948 -721.573627462249 20.392381154541265 13.699924647429409
2012-02-11_15-56-35_310.jpg 0.03150335095801165 0.47745251523950627 0.04807387569652861 0.876775648068193 549.4768187310086 -63.91545259544635 -506.0307156901852
IMG_20130210_163239.jpg 0.05211684763372843 0.29796896516042337 0.2650941557989606 0.9155454213501295 676.475123395802 -104.4998448514258 -253.8761969756851
2012-02-11_16-08-30_939.jpg 0.20152058676500165 0.9790815877855427 -0.023627314994554432 -0.015180499180811397 -709.2034951902301 -35.86454703436118 -154.5475091617001
IMG_20140521_134226.jpg 0.07937821375578086 0.952295699906314 -0.015190162779128769 -0.29428091694098846 -625.9060128850257 45.99656634886416 394.7291059504074
IMG_20130210_163245.jpg 0.09530074077653232 0.9498080258203007 -0.043276343952475635 -0.29480441134571617 -682.5007752309257 72.3531526270525 257.6989814468418
2012-02-11_15-57-28_658.jpg 0.04599478564800652 0.43511375844194056 0.0913558636728798 0.8945471497245434 565.201236294935 -90.60659919576031 -428.10736625668943
2011-10-13_14-42-44_697.jpg -0.04171497262853716 -0.3180117804236306 0.1469146176826037 0.935705329514355 487.5867118638163 170.71692369844732 565.8890824199794
IMG_20140521_133730.jpg 0.0721140578038021 0.7645038652343286 0.048683174079535214 0.6387200883566944 -27.364820225603808 -131.04644483700568 -728.5358476117011
2011-09-18_19-53-53_378.jpg 0.10556752256706443 0.9031426811385354 -0.062161765698948684 -0.4114908389868956 -595.4810711085165 119.94377210245254 420.073621827677
IMG_20130210_163519.jpg 0.0011262973269296362 -0.07530821400634576 0.15435348258973156 0.9851408055551891 683.9525880975494 75.61211914286665 297.76631715099165
IMG_20140521_133744.jpg -0.004018361204069408 0.01472459688261623 0.08175223651797929 0.9965358050989372 731.7886699441476 17.30792218130148 82.30169350678689
2011-10-01_14-01-49_608.jpg 0.06911625332187378 0.7613977096213423 -0.095142067702473 -0.6375299665611167 -305.0859969162015 172.26173185005436 664.7460383952922
IMG_20130210_163642.jpg -0.01154499102467481 -0.28341911581652557 0.13665363823332516 0.9491396636584178 535.7968796631163 119.39288571879231 545.6748517742665
2011-10-01_14-32-50_305.jpg 0.008223485417364632 -0.0421433541358024 0.16741800628715206 0.984950518127997 771.1239619017949 -19.86563220954339 38.01836315289232
IMG_20140521_133943.jpg 0.031362275326107594 0.7123086457742045 0.027639349959289496 0.7006203445344106 76.53552475635983 -65.68634393897099 -728.2169166646545
IMG_20130210_163507.jpg 0.020943673245272607 0.49898596331772443 0.02568649397281216 0.8659760822275996 541.6018784265681 -41.308062091185334 -525.9142450832211
2011-09-18_19-53-14_634.jpg 0.001850067717397667 -0.2183214090494132 0.1800736654768108 0.9591172058731223 597.157231560079 115.53884753278666 458.056045446194
2011-10-01_14-04-42_522.jpg 0.02870969889403787 -0.07674695591321277 0.11747461972314178 0.9896895329689878 709.7584850437969 -16.562838894152247 184.26829581326996
IMG_20140521_134018.jpg 0.033160121571573366 0.2939989754041816 0.08922028477651935 0.9510545460608699 641.3653012942434 -79.50553210829605 -350.19475638967975
IMG_20140521_134713.jpg 0.1885757616226028 0.8954622114848939 -0.0814444602740053 -0.39490936912374486 -475.0554753902544 223.52787508204239 532.5205918564783
IMG_20130210_163543.jpg 0.09456113903623056 0.9777764272401305 0.0031329044386937954 0.1870872369443605 -600.0641580204239 -66.33565498867287 -439.4208465781407
2011-10-01_14-01-18_320.jpg 0.0037077592223616093 -0.2850819776448755 0.053740656136944454 0.9569882237632845 498.1204545606403 36.999740549123594 560.761438742953
2011-10-01_14-34-58_286.jpg -0.17118295216956447 0.9606581640256902 -0.050714746512311566 0.2127446903297375 -654.0046163470466 107.49858294617903 -262.49425776996407
IMG_20130210_163605.jpg 0.06584372896567277 0.6069556298480325 0.03309173143793929 0.791311824796087 382.0390627170468 -113.36051205953055 -655.3336079887185
2011-10-01_14-01-28_960.jpg 0.034295290975869745 0.3570897093500711 0.0217753460573013 0.9331862658640271 671.0305514689601 -55.86475017746905 -341.27533745366924
IMG_20140521_134049.jpg 0.06427536852000033 0.5291592717514938 0.07239425483765478 0.8429817400083756 360.5785651755607 -137.3668920316262 -620.5095523172795
IMG_20130210_163410.jpg 0.014001209862340982 0.2707685386997774 0.05877553364262162 0.960746481241437 728.8556777146254 -24.851978697268738 -230.69644859918932
2011-10-01_14-01-40_851.jpg 0.008361069689081067 -0.19816243559497726 0.15361950013895526 0.9680200363679351 597.702036540081 88.34653088957955 444.67835078800977
2011-10-01_14-06-54_697.jpg 0.05470169975095335 0.290420520477015 0.05159814014131658 0.953939870885043 714.3775251132095 -103.1216612023125 -336.47565264847714
IMG_20130210_163430.jpg 0.0540890748443276 0.725438274839829 -0.05389687520575398 -0.6840386014129263 -238.70348485018815 110.89770246949023 719.3492376032981
IMG_20130210_163744.jpg 0.02192217098833578 0.78033404457734 -0.027458989600490858 -0.6243750484947719 -323.10967887008616 52.70387049978429 703.2696844404135
2011-10-01_14-02-31_15.jpg 0.1048595391007853 0.47501047677024016 0.10172434127778106 0.8677682192899677 534.55509254719 -196.7534310808214 -515.0887055219582
2011-10-01_14-36-35_776.jpg 0.11801033972149619 0.8520592694272966 0.031027174891307647 0.5090244350913838 -321.0186014791062 -118.25613581862486 -560.9128611678057
IMG_20140521_134121.jpg -0.02562108023456613 -0.217311026154839 0.11918454987042044 0.9684598707387568 650.9719632657122 77.45832197119056 341.33915185443806
IMG_20140520_183052.jpg 0.010069473975255235 0.35894187015361884 0.03846181524000582 0.9325127496784846 680.6741419564763 -21.31277810890552 -335.6276580049613
IMG_20140521_133951.jpg -0.026279396003845 -0.2787275388051973 0.07285419348126182 0.9572421945095531 572.8768444227544 72.19412856847565 456.48198033268665
IMG_20140521_133853.jpg -0.009224941065622726 0.15369636890005137 0.04970662933113139 0.9868239851411258 716.3007142710672 12.029211533229237 -107.67946797586744
IMG_20140520_182723.jpg 0.015517044567223007 0.7481595659373005 0.012112705525379486 0.6632267844329451 77.02854816525738 -27.310541661923082 -696.3548139187637
2012-04-01_18-11-50_589.jpg 0.06660842585074132 0.6734694654560164 0.08723850504268527 0.7310209572522471 227.04865773926363 -157.21337226254101 -724.8098190622568
2011-10-13_15-24-38_28.jpg 0.14218074261007285 0.9798014319289698 -0.04478211766465305 -0.13329798332404627 -729.5573724258168 67.19937131377635 113.0060949938284
2011-10-13_15-23-25_156.jpg 0.0935360036890189 0.9856016369237677 -0.05126607444673786 -0.13119534640336633 -726.4122556028259 82.29787190542099 158.1822534406608
2012-02-11_15-54-22_239.jpg 0.07278527147410077 0.5898040702331749 0.06504727611304532 0.8016247968115101 339.66679241474844 -149.1091986487881 -681.3472286394083
IMG_20140521_133959.jpg 0.01884449333134934 0.21648767728131843 0.0529270939068522 0.9746674783673664 692.4289728236222 -40.86904459515177 -236.78128471311163
IMG_20140520_211755.jpg 0.005584362974169788 0.01861133203679021 0.23193565973510624 0.9725370342322343 755.865710029248 62.42828849609691 127.91004933073427
IMG_20130210_163450.jpg -0.08632624767231008 -0.6212633566887521 0.13118905755324442 0.7677037526135554 -46.11944929423685 234.988802384823 722.0673517954349
2011-09-18_19-51-48_277.jpg 0.07454342840102465 0.8412769052511729 0.01783541494569932 0.5351432929103612 -226.35954795865516 -97.98595454214156 -719.9225331001437
IMG_20140521_134720.jpg -0.07545189639293062 -0.47340661864505135 0.12052413676566778 0.869291157904335 434.02460517523326 169.3204860887326 580.2039452544566
IMG_20140521_135132.jpg 0.09847996493510537 0.9252999275975085 0.04162934743378961 0.3638526321557449 -474.1301162007401 -100.38903835674273 -423.53714962866184
2012-04-21_19-06-12_928.jpg 0.019007921301238035 0.5964302079144373 0.006878945868922225 0.8024103601765613 334.3507341322826 -34.153176991429504 -696.4760699855506
2011-10-01_14-32-21_386.jpg 0.011090542855237888 -0.25208092290328404 0.12380175735359503 0.9596902276482588 702.3107586356101 15.923084811859512 355.9613145566437
IMG_20140521_135449.jpg 0.31969192250612627 0.40069144743946794 -0.07931686235082723 0.8549574691059323 426.2547120385494 -407.354993561372 -468.5480588109612
2011-10-13_15-28-32_396.jpg 0.0954094984380189 0.9899768138691808 -0.06582489259926433 0.08068468952363739 -630.5668549203122 45.93411751511958 -268.0897636014678
IMG_20140521_134103.jpg 0.12399282375918605 0.9921269874768528 -0.003076034272484633 0.017330850800919773 -729.1619678398102 -15.021313669029736 -67.14608971159264
2012-01-28_14-40-10_416.jpg 0.013272739571603364 -0.0022682561474125147 0.12625574790098312 0.9919063340458503 727.27518084003 28.350359808824518 192.93377045357911
IMG_20130210_163456.jpg 0.003996626143975208 -0.05875516981339171 0.1047750979791966 0.992750742051153 702.4141185502359 45.86635041911626 287.33190121685476
IMG_20130210_165257.jpg 0.3919832520230452 0.9191790588973193 0.010336436019902613 0.036771536661979014 -715.4792197775973 -12.167696007425713 -11.468712180210265
IMG_20140521_134058.jpg -0.04186962416624795 -0.29988896459499925 0.08852839618108464 0.9489342793660271 570.9241100163999 97.8627479906926 448.33334522313993
IMG_20130210_163752.jpg -0.04691837145429999 -0.14610058067217252 0.39562655585496487 0.9055014715889035 674.7358700284869 264.669242834865 276.218837297485
IMG_20140521_134517.jpg 0.3592521914365877 0.865248179770198 -0.1255478377244082 -0.32637584284853927 -564.2254599055143 363.4200440760209 392.0622877267213
IMG_20140521_134725.jpg -0.005025643415921538 -0.11456942826779126 0.08030170824813539 0.9901516170097787 730.7897442978194 6.977861743967776 131.52165451290566
2011-10-13_14-42-19_619.jpg 0.009941411708680398 -0.061646976581626746 0.16818303533700446 0.9837760340831724 704.6444360461629 61.914157738152305 264.8488459409922
IMG_20140521_134032.jpg -0.039252240531211915 -0.39858557752894613 0.0516695790040697 0.9148328009012021 453.99930670206635 81.51340551073042 573.6062273362013
2011-10-03_13-15-48_699.jpg 0.16223420198775326 0.9458702917053096 -0.08160456237340001 -0.2689798326539672 -545.8465664333631 174.8169061973693 383.7227469130623
IMG_20140521_135154.jpg 0.08827008682003666 0.9610855063384728 0.014024595016264347 0.26139309863409593 -554.2970790963217 -51.93222904415728 -322.73871260253367
IMG_20140521_134702.jpg 0.0848638600290138 0.9847876400534478 -0.014010546898856108 -0.15098057436151088 -701.7658657017848 39.00765652334212 262.2116007138311
IMG_20140521_134006.jpg 0.050966866592934784 0.8480355271739329 0.021099491611333114 0.5270606555362202 -259.17521537932714 -74.95269664033297 -681.1530092935881
IMG_20140521_135141.jpg 0.1427128399192967 0.6680258841689473 0.11699825456111382 0.7208924134932472 37.53931521633908 -237.68305035645264 -596.3835674398044
IMG_20140521_135136.jpg 0.0944643970430698 0.6691218176702928 0.08770870209174325 0.7318877334579905 50.505239585091246 -169.58938465682206 -618.1144346056936
IMG_20140520_182909.jpg 0.06462826748870826 0.8265919990343737 0.031370472362750874 0.5581977674959869 -108.96815036441318 -104.36187950317807 -738.7685486205994
2011-10-13_15-28-44_551.jpg 0.05873227331843446 0.5212926626842536 0.057770973679822486 0.8493921323525994 453.59922192172655 -101.4748957547911 -519.1085365448617
IMG_20140521_134455.jpg 0.008791710260424775 0.15549975351605047 0.09331784389863892 0.9833790278917147 730.5855349311619 -47.756556939861504 -256.8736294891221
2012-04-01_17-51-57_877.jpg 0.05938207113286951 0.9444843354541368 0.005362524331899072 0.3231011498625756 -634.2473962651846 -39.54580397221765 -427.838029499526
2012-01-01_09-47-31_226.jpg 0.009358012533784257 -0.23819506502002188 0.1289608722010137 0.9625718840910944 576.4120482110042 81.84323004517333 514.0388450539359
IMG_20140521_134759.jpg 0.3472709551510988 0.9263515640838679 -0.06081206185478374 -0.13258037773662418 -683.6941867651082 169.53744061636144 183.1676628956231
2011-10-13_14-42-35_909.jpg 0.070248979538737 0.41891795388571573 0.09406639419846254 0.9004023224472887 610.979104155068 -133.91463991276018 -440.6753030256691
IMG_20140521_134042.jpg 0.0066072516233347586 0.03011366822420054 0.18340958072217403 0.982553019898359 732.2471909927539 -2.9590033510893345 11.379643418574906
IMG_20140521_135234.jpg 0.013388157351512437 -0.0022132004526841617 0.08300385802694563 0.9964568322507151 645.3193713497488 -18.626024351883427 22.575619041498207
2011-10-01_14-33-25_558.jpg 0.27968970998839887 0.8938515374546051 -0.10211783085053489 -0.3352238710757709 -541.4556540140456 290.03776975243295 437.86419320010765
2011-10-13_14-40-48_799.jpg 0.10489417513445635 0.9935643518997024 -0.023604781097088502 0.03563572598314172 -692.1366345774327 -9.343327629633695 -225.22301141296992
IMG_20140521_134620.jpg -0.035352153404117855 -0.5355444203947974 0.04206974280432912 0.8427173522445534 366.5270236269436 70.32624257371255 664.2938353311071
2011-10-13_14-40-58_228.jpg 0.06418473912152381 0.966426884424043 -0.006421390188509918 0.24871301146981797 -534.197867968467 -36.64558921538717 -493.51041788437766
IMG_20140521_135207.jpg 0.022233476741618814 0.4134302384770597 0.05744623101255838 0.908449801016673 433.1568184461926 -60.323935804450805 -473.65666139639353
IMG_20140521_134708.jpg 0.3708470011793935 0.9098626736859626 -0.09294748392168103 -0.1611929960696536 -682.8771974447382 236.6594090277315 200.66480085803857
IMG_20140521_134010.jpg 0.15372752407077783 0.9860559163944317 -0.004631118406228914 0.06356202348033113 -714.2819259815903 -33.89333289762789 -158.27482671293686
2011-10-13_15-22-28_406.jpg 0.16463778897797773 0.9857826351678426 -0.02433837152709006 -0.02312224715284602 -779.4412940834289 37.43452815379036 36.87084026095668
IMG_20140521_135259.jpg 0.013315360805316577 0.08594256907636684 0.08917367798907168 0.9922119890129726 633.2455727833626 -34.185721523651964 -117.33575854087451
2011-10-01_14-04-06_46.jpg 0.06709503578257323 0.3038187203332303 0.07795095272469575 0.9471621246216119 659.5515513297576 -123.80832121729183 -342.23938690952644
2011-10-13_14-40-10_3.jpg 0.123838039611368 0.9881524293525764 -0.04636934708150868 -0.07790250291903414 -706.3231631483333 37.32701550174301 -60.86793272606041
IMG_20140521_133829.jpg 0.3595439183887419 0.9124567423491389 0.02548830265742826 0.19365229283153337 -616.2607482407234 -208.58803146465112 -315.3353634908939
IMG_20130210_163303.jpg 0.05011466427311935 0.761587325403839 -0.03278022591662969 -0.6452896427170324 -285.64993111059573 76.76141202738405 684.0303932947082
IMG_20140521_135218.jpg 0.134093919763229 0.8373735559561682 0.08996982286297056 0.5222353678580767 -261.46750814282916 -194.13900355796244 -555.1035382754231
2011-10-13_14-43-25_273.jpg -0.07433932939009599 -0.2808665888480171 0.27656252586306534 0.9160244498172259 546.5706835473185 291.7381097970746 465.07641467070323
2012-02-11_15-54-43_404.jpg 0.06629774115085088 0.7973040827516003 -0.08729626533321594 -0.5935403703243751 -342.84475103808956 164.90261995583188 679.1175918789713
IMG_20140521_135144.jpg 0.009550538531969818 0.3786053175200075 0.05016277000905116 0.9241485255435635 454.7815723327614 -41.67746742222418 -452.5709331437728
2011-10-13_15-21-54_312.jpg 0.0018137812224500892 -0.22041783690124578 0.13934303274350252 0.9653995062145495 732.5604773448849 30.219351696102486 316.263343289007
IMG_20130210_163342.jpg 0.03701684038646026 0.1377311624187706 0.2869322488290201 0.9472749152218165 757.6416927126171 -19.866490828058915 -41.269734445452315
IMG_20130210_165409.jpg 0.06884330572503287 0.40397963566008926 0.11017385903790945 0.9054958718920177 456.5601090507232 -157.6793357170537 -504.80582699511314
2012-01-28_14-40-55_292.jpg 0.06519901878884032 0.6893998963720993 0.04340833640575734 0.720133728665445 208.9206135142994 -121.61649338056812 -737.4181667407325
2012-02-11_16-06-32_96.jpg 0.08567005091650173 0.4301587197807721 0.18093083984781413 0.8802773138985779 547.6374433865066 -171.77915656489526 -410.81882164306154
IMG_20140521_134543.jpg -0.0414232346272082 -0.42225423289522895 0.06659360710130703 0.9030784959948487 529.5086888561254 90.41384602952134 562.86525373039
IMG_20140521_134552.jpg 0.24151719896365315 0.9064841856605361 -0.09109638309686395 -0.3341516313573456 -563.4393781659371 262.59653633251423 467.74022327874354
2011-12-17_14-51-57_632.jpg 0.23560827714569516 0.8430548432974607 -0.11832179006825257 -0.4687720394052689 -372.7493788630374 322.20152859614296 577.0195539099165
IMG_20130210_163442.jpg 0.10009820242925378 0.8325992911035961 -0.0865490302977637 -0.5378364395229633 -485.8344380969557 169.23649102941383 563.932256790509
2012-04-01_17-52-20_918.jpg 0.08222807548811982 0.646254834196859 0.08044681647753418 0.7544014465769137 75.77953983712742 -185.41416102296577 -752.2068490390079
2012-04-01_18-11-32_119.jpg 0.03384076818996336 0.8459091620868872 -0.045910288081014654 -0.530268552107413 -475.89022118998236 84.4997622058042 606.6788904078866
IMG_20140521_134259.jpg 0.02783413060674452 0.13355977151355813 0.24940270878193851 0.9587415384027355 726.168846139957 -89.93318552488805 -166.38026108605672
2012-02-18_13-09-02_132.jpg 0.11735731859564992 0.95105973261398 0.013640689195406334 0.2855285911612685 -651.4663801448222 -63.47280550856069 -348.90342833350246
IMG_20140521_135425.jpg 0.05030402226823731 0.42161469074533375 0.07412465052566322 0.9023392344765918 390.5450056797818 -115.66208804554726 -542.5141710894551
2012-02-04_14-26-36_868.jpg -0.011696838693066543 -0.21703034544178273 0.16820944208327765 0.9614918599322827 606.572728527469 56.00302652399747 272.74257809229715
2012-02-04_14-24-57_766.jpg 0.04721738717954871 0.3951513364413323 0.04235947057274202 0.9164232727890336 474.39175500205704 -78.75429729956932 -430.281031788364
IMG_20140521_134229.jpg 0.08989241376288931 0.9895479304346205 -0.01293887011137165 -0.11201264643191804 -727.6808990725194 23.027608460399936 140.39895652797304
2011-10-13_15-23-06_588.jpg 0.05699676433658202 0.8778858235219371 -0.07648606841893636 -0.4692736206651556 -427.0859279066011 132.7178542109287 609.5557048980256
2012-04-01_17-53-25_203.jpg 0.066988852462944 0.7693826743662142 -0.07607068870702696 -0.6306948900620869 -153.72718855437537 148.54345343381897 746.5952506712308
IMG_20140521_135431.jpg 0.09753224544245492 0.7595106374620482 0.060042054814429674 0.6403327293951224 -173.63281600016936 -149.73119760690145 -641.8421609287929
IMG_20140521_134250.jpg 0.09731721605098465 0.9916825370877169 -0.012644073868982163 -0.08327804327282819 -738.6023551090208 20.3946383399008 105.97855875690314
2012-04-21_19-05-53_128.jpg 0.13219385291512928 0.9874450025418702 -0.03786576240000083 0.07773889788519818 -740.3995016189409 9.555371586646551 -223.19421845788105
2011-10-01_14-02-03_773.jpg 0.07447253250421373 0.6124399260351968 0.014530559716409264 0.7868672325969235 350.33778456221864 -111.46807377510255 -660.8802191979353
2011-10-13_15-26-09_227.jpg 0.0689048253923241 0.4356260947411905 0.028937493096908504 0.8970198727516902 422.4820287109018 -99.01775966230736 -472.23785477583874
IMG_20130210_163656.jpg -0.01628388669217542 -0.11880926358449649 0.16269436803794396 0.9793619027353678 697.4028174678512 106.12998766139664 327.246198402564
2011-09-12_14-15-33_253.jpg 0.17935350460621696 0.8635255861238345 -0.10047740865993558 -0.46049991622576875 -400.74131387772775 266.0607756734603 619.1256989104306
2012-02-11_17-54-57_837.jpg 0.0017937544247156926 0.05930220876551682 0.04911445662570724 0.9970294883457341 767.5222707462012 8.432986144859202 72.73741944950538
2011-10-01_14-34-01_838.jpg 0.32878379995149776 0.9250680197018095 -0.015988247786930185 0.1894590925427713 -697.9170724684132 -49.18962096731143 -229.84278232932235
2011-10-13_14-41-10_987.jpg 0.07840039857512751 0.479641021608085 0.08989408664839492 0.8693198036854244 521.715468881952 -143.11092773492533 -486.8575757570022
2011-10-01_14-03-23_319.jpg -0.005024995539702594 -0.21717088533763151 0.049148378706190834 0.974882553363249 645.27527186098 32.97218351129391 440.78563744813925
2011-10-13_14-39-31_519.jpg 0.07828062474205849 0.9482802638942625 -0.011624264963216639 0.30741106252489636 -454.06026428385843 -41.37420543516427 -517.8471607013985
2011-10-13_15-28-57_199.jpg 0.06989643788577542 0.2501199089363969 0.11837435225526306 0.9584059848794125 679.4695064714 -98.38936393490435 -168.35936585172314
2012-01-28_14-44-12_979.jpg 0.06037362898971404 0.6340489014935861 0.03198425841837072 0.7702687989596981 227.72463909981505 -103.9201567619707 -686.598372430885
2011-10-01_14-32-07_573.jpg 0.0639226906405393 0.7245742650690852 -0.0797123226434811 -0.6815804938814272 -17.424440884358685 151.71079425668424 775.5972811254428
IMG_20140521_133816.jpg 0.02988069604699921 0.9978975306277924 0.003480146706455449 -0.05740688939145913 -724.8034929438285 -11.607694325900011 -30.391354896541046
IMG_20140521_133716.jpg 0.26266137720993943 0.906144596936886 -0.08159304991206338 -0.3213308957606069 -641.6553740631055 185.61785030932023 330.71040213449623
IMG_20130210_163420.jpg 0.05087399435240014 0.9622330732111742 -0.032073382635898755 -0.2655007488567638 -734.4709029728418 50.06375182811127 215.78115141523025
IMG_20140521_133618.jpg 0.15286560128061577 0.9769634873504813 0.012759357434241718 0.14836324048418265 -695.3359494458892 -91.30180872969392 -323.1442623776747
IMG_20130210_163326.jpg 0.061621455997331424 0.9013022522014865 0.0267733818032343 0.42794886652977043 -332.91472920178654 -89.32454536548366 -669.0195535426564
2011-10-15_14-27-51_352.jpg 0.0461085588707899 0.9787073969287915 -0.00980238796761822 0.19977423554067308 -571.6323536705127 -14.36058837332842 -416.4371163751662
2011-10-15_14-27-59_188.jpg 0.03163950084922343 0.7394508939979443 0.00177567432598765 0.6724642476238722 94.6488622751709 -38.2842803262467 -702.2982609301165
IMG_20130210_163733.jpg 0.06856366986664489 0.8086853049510705 0.04570494525743899 0.582441549607878 -84.81189089594201 -127.01046468263749 -762.9412064922319
2012-04-01_18-11-58_134.jpg 0.057735255105225675 0.9981505155405502 -0.007020419660824082 0.017689046097920946 -750.5027449747276 -10.512914154613423 -191.69068649019115
2012-04-01_18-11-40_213.jpg -0.05075801527394259 -0.478749326625905 0.14826497429809574 0.863851956956212 268.5182373666795 207.48189259865188 697.3419995176326
2011-10-01_14-05-51_548.jpg 0.12022535753674014 0.9919469336188823 -0.029189621473742634 0.027112917354639797 -762.2880803335944 13.710029921564912 -125.18207894800241
IMG_20140521_133704.jpg -0.01093462494558293 -0.1981985954365331 0.025731721658381737 0.9797630474991293 643.3834935884427 24.549377306732598 387.18476605270587
IMG_20130210_163614.jpg 0.02112698410358367 0.18026492015836376 0.04439817576408248 0.9823884217008095 764.2235036568459 -27.751144994987495 -79.51626459153968
IMG_20140521_133236.jpg 0.07664090658800066 0.7810621619601953 -0.052850604142656105 -0.6174746020956587 -353.5449197522098 118.17657760816158 655.2429306386589
2011-10-01_14-05-02_890.jpg 0.07870834275304521 0.39146284207637105 0.08368157238388924 0.91299465195472 536.6528499141593 -152.3828829261688 -471.57669473173183
IMG_20140521_133657.jpg 0.011582801603466433 0.22653601819035557 0.06742589860114827 0.9715971487027435 718.9939207346532 -29.822085751399975 -230.82926460723525
IMG_20140521_134901.jpg 0.0622889904227861 0.35110084573830774 0.1676171885410181 0.9191043226421901 499.6766184150272 -179.56851293140585 -462.2448607826788
IMG_20130210_163537.jpg 0.13974498735550356 0.7568007117108919 -0.12459017855748683 -0.6262597773048427 -322.49141693595766 250.80228325240319 624.8134063305232
2011-10-01_14-04-27_991.jpg 0.1409891214959887 0.972390863973249 -0.014879920290197076 -0.18535550505260284 -715.8518192578459 33.141568024132084 189.72794767075237
IMG_20140521_133638.jpg 0.2023015700149062 0.8948858656568409 -0.09757968230581465 -0.38565731915549994 -597.4920631139054 215.2313311763095 425.69974628557463
2011-10-13_15-26-23_83.jpg 0.08590369989595499 0.5101415980223614 0.0818627482931285 0.8518653618696286 321.2414800577519 -149.53926252048765 -533.8877337866603
2012-04-01_17-52-30_726.jpg 0.12437694112348237 0.8702308896145132 -0.08061360367409677 -0.4698191377329947 -392.16833201189377 199.27139405973767 647.4994363515904
2011-10-01_14-04-16_647.jpg 0.008171370017551312 -0.29283369970410317 0.022481186390385124 0.9558641374631256 566.7285352314764 -2.052639480144011 491.12974126926855
2012-01-15_12-42-51_289.jpg 0.03020724441609727 0.35383310024808395 0.04213879908511305 0.9338704306087008 671.6700601263151 -52.374158307219524 -333.4385634338232
2011-10-13_15-25-56_609.jpg 0.042783029445067136 0.35788784449074396 0.02244774054441937 0.9325138079952069 511.4592428227817 -64.20906978808986 -386.53394369186054
2012-04-01_17-52-11_509.jpg 0.1043545624725258 0.9439233513376057 0.019301068495742365 0.3126440481532843 -646.5760531301087 -77.86058789264584 -415.2252193619017
2011-10-01_14-03-53_317.jpg 0.12177277373047281 0.9199611434503756 -0.06911040587766491 -0.36615111350218277 -618.5281920994332 141.50557980348634 423.77664676440895
IMG_20140521_134814.jpg -0.058002756135941275 -0.44715857509398244 0.15335216130925863 0.8792997234290096 457.58840896432457 155.41130082557194 530.3936918475573
2012-04-01_17-51-41_830.jpg 0.07465550672917028 0.5846148718321102 0.06857199241162833 0.8049533457315623 180.81605603237497 -159.2453539330588 -713.2703422602713
IMG_20140521_133925.jpg 0.0008954366462062757 0.07994190135643353 0.05634283759538842 0.995205493982238 728.7373917461703 0.1342556915773829 -10.95494276986191
2011-10-01_14-03-03_624.jpg 0.03537534810113478 0.24426614963948365 0.012756033537514646 0.968978800849335 736.3847787723025 -57.7037471853651 -238.53020849929075
2011-10-13_15-24-27_555.jpg 0.12006916325075745 0.9003330298148008 0.0007270179695481707 0.418310055946108 -427.3156335432787 -94.48830840199749 -597.1534880328499
2012-04-01_17-50-51_52.jpg 0.28308089224676997 0.9417784377528965 0.015129934889463924 0.18080284206485042 -671.8765524637499 -81.27826158009533 -205.9703874320205
IMG_20140521_134746.jpg 0.11439041458142064 0.9072902809422084 -0.053739599631614954 -0.40106263175610507 -458.2805322388049 136.94567358696915 549.3866703582861
IMG_20130210_163400.jpg 0.0533215638415832 0.8614408774516311 -0.03869300928207159 -0.5035665561944606 -521.987310537595 79.18147850365926 552.1619236973324
IMG_20140521_134319.jpg 0.13236045066331983 0.7011158152705722 -0.1421746024708457 -0.6860784992185235 -22.536245164152138 281.56529693544127 703.3146510545918
2011-10-13_15-24-17_508.jpg 0.052870874925484 0.7112703669155218 -0.09077501272024385 -0.6950244835961629 -71.78811526558222 147.18393583646647 721.5687120799706
IMG_20140521_133834.jpg 0.04397994507135379 0.6479669895588971 0.036603943412726665 0.759516093443805 225.89487168381103 -83.2846808661442 -682.004301585644
IMG_20140521_134734.jpg -0.062371070265548084 -0.5598497403435332 0.10852108643822611 0.8190856436475217 303.6443322756069 152.05901861623275 650.5768441717172
IMG_20140521_133824.jpg 0.16767401508376673 0.9450863308405246 -0.061575087323567756 -0.27368916775272467 -663.9109470611453 114.2442529970027 263.0402021487552
2012-02-11_17-55-15_790.jpg -0.011282940738446982 -0.21774590192092724 0.14727295129240653 0.964764269271286 599.1656336688205 112.15619281373914 460.31237655522136
IMG_20140521_133802.jpg 0.3900327932289174 0.9167799026173592 0.008439169178250069 0.08554420369922842 -696.3838019263181 -137.81647356431327 -178.2758905318755
2011-09-18_19-52-52_142.jpg 0.058207978086376656 0.8924200935376834 -0.05054786158069625 -0.4445707161148913 -581.7466902684617 96.64490408117956 493.5796437318254
IMG_20140521_133751.jpg 0.2873722683062635 0.9430059509809555 -0.031219382360800057 -0.16487057344482964 -718.0023671649681 51.698992970091055 131.5174430662592
2011-10-01_14-35-09_370.jpg 0.024968457845133202 0.8498910505133493 -0.06303875981817467 -0.5225781215576648 -299.8529739374671 86.42752863771565 634.2418676449312
2012-02-11_17-54-45_951.jpg 0.04404546871013635 0.8238047857679563 -0.05020882541632307 -0.5629251686345433 -418.7115455799081 96.71851966006525 642.5591634718576
IMG_20140521_134934.jpg 0.05327058382177697 0.891751628318852 -0.03462709423141127 -0.44804267947936843 -408.7954840006889 71.2150518290968 573.3810249433465
IMG_20140521_133735.jpg 0.2217943138926519 0.9245484470474097 0.04749947126482649 0.3062045911097233 -530.1332153380857 -207.50899538087307 -472.91519150312786
2012-02-11_16-12-51_455.jpg 0.07206294040683629 0.22805189394575584 0.2710615783497764 0.9323759365353663 720.7095317172683 -98.91336157917632 -139.9888850589044
IMG_20140521_134642.jpg 0.12406833744785942 0.7274671327116139 -0.11575278120840507 -0.6648307394440984 -12.204300798499789 244.7520016852756 712.4594663858358
IMG_20140521_133725.jpg 0.03749099829426576 0.5485246264198221 0.04914688421808794 0.8338463545699214 386.94351872992104 -84.98263011760731 -625.9570897685801
IMG_20140521_134624.jpg 0.11125371240905295 0.9808949615070489 -0.01513444565834503 -0.1588667193590382 -705.6629584991185 52.189319571704 280.8229678691678
2011-10-01_14-33-40_719.jpg 0.23621033266677552 0.8738273911264196 -0.14857030076017386 -0.39819245973609074 -445.7807955486285 338.8870793329302 493.5605049285636
2011-10-13_15-22-10_39.jpg 0.08346342999027091 0.986581021772279 -0.0385990148141636 -0.13491426680822438 -754.3155206449205 73.44952998863266 228.12586185890868
2012-02-11_16-07-09_767.jpg 0.09483284731403724 0.8977824088008312 0.03145644037655563 0.42895683917723715 -315.4293363160504 -123.4083311048038 -650.6771574804561
IMG_20140521_134611.jpg 0.04787829482310677 0.5638748295098454 0.0813775344203503 0.8204453317691189 234.39684308189103 -141.99101111730064 -719.0404128917324
IMG_20140521_134851.jpg 0.3908710722993895 0.9081578807872649 0.03003522893127364 0.14685691480674443 -687.7955891382042 -100.59014169963372 -144.86584438572248
IMG_20140521_133653.jpg 0.07113913429595602 0.5760676108073676 0.07796788003252225 0.8105592766932888 347.8895976348418 -152.3651878338118 -654.2389191092446
2011-10-01_14-33-15_675.jpg -0.00656000672258605 -0.4763914580797265 0.04143536819136181 0.8782318914975238 446.68163220159676 27.987322234147054 610.8598333898651
2011-10-13_15-21-48_70.jpg 0.04534904085108123 0.7705124806999285 -0.08855361133339414 -0.6296127694856133 -123.92686692504127 145.29022657570306 776.3387412117717
IMG_20140521_133644.jpg 0.1887582454079991 0.9067465742701738 -0.08378010527441725 -0.36764367096416295 -615.9106448021613 185.06246839949543 408.10987928799085
2011-10-01_14-33-03_50.jpg 0.23333851980870665 0.8844214885429815 -0.15165287887306386 -0.37463738482219144 -489.0863774527335 342.8599616496173 478.8626865667805
2011-10-13_14-44-35_892.jpg 0.03270212486363763 0.4449852745318777 0.03664688423881014 0.8941899587642327 561.3002254583012 -73.36856878978398 -559.4999330485617
2011-09-18_19-45-01_34.jpg -0.024712489691889515 -0.04343876085428468 0.12026466225920711 0.9914831203406091 761.4842338455948 72.53854659835058 184.45570710892065
IMG_20140521_133630.jpg 0.08933092162187552 0.5299158224712216 0.1150612245825636 0.8354460617744253 420.4442240835175 -198.16813031307174 -608.1600419585483
IMG_20130210_163338.jpg -0.009588933619346858 -0.26945463957643173 0.1042750233466195 0.957302966186171 543.4984629813265 87.74797233893098 522.0300936201659
2012-02-11_16-05-59_783.jpg 0.05581722450130718 0.4587645843573886 0.10659334597294177 0.8803734163311934 538.8007250232904 -115.36363965964506 -467.65673700909934
2012-02-11_15-07-14_158.jpg 0.021089722006780536 0.22237869247098244 0.13249240977677204 0.965685612459934 742.5457040643088 -49.9939219977208 -214.64668755905646
2011-10-01_14-31-58_416.jpg 0.10300202602486767 0.9720871896201693 -0.04726058671271647 -0.20543494190303288 -714.3954009918923 103.73267543498373 336.69862782744053
IMG_20130210_163309.jpg -0.07462728693701504 -0.2882103655168241 0.2513300479937961 0.9209770682424814 501.77402160705395 275.2479707480686 477.5493833177849
2012-02-11_15-06-19_188.jpg 0.132170842711864 0.8482433037919185 -0.09552619476969818 -0.503873904882787 -455.5708498287959 206.5633245177252 581.0582389743013
2011-10-01_14-06-32_541.jpg 0.07811143219048258 0.6339992058324706 0.037856300203997405 0.7684468177433054 260.04160001033705 -138.32121527382364 -725.3156130470975
IMG_20130210_163253.jpg 0.04190609154478963 0.6120623529035752 0.049195708692315876 0.7881645373244341 339.88560191977456 -87.0207874888181 -649.104669721662
2011-10-01_14-06-14_385.jpg 0.11542834048284527 0.9061572217018107 -0.07073582407385137 -0.400689194967403 -590.8609663341423 148.74223299927365 475.5703270960984
2011-09-18_19-51-28_840.jpg 0.14602792508541124 0.93368322274376 -0.06387842813822624 -0.32067277882705403 -643.3935402851764 131.21799439792719 356.88259879909845
2012-02-11_15-55-18_225.jpg 0.09486364587891122 0.9885818546449832 -0.0001760940642022534 0.11707593411170204 -694.7161278270288 -47.90704859094648 -329.827397696854
2011-09-18_19-51-21_238.jpg 0.14348351379117147 0.940862394290165 -0.06188998082549611 -0.3005995118993648 -657.184174492907 123.72282313963878 331.6273338597359
2012-02-11_15-54-53_466.jpg 0.08154446416559288 0.8747166156204967 -0.07657384034349698 -0.4715482898881293 -535.0052512977628 149.91509529639276 544.5345944593608
2011-09-18_19-50-03_845.jpg 0.12915993867746053 0.9908225346440406 -0.036519063384425086 -0.01596161307380757 -737.945092377925 36.88494866606373 -36.17587930681254
2012-02-11_15-54-30_83.jpg 0.07508622500908202 0.8552511257490255 0.019703100241695495 0.5123664299695834 -257.39565960358846 -100.92456968943648 -725.2765952430583
2011-09-18_19-49-27_741.jpg 0.098810422842139 0.9920862425474818 -0.034246040342632435 -0.06948810262647313 -740.5312027106764 49.47418069909834 74.39547239759014
2012-01-01_11-00-20_21.jpg 0.01613129900214436 -0.11372533406717143 0.08321805605052912 0.9898894305582744 631.7378525173123 19.29426949682808 316.0373754582097
2012-01-28_14-42-30_955.jpg 0.029226430438051388 0.2771984353814653 0.023295226035239702 0.9600855043327572 727.7731926319213 -54.49121588238119 -311.322470892107
IMG_20130210_165559.jpg 0.12925946044372288 0.7748678841295105 0.09600313332771307 0.6112733859916647 -158.06318007007957 -203.3355590904731 -593.9922748456053
2012-02-11_15-53-41_116.jpg 0.006838836678475314 0.016213342104179473 0.08930548079183469 0.9958488283626374 771.0923671071764 -0.15946119495937056 73.07374815544108
2011-09-18_19-48-09_199.jpg 0.116189966427411 0.9541280056372046 -0.006076196806387269 0.2758672151465974 -693.3156642765325 -39.24899047714088 -377.645065212354
2011-09-18_19-48-01_445.jpg 0.1123443865903934 0.8754808069996873 -0.10108289687013339 -0.45901453499551265 -401.6892673617501 217.65733697026855 642.3087882016127
2012-02-11_15-07-21_697.jpg 0.13432824907762791 0.8298246939289338 -0.10475837631117076 -0.5313874118175345 -432.6330288172072 234.16807310713332 635.2761594573178
2011-12-30_15-21-57_182.jpg -0.04010336655428015 0.9613514632088157 0.0037612576543684427 -0.2723617761693824 -693.3661224072694 -36.48811446768692 469.7586611370938
IMG_20130210_165459.jpg 0.04295371765800788 0.8069503964382603 0.04128776285285325 0.5876064639417244 -211.13767392147557 -84.36956137473257 -628.9684836255
2011-09-04_18-03-31_55.jpg 0.04777007363409347 0.9988476473348561 6.345246015247151e-05 0.0046253056549398755 -730.8432597011696 -14.157238954891815 -99.10863548280271
2012-02-11_15-06-31_219.jpg 0.08764080590353246 0.8604487604627991 -0.02125327185440731 0.5014930888796918 -283.5450165466643 -61.75398711278393 -712.2154527938847
2011-08-27_19-07-57_152.jpg 0.14060329987116338 0.9847781731480962 -0.008911184027019068 -0.10180006166832105 -739.7997821912227 6.993457806393353 70.23761237377266
2011-08-27_19-04-32_391.jpg -0.00927011866245864 -0.06327193713231882 0.0897561246131185 0.9939087307021417 722.8670554981659 32.76842568567046 172.68748983236253
2012-02-11_15-06-07_821.jpg 0.03167231615835612 0.01014757393365458 0.04931663151008803 0.9982293128279316 766.6682532651055 -41.50096778188652 101.61005302513342
2011-06-25_14-52-41_37.jpg -0.008844258606293355 -0.6529639507115792 0.04957799590902305 0.7557128293753368 -67.78979516774515 68.70311484527376 756.8635860780557
2012-02-11_15-05-53_430.jpg -0.06988894690522741 -0.49855146958948193 0.12187718883548523 0.8553992740891273 274.8107532527264 201.37642635583146 709.1212203003943
2011-06-25_14-52-30_729.jpg 0.06418815313948326 0.8427551990440985 -0.06796466332332515 -0.5301173077914274 -480.06890033773254 128.49650163594552 579.7926226659521
2012-02-11_15-05-45_805.jpg 0.28337492669656406 0.780957752522246 -0.21004752434572013 -0.5154451253153467 -410.7098768982898 451.5629680489457 496.5459251761656
2011-06-25_14-52-16_178.jpg 0.04840000398253039 0.4178599250481099 0.06274370172614294 0.9050490321231107 617.7415852978695 -91.40406782744695 -441.7088158035193
2012-02-11_15-05-04_657.jpg -0.0121423443976964 -0.6845411820763835 0.064042921463866 0.72605401846169 -116.31811536018743 91.69112191800217 760.0658834016584
2010-10-30_17-49-44_340.jpg -0.010098436089990573 -0.5084595805633937 0.07844796929586048 0.8574455041780733 207.7765431998532 95.11154732211364 742.5287126601772
2010-10-30_17-49-33_742.jpg 0.005723317251990537 -0.08114547335358809 0.10613203326249426 0.991018994424135 714.556732629576 42.29098890841721 296.6880470326665
2011-12-29_15-36-12_252.jpg 0.0236976811482416 0.33907211633337675 -0.0016110740447746862 0.9404604852272237 622.5068483016006 -34.92410751737654 -354.18049112592774
2012-02-04_14-38-27_722.jpg 0.049931615756474444 0.7586984191575737 -0.07662413877552558 -0.6449901424616146 -97.01685309128645 140.40975372355652 813.9620096504439
2010-10-30_17-49-17_523.jpg 0.022921364627717745 0.7446965327458227 -0.04798665611591045 -0.6652811180206198 -257.4692113253811 80.55646519653814 716.0342823504413
2010-10-30_17-48-53_719.jpg 0.011226140325499241 -0.00548087245010508 0.12240365482515907 0.9924017730214019 727.4650975938356 27.826054406714654 183.4467935834357
2010-10-30_17-48-42_201.jpg 0.04886452136700385 0.7435064270627988 -0.06703245771552685 -0.663563938954266 -258.693431249386 123.01590989133364 699.1588567556785
2012-02-04_14-28-54_541.jpg -0.018712734918016442 -0.3082087781447055 0.05215951444826758 0.9497034103755535 638.6190333365697 40.003910789468414 410.52119365943634
2010-10-30_17-48-33_797.jpg 0.06290389060347014 0.9809497735321115 -0.04178649627274872 -0.17898192948868524 -748.5200437877453 56.71376439871641 88.62821626056943
2012-02-04_14-28-43_650.jpg 0.03392086254669181 0.4942268101314904 0.03636603554355985 0.8679094115690785 344.7819430719972 -79.83869062711648 -662.3433272981232
2010-10-30_17-48-20_774.jpg 0.045873198761946975 0.5805514200434825 0.043327811208703715 0.8117748450751018 394.69598536650454 -88.29658020243296 -626.3506741300113
2012-02-04_14-28-35_778.jpg 0.25746634351769315 0.9550258991015874 0.004786010137944357 0.14701601309991366 -729.4447112094654 -49.390235014253825 -169.85455649544016
2010-10-30_17-47-59_875.jpg 0.0622737193601758 0.3365281090751453 0.175932467979937 0.9229943566403023 647.7357811810944 -117.40416113037615 -303.4718134622519
2012-02-04_14-28-12_421.jpg 0.023708573239861072 0.9246605432309466 -0.011456500012801801 0.37988094444738646 -553.4712676095946 -3.4513448128954423 -487.85816683064775
2010-10-30_17-47-51_774.jpg 0.12296089305988486 0.9910420188057226 -0.04620957658911591 -0.024104165010387025 -707.7154937060493 27.85889991500353 -135.58083337113374
2011-12-29_15-33-41_760.jpg 0.06983132711577787 0.9969747876535175 -0.03338531825688797 0.007090772973364092 -726.2644160837441 20.88965117341503 -193.07248789632587
2012-02-04_14-27-59_72.jpg 0.02814207808220765 0.5403700356962381 0.019274175211434878 0.8407358408755868 265.6920332259907 -57.08885821197725 -672.7765577042236
2010-10-30_17-47-33_586.jpg 0.0940540079390779 0.9944096519124617 -0.026773546605235322 0.0398304528735383 -671.5852772208958 1.8074243020755858 -212.44360376439033
2012-02-11_15-04-56_852.jpg -0.006073802788847089 -0.03590431209623921 0.33164963931977537 0.9426995841898108 742.4996026537884 129.98171181721895 176.81359791972832
2011-09-18_19-49-47_322.jpg 0.012272446394413326 -0.09563093329396258 0.16931446506265607 0.9808347075717543 711.7314625727785 15.309851380250173 182.84949461685946
2012-02-04_14-29-15_423.jpg 0.15220478606031693 0.9156324719369232 0.026806474546326304 0.37112301512761214 -580.7035187255008 -121.64506368890648 -486.7799244897828
2011-09-18_19-49-18_689.jpg 0.04788383321904107 0.8159141695013057 -0.06516196099931203 -0.5724902840764806 -274.1907517137704 113.38107832744178 685.0532356865917
2012-02-04_14-29-05_111.jpg 0.1267501008815663 0.8436368033950156 -0.09044671111164893 -0.5138392242064028 -309.2498809933108 212.45965429782123 661.1542580787502
2011-09-18_19-48-15_986.jpg 0.1276992748526872 0.9655574303151683 -0.012349739327203863 0.22636083562272089 -730.2217806396573 -24.28218411963904 -310.21538347552575
2011-06-25_14-52-08_316.jpg 0.026095698764618654 0.8865162935765748 0.0029737824033612527 0.4619513311458858 -277.15891021266026 -31.120472991364807 -710.454634737
2010-10-30_17-47-25_73.jpg -0.002221784313260248 -0.08028201240800577 0.10828394813638652 0.9908705509470869 652.3484381599876 48.83076257442311 259.56220548816157
IMG_20140521_134310.jpg 0.1297794794665688 0.6397527930079787 0.10949405075085747 0.7495896900291829 120.36659124232368 -259.531588122985 -697.1484140095675
2011-10-01_14-38-39_644.jpg 0.07984263827039081 0.6434313313849794 0.027069323066411455 0.7608472426544648 66.14947201942044 -106.37765645146024 -642.4072958743365
2012-02-04_14-27-02_446.jpg 0.20459200789345297 0.8227821138108451 0.15074402480740912 0.5083777556934856 -312.8741354390149 -316.8633197750744 -524.0025471679488
2012-02-04_14-26-27_329.jpg 0.02251377427345248 0.5212174227177352 0.01935627741799868 0.8529073002079204 298.5697850774887 -45.29810383385477 -594.3133584476958
2012-02-04_14-27-11_868.jpg 0.05510900012665446 0.8578585338513988 -0.059620899286521846 -0.507431849977546 -317.57710765386787 102.49815830083323 603.4635949158107
2012-02-04_14-26-05_672.jpg 0.01885473386933062 0.19861680436097684 0.037872466908048866 0.9791636943261576 590.3126099381936 -39.10300467825784 -252.46193716082058
2012-02-04_14-25-57_611.jpg 0.08057542795133026 0.681025303769626 0.09057100489477588 0.722155820518189 34.542575860947885 -159.4782122205922 -622.5619274327647
2012-02-04_14-25-24_48.jpg 0.020713149620064836 0.1955374368817133 0.022278008117222206 0.9802243450174429 601.2517596202522 -34.61614050531868 -219.53044039731697
2012-02-04_14-25-15_610.jpg 0.07204882513161728 0.5532594122864332 0.0857395921345759 0.825446371276912 269.472757318103 -138.5179115894539 -564.1233488188564
2012-02-04_14-23-21_748.jpg 0.03414395373217418 0.08066442800320026 0.0853844411330047 0.9924902708293197 730.3484108565187 -49.41169208714046 -26.869187987043748
2012-02-04_14-22-58_90.jpg 0.1227246306961583 0.8888577289512652 0.017427812155818515 0.4410973521429848 -358.6848884867564 -125.13672810743564 -620.8578326051459
IMG_20140521_134138.jpg 0.09808662775913303 0.8004635012515618 0.06459152050587613 0.5877628195944957 -188.87666450038952 -168.23115283497108 -686.414475439042
2012-02-04_14-22-30_751.jpg 0.02643380646338629 0.4589771731285941 0.017554193576980605 0.8878812188072247 508.60033803366474 -45.62211791009686 -512.8420917620502
2012-02-04_14-23-36_467.jpg 0.039601037328538424 0.49815745889018437 0.03170282468924743 0.8656014295859855 428.30956671887964 -76.35583824826632 -588.2077445142558
2012-02-04_14-22-23_115.jpg 0.017902629689918192 0.1378622514656735 0.0424097121670489 0.9893810751095399 716.2261639644545 -25.532102109551825 -76.73307362801688
2011-10-01_14-34-12_690.jpg 0.10621320010397442 0.9221747176855389 0.013154597813635628 -0.3716712293703024 -672.3094329451689 0.39921727845189026 373.0349917669901
2012-02-04_14-22-13_779.jpg 0.25599603101812524 0.7932446743237268 0.1449795582369149 0.5331133523496107 -159.89282412933906 -386.99772999428563 -580.9746255910638
2012-02-04_14-21-52_735.jpg 0.006102582471311572 0.47139158326138136 -0.023490521484993452 0.8815900005772934 497.6900564433223 1.3906610200333762 -505.88264871093514
2012-02-04_14-21-34_646.jpg 0.033027316676526156 0.42178912071562924 0.04078459092538959 0.9051738789548303 553.3243938550034 -56.9223019856771 -423.3527234553273
2012-02-04_14-21-18_397.jpg 0.053486633548716175 0.9631373409074179 -0.005525701064581173 0.2635813142261023 -509.1092694164488 -27.36950645334349 -474.64747307165493
2012-02-04_14-21-05_53.jpg 0.06328101680036632 0.6670594553884858 0.07962912711866103 0.7380287243758524 211.9316990611913 -128.56713158272595 -639.4638744030377
2012-01-28_14-43-44_776.jpg 0.1552360531179251 0.986647278660546 -0.027436479533670004 -0.04094087095930453 -735.2156161457538 18.517174962841956 -27.441771446411785
2012-02-04_14-20-28_124.jpg 0.07078278707510449 0.9627724591953498 -0.01193331546775803 0.26060810588077366 -491.73368507281043 -26.087947310557148 -425.1505472315824
2012-01-28_15-19-19_648.jpg 0.06204687844778147 0.9668770001376714 -0.035493089292245615 -0.24502916579900552 -687.1540426720265 74.58661036443793 405.6482082560461
2012-02-04_14-22-01_386.jpg 0.027533638058409977 0.5452331329324316 0.00782707405094818 0.8377955994392396 400.4912241652637 -40.88058693699108 -587.4394962498312
2012-02-04_14-26-51_287.jpg 0.05008040190893707 0.7454819679088099 0.006454672306063586 0.6646103565796043 -91.3102365781489 -57.96254515237911 -672.451191537129
IMG_20140520_211932.jpg 0.10538434232493141 0.9098363401216178 -0.052002245023841945 -0.3979795737212178 -615.7636401971564 114.9401332858486 461.1914108867561
2012-01-28_15-19-08_964.jpg 0.087195525111765 0.9867278108218606 -0.0031149111960526226 0.13695059357090605 -778.6989345209535 -15.633319367721855 -177.1321328118325
2012-01-28_15-18-50_977.jpg 0.20196174118308596 0.9445004006040815 -0.06822032184258087 -0.24995286764652497 -660.7412242377765 186.40906390770633 382.46326449866973
2012-01-28_14-42-20_620.jpg -0.006394012762475331 -0.2080123219248773 0.07201537237771352 0.9754505506018813 665.0785295639859 47.61531259853675 436.4182301231469
2012-01-28_15-18-34_874.jpg 0.10041791097381364 0.8264562574465132 -0.07110258735258475 -0.5493912264997732 -270.68123792349047 174.8259739052857 721.5084499077901
2012-01-28_15-18-18_863.jpg -0.02100862997684133 -0.3726058128031404 0.09849693495535057 0.9225084820944515 602.4127568620133 75.94092949547554 524.9851826271441
2012-01-28_14-45-51_331.jpg 0.21567101254419827 0.9250572956811673 -0.06788339847492302 -0.305199702271644 -666.3536361020195 150.0822705309346 323.204641589237
2012-01-28_14-40-46_978.jpg 0.008318745043382869 0.04079003573735045 0.1052579958662474 0.9935732110779107 766.7671141312031 17.74058781779486 113.71232514644046
2012-01-28_14-45-05_143.jpg 0.07758243523049382 0.9601243440767707 -0.003167621911040978 0.26857433947844955 -584.408686879225 -40.47702768754391 -427.8298644768345
2012-01-28_14-44-45_580.jpg 0.04322179139393736 0.2536643809022953 0.07599071126823376 0.9633336236274024 658.2857033472421 -84.71126858093433 -291.095239299513
2012-01-28_14-44-35_41.jpg -0.009242656793498942 -0.27054633737041284 0.047410546415051213 0.9614944059740956 584.8236710699923 32.52716173941064 435.9449423262612
2012-01-28_15-18-43_310.jpg 0.09471572976711604 0.9851754644883051 -0.009598665160328384 0.142709846654234 -764.9321979661669 -6.893124689566002 -185.4314435306445
2012-02-04_14-23-07_60.jpg 0.05106370963997906 0.5801907991014695 0.03632979233750255 0.8120660566631979 325.774664073466 -94.55558885558207 -646.4073959136739
IMG_20140520_211811.jpg 0.0644252323420059 0.6681632938721417 0.05744169071241453 0.7389909703966002 240.0270102880534 -130.171474847107 -720.9670378015458
2012-01-28_14-44-03_713.jpg 0.17688327622444272 0.9745550829403204 -0.04483432154033629 -0.13017135060876628 -722.7198844002329 60.64739802383363 86.32969711022385
2012-01-28_14-43-54_18.jpg 0.11260249297635577 0.9489073482899442 0.006817171481569982 0.2947016272602636 -551.4262985141792 -80.39260360979421 -474.88204616608067
IMG_20130210_165643.jpg 0.043223072670356036 0.43836039753850703 0.08350268572775488 0.8938675681190513 407.31203972392325 -99.22574324740305 -487.7639880261512
2012-01-15_12-39-00_996.jpg 0.09581109362694203 0.8569596927160873 -0.11386100300732223 -0.4934328641184381 -481.6241964555648 222.03549930264103 641.8650423120802
IMG_20130210_165635.jpg 0.11693601330235273 0.8877765872081137 0.045747321032073116 0.4428158563290782 -373.9352065202142 -126.07009350450213 -507.4995319336129
2012-01-28_14-43-28_869.jpg 0.023365678779950126 -0.028343434291300696 0.04383837899643961 0.998363105946274 725.0022962541815 -27.91099718177382 140.0168835233105
IMG_20140521_135313.jpg 0.08153618642129597 0.937733093185168 0.027288045162000552 0.33654696379626764 -504.83640042049666 -72.09276282480882 -392.6484670706449
2011-12-17_14-27-50_531.jpg 0.04847280912460816 0.6921598968634934 0.029569888862105903 0.7195072519594018 14.701452169034715 -72.23203685487186 -608.9832173400267
IMG_20140521_135120.jpg 0.06651366215642898 0.784383898804562 -0.044175892346252583 -0.6151148856742997 -240.84229661730478 137.8272961852795 964.1722741762611
IMG_20140521_135106.jpg 0.16073876987388433 0.6468232909698145 0.16066193670691084 0.7279906731627779 69.69960248525253 -300.6773407375154 -592.1928837223479
IMG_20140520_182921.jpg 0.08266334415255581 0.8859189571149892 -0.03350946452010089 -0.4551829178971705 -576.3008328489295 76.90461690069611 482.6694543556017
2011-10-15_14-27-43_188.jpg 0.10030148604858664 0.5236272108928919 0.13337130361598454 0.8354437451323394 440.59129262589033 -192.76083082359983 -518.3352376311929
IMG_20140521_135059.jpg 0.0789181778094367 0.6358369716372675 0.07113294556855551 0.7644758797798183 114.7862560657237 -147.05144850936395 -641.0547870543882
2011-12-17_14-52-31_163.jpg -0.005355000925785071 -0.2849526610826376 0.11175173331573673 0.9519899448040073 665.3775179436137 41.41829299996796 388.80708592987935
2011-10-13_15-23-55_514.jpg 0.003849847888834541 -0.0761300939516651 0.20326575413547635 0.9761518430356414 723.1722324923581 27.815523530733213 149.14044255136568
2012-01-01_10-59-53_763.jpg 0.041297111209516665 0.5283935667180412 0.03920817791899086 0.8470876613674696 478.7556793796374 -75.5467120746859 -552.9124744096814
IMG_20130210_165353.jpg 0.3405753354344495 0.8100552155521179 0.1851478953040149 0.4399309553952956 -392.9999525316954 -421.3222032504415 -402.1265214241443
2011-10-13_15-25-11_586.jpg 0.10821511178182586 0.6986717363100585 0.12453574132587454 0.6961595676250876 -8.194323060146752 -235.26813512007362 -654.6385199509565
2012-01-15_14-14-25_544.jpg 0.04191561677715841 0.3377032589530017 0.05603186138699435 0.9386479747339901 526.8264208419957 -72.75302215850277 -357.0020662976831
2011-10-01_14-32-33_19.jpg 0.26981240071184953 0.9020696561713888 -0.1117908871099427 -0.31776469501206805 -585.7821409132074 298.8990593055434 426.6612099252179
IMG_20140520_182746.jpg 0.08123260947211268 0.9925928173695936 -0.0006571116285418285 0.09033454637596236 -651.2860202307227 -35.49131322542796 -282.81700971164787
2012-01-28_14-42-54_940.jpg 0.008714824570169628 0.11685812934157433 0.00951567755584814 0.9930647921058081 766.9586081284357 -17.364725794836815 -73.56285079681987
2011-10-01_14-34-22_269.jpg -0.028211010741559413 -0.5921870999145525 0.14178715470072015 0.7927262959745984 253.62983987070777 139.99787632540242 670.9500858351865
IMG_20130210_165620.jpg 0.07439346048992096 0.9438062081865641 0.025670356862532977 0.32099297064481747 -508.37523718337434 -67.50792210560863 -390.8899610208743
2011-10-01_14-34-35_331.jpg 0.05281461271207862 0.9698677630811829 -0.0475365826538759 -0.23303950765818165 -619.710268804281 79.27019129758934 354.0701448099612
2011-10-01_14-35-20_347.jpg 0.2887597764632347 0.8735644958269752 0.10638424532292899 0.3770746020014292 -499.34347106956284 -283.3053965507161 -407.65678566642015
2011-10-01_14-35-34_597.jpg -0.033393177302124974 -0.6003429519889083 0.10157268837661787 0.792563072999783 200.90601713792748 112.94384837638339 652.9238955170816
2011-10-01_14-35-55_354.jpg 0.2407507540311839 0.6758867421517745 0.1984530265741634 0.6677069585232969 -29.5295349432134 -409.9947692968668 -550.4974610976064
2011-10-01_14-36-03_448.jpg 0.20916659839576296 0.8437106785068623 0.058147533566176544 0.49093837640706606 -359.08028582225205 -212.21185263151148 -545.6531052968267
IMG_20130210_165801.jpg 0.0491768887924664 0.8065454478664899 -0.12075555767446873 -0.5766144027209736 -242.67793239416665 182.73404866977842 709.8747608291593
IMG_20130210_165814.jpg 0.09225997562562781 0.6971025153954961 0.06574582910490687 0.7079644524142014 -33.934845100651486 -150.89612661062316 -638.6246045063291
IMG_20130210_165827.jpg 0.016195947718904237 0.42870436754786784 0.03459256683727531 0.9026370316148556 383.1009411533083 -47.95199132611672 -538.0583606740907
2012-02-11_15-57-14_674.jpg 0.030282031061713646 0.15944540837326493 0.12347800679944455 0.9789858743517682 712.3956444686519 -27.747712483338795 -50.87879739088579
IMG_20140521_134354.jpg 0.11876436236520069 0.791218278043619 -0.10399597283078948 -0.5908074985616338 -218.54465479105517 227.04407271000534 702.601380599875
2011-10-01_14-37-23_89.jpg 0.07256912854712795 0.407753223733759 0.035238176448408105 0.9095214681563203 423.908796005593 -109.40420527359613 -476.64504365305606
IMG_20130210_165933.jpg 0.04587065309245007 0.6808944008709363 0.033606581073909673 0.7301707305527957 -16.727729795272026 -85.7910332881072 -699.4665639323786
2012-02-04_14-21-27_210.jpg 0.08018610116888167 0.6619099273799227 0.058980258867412365 0.7429446589613331 226.04756489438415 -136.51252730336697 -645.5436958865625
IMG_20130302_145354.jpg -0.055112475852039974 -0.41302093891519287 0.11888177438677085 0.9012454952684779 338.6588337198452 161.76623952110992 598.6278583790352
IMG_20130302_145455.jpg 0.003051416835075323 0.15605421438203396 0.03104064371643021 0.9872559189321554 716.5577754580574 -6.114448655495766 -110.24300417720917
2011-10-13_14-42-04_627.jpg 0.07756190020425913 0.9963845030070587 -0.0248202655702888 0.024208019768266857 -710.8076487286527 1.991379223738208 -228.65881994470064
IMG_20130302_145508.jpg 0.05421263716626391 0.6522962526666191 0.039955197279828006 0.754966337619695 211.34533206193478 -100.72315344404281 -688.1570667619363
IMG_20140521_134547.jpg 0.10883079586371783 0.7486821387590614 -0.10816400956429076 -0.6449274843033156 -71.44511279669034 228.3024964828411 740.003507657464
IMG_20130302_145519.jpg 0.006942326748591385 0.10628633809897892 0.08622061884893957 0.9905660115904098 730.9673476303533 -9.432309372685435 -50.801565321366645
IMG_20130302_150016.jpg 0.16359393037506342 0.984473010360034 0.0013368439735118704 0.06362492173105216 -746.8159926748268 -57.79904737208909 -199.54350693148214
IMG_20140521_134606.jpg -0.028882865383615588 -0.28897381825804197 0.09365527296075267 0.9523069895234665 663.4606677905142 68.87568299545337 383.37167882754096
2011-10-13_14-42-58_635.jpg 0.011098282080659877 0.03470013525732002 0.07725519648452256 0.996345504011595 762.8118788536294 3.261633000382924 107.32548311716603
IMG_20130302_150032.jpg 0.08837063181442648 0.9796796444810718 -0.026186289487676585 -0.17813675607529172 -765.1292629490284 41.279388484181055 162.06575848114315
2011-10-13_14-43-11_783.jpg 0.07416779868709462 0.447864235013447 0.09916236499044312 0.885484946231856 572.1333646736397 -149.32310237018083 -494.9406203991419
2012-02-04_14-23-47_959.jpg 0.03889433972271797 0.236611808979566 0.1049005199567891 0.9651414212962506 668.8775745615608 -81.71862289830172 -262.44428469652576
IMG_20130302_150051.jpg -0.04404244474741658 -0.4178632996336364 0.07208617928580367 0.9045739929027009 416.6998305316231 116.4282688728936 663.6185488070843
2011-10-13_14-43-36_947.jpg 0.028450722093456466 0.2554009365233079 0.01949358554213262 0.9662199119031288 732.1731601788393 -47.81382562532007 -252.63558352697132
IMG_20140520_182632.jpg 0.04003230164610395 0.6818220472927676 0.05044760690088345 0.7286776719568043 184.12613108632473 -80.26641996542418 -639.573846108665
IMG_20140521_134634.jpg -0.06435186814979414 -0.5939047768873355 0.07415278338487788 0.7985219582280192 267.55201660181694 134.43292713476325 695.8150908628744
2011-10-13_14-43-56_197.jpg 0.06553729089678104 0.2072263047260472 0.12022996711151411 0.9686624165001256 746.4617347428674 -113.90543982648838 -188.1681292017399
2011-10-13_14-44-10_424.jpg 0.037926644910133075 0.42892090407221334 0.015496718135486542 0.9024124774086212 577.9247419801547 -67.96025717616551 -525.7328891996759
IMG_20140521_135306.jpg 0.045075430266115 0.48449269047753213 0.07658801828169344 0.8702696788443515 327.7710125840407 -104.92219560643964 -543.9624207046473
IMG_20140520_182651.jpg 0.03455535459194819 0.7060388368556368 0.04372892380572234 0.7059765361138838 150.96801395061397 -71.36458329507145 -663.5998166987837
IMG_20140521_134654.jpg 0.2051337485344222 0.9526672311333155 0.03530289906701845 0.22158293538642107 -695.6252377460335 -107.85676931635174 -264.011847905797
2011-10-13_14-44-28_463.jpg 0.10203291542054865 0.8642485030998721 -0.09010076869333611 -0.4842991436511971 -498.71134849348465 185.59638711224224 590.0367812354962
IMG_20140520_182733.jpg -0.014831828089395342 -0.13360393235054813 0.10054126226064973 0.9858100530624715 620.0052339438131 69.86688918015437 330.323539346287
2011-10-13_15-22-43_375.jpg 0.08608777035792926 0.7667001229111601 -0.09176601668562802 -0.6295544579339142 -150.67559175781903 184.37853030805218 734.419473037901
IMG_20130210_165337.jpg 0.024613148985125628 0.9086889088481879 -0.01239124505862991 -0.4165634608066613 -448.79523836028864 23.73291382569066 548.60423766822
2012-02-04_14-27-51_236.jpg -0.0055935708362010025 0.8731644481882498 -0.016533311154769394 0.4871131367635947 -408.113519600024 17.192699486053762 -595.0695317737769
IMG_20140521_135000.jpg -0.06562443435831865 -0.5873035014579666 0.09271351806016075 0.8013564964229536 215.84587457166967 140.7368790205787 642.9385664219093
IMG_20140520_182759.jpg 0.046438760110388305 0.3623039465683832 0.11987761042114861 0.9231514774835707 629.6297016977786 -89.79597037603992 -342.27345383605336
IMG_20140521_134740.jpg 0.012219086591149586 0.07830097555319682 0.09558035038820414 0.9922620862302287 715.0209736679803 -42.90454506248364 -148.9631136287125
2011-10-13_15-22-55_274.jpg 0.10435991643728473 0.7260691662826273 0.04837042284590365 0.6779327959381832 -52.839816025234406 -169.67599309823498 -742.0740282255831
IMG_20140521_135007.jpg 0.06811813166041897 0.3794164726780748 0.13499405650239835 0.9127867577417245 479.1452703036173 -164.2838752262261 -466.85938513327676
2011-10-15_14-27-34_559.jpg -0.00715531912673356 -0.1571942909058305 0.10973521923929024 0.9814259717234467 605.3304316939651 67.54982989454649 358.698505114637
IMG_20140520_182803.jpg 0.03567562838636536 0.7155209295813295 0.04095763509077499 0.6964765042685059 150.02819089805095 -75.3831814251221 -703.0832144800754
IMG_20140521_135018.jpg 0.07896306713740392 0.6653973755371969 0.08062514311635889 0.7379097187013677 63.49406554332281 -160.82585202857854 -665.7547943066058
IMG_20140521_135701.jpg 0.03676238324240487 0.7846913092672158 -0.031065712674800048 -0.618015370225408 -129.51403396946816 65.10006031579566 752.5953779971862
IMG_20140520_182826.jpg 0.03856127379866012 0.5481015516163171 0.054923418792015 0.8337152603539217 441.14743749655986 -82.03444085710375 -589.1379037469555
2011-10-13_15-23-34_531.jpg -0.002765567552453388 -0.36879317035702897 0.09904713561678344 0.9242151340787679 517.7859637555529 59.06707613203675 535.2865956266495
IMG_20140521_135034.jpg 0.1671231242840182 0.6587951254861307 0.15507709120257446 0.7169448652089013 44.28761287177349 -305.79202614549365 -601.0898205425564
IMG_20140520_211430.jpg -0.004451618351065567 -0.05940452619388088 0.10213229680593625 0.9929855383191041 693.6680418204411 54.95383806177164 281.1608377076982
IMG_20140520_182834.jpg 0.11981718190224451 0.985276736887161 -0.021252568010400836 -0.12009131118842388 -742.0105557347486 11.180533947676217 6.933924341851465
IMG_20140521_134810.jpg 0.086939241055328 0.9821085900448544 -0.008564294798872682 -0.166826072840639 -663.7253548571838 32.2726542187579 272.86528993862714
2011-10-13_15-23-45_574.jpg -0.015630185118041873 -0.5489628815779697 0.07427932509335075 0.8323929563772535 254.84273771631825 78.1906410509319 693.0990620747339
