IMG_20161227_172439.jpg 0.07840651126270888 0.9823294601682929 0.009915062726140499 0.1696553630399529 -585.2250437973145 -53.83601946772324 -367.03170608179465
IMG_20161227_172448.jpg 0.11480339847550913 0.557267703783292 0.15803106272269193 0.8070310212335756 384.58826799429727 -224.85402632507012 -534.4830437747104
IMG_20161227_172456.jpg 0.025201479711541935 0.823854125748891 0.01210091067085933 0.5661120320818267 -97.30960465807189 -37.141578690287204 -692.8946563131499
IMG_20161227_172504.jpg -0.010491506669824055 -0.06555562387813489 0.12899367048928442 0.989420548320808 658.0825627386301 66.20674479946115 238.4136887235757
IMG_20161227_172513.jpg 0.0921348004421853 0.9949284701056796 -0.002517736601863392 0.04027628238870672 -675.4621725845433 -31.14225344790076 -213.79694559952884
IMG_20161227_172517.jpg 0.12163932036278602 0.8893615850084755 -0.060168662970699935 -0.43660002158636024 -549.6085037209688 120.99288783916354 430.8990355762992
IMG_20161227_172529.jpg 0.09032575446957516 0.4925880421453413 0.1717930636510929 0.8483427503646697 491.46401674623564 -190.03823017101286 -482.82684542579545
IMG_20161227_172558.jpg 0.11459883223763057 0.9889191223656997 -0.003999370903149611 0.09428723191187917 -669.7316244782074 -54.1988079440527 -317.86081808455384
IMG_20161227_172604.jpg 0.13060639240634414 0.7077492193971769 -0.12058557117470313 -0.6837339634168814 -217.3087441135561 246.23572290173036 666.4539934577193
IMG_20161227_172616.jpg 0.14365752632049122 0.8047377955322187 -0.08926847106323983 -0.5690261291429898 -426.50458893743456 196.9965153101657 586.0064591703253
IMG_20161227_172620.jpg 0.13124101050461262 0.9804563424054334 -0.025370409153905385 -0.1443520008106943 -750.9101235706247 14.259077934348669 21.59764692306571
IMG_20161227_172626.jpg 0.06445436172134981 0.7170360967481145 0.0660885105472466 0.6908959255842864 166.6067188217228 -134.8582597633464 -721.8565890359733
IMG_20161227_172633.jpg 0.009832581619486904 -0.016086847667723267 0.1576203957764091 0.9873197782411227 723.1270422338491 48.84213322581784 208.11189281568215
IMG_20161227_172651.jpg 0.046655533946049786 0.4143455360834407 0.11077184984312788 0.9021477900888895 619.0256857037465 -101.67575779425121 -431.6140135958162
IMG_20161227_172658.jpg -0.08432593566605213 -0.6905844110065331 0.08906418173289081 0.7127761776189324 -156.61659524135644 181.107284903712 721.7087013869045
IMG_20161227_172703.jpg -0.059661309277107326 -0.3977598998396539 0.13457024058549671 0.9056039093354513 367.43749906845284 193.6732549438761 637.1512158168689
IMG_20161227_172723.jpg 0.08699555096812331 0.5273096826357196 0.1140947597304811 0.8374715866896102 471.9435554575404 -184.25747046202716 -580.5550849070164
IMG_20161227_172730.jpg -0.07861907489446252 -0.41373856815235205 0.20499686241965892 0.8835246033269679 361.74394389723534 281.00594463399625 621.321207710099
IMG_20161227_172739.jpg 0.06436472767216014 0.7962281059540615 -0.05931127933100354 -0.5986319046497741 -368.6157980702113 123.7504385657394 667.7285430946057
IMG_20161227_172754.jpg -0.0342635790100719 -0.1189957261151949 0.17152313071318487 0.9773667888515986 696.9256455966523 131.04134745794119 307.44581413590987
IMG_20161227_172811.jpg 0.0021922384693858397 0.2609837256327583 0.03925182747680234 0.9645423697718365 728.1549356564368 -9.825108085435367 -261.5070337897416
IMG_20161227_172831.jpg 0.12356695873541494 0.7934804369027533 0.0628296966186487 0.5925980359268032 -102.14362896229436 -206.28666585925504 -741.0325999041469
IMG_20161227_172836.jpg 0.18596935007371032 0.95007632857259 0.02692043805182981 0.24908966404547508 -609.1237216617772 -155.23236961058814 -455.03985434229463
IMG_20161227_172901.jpg 0.1699472156619946 0.8623887372771243 -0.08662486727338162 -0.4689346884974201 -506.80072494882484 209.81933623417672 544.4563324555276
IMG_20161227_172905.jpg 0.16401150891309288 0.9848580626049687 0.007758587795088311 0.055629360786044524 -749.0726296037169 -64.19384741321572 -181.15889569159992
IMG_20161227_173025.jpg -0.13468656509251586 -0.631587395338986 0.13780225620753925 0.7509776490792566 120.20437607604744 283.70379792982095 708.8386740952582
IMG_20161227_173032.jpg 0.07177658541636611 0.49164220376220225 0.11736973335773186 0.8598606927621166 397.44512310163884 -191.81771367395703 -635.4315572377593
IMG_20161227_173116.jpg 0.06186028208560035 0.8346574195235232 -0.05118679607993609 -0.5448855012217657 -325.9739895708511 106.01030390257975 660.1357083073958
IMG_20161227_173123.jpg -0.03382877808300733 -0.27389859755339163 0.15934236428592327 0.9478634833009801 610.6614078527442 115.10783151454429 403.4118160036561
IMG_20161227_173132.jpg 0.10586180137152269 0.9933636968242322 -0.013582128367885105 -0.042864561482296996 -736.1566415955285 13.428090474745167 29.05862912858197
IMG_20161227_173137.jpg 0.13497040578584546 0.8290236830702787 0.07705429304525943 0.5371827979318481 -272.25046864516054 -211.37247319376308 -651.4139009717859
IMG_20161227_173141.jpg 0.0997368459353305 0.8560780125615957 -0.06751905995854351 -0.5026173241281839 -386.5077433025218 149.36697694465505 608.3404879538039
IMG_20161227_173158.jpg 0.11352734855805721 0.9933013657707436 -0.009232530616948972 -0.01946017126747246 -731.4329415297148 -0.20253301365643495 -22.409420836968316
IMG_20161227_173202.jpg 0.0819688830574886 0.9474308283336201 0.015741898589775826 0.3088820492715096 -560.1862716357017 -71.5581449983777 -465.86785445586503
IMG_20161227_173206.jpg 0.07690853531640407 0.5078031166233303 0.1081581796860954 0.8511890977392205 390.0828618377789 -175.69287174361511 -594.144578310173
IMG_20161227_173209.jpg -0.0034868086331366083 0.030422034761854257 0.14886316049143494 0.9883835801018787 731.9897792349079 8.211424157223176 5.561999363746
IMG_20161227_173326.jpg 0.027027737805649033 0.05644562327094099 0.1577285006026948 0.9854973937562137 788.1223759034874 -71.46840347196478 -100.93607233948933
IMG_20161227_190424.jpg 0.20169650524904945 0.9038692520671401 -0.07324498538996604 -0.3701000770779888 -528.013572097435 226.2031211437354 530.4086112245564
IMG_20161227_190941.jpg 0.2129139184494375 0.5994140368039822 0.224998764895684 0.7380691238686778 274.43543253166615 -386.35754836727534 -512.003196043251
IMG_20161227_190948.jpg 0.08045900346983557 0.9954222800738861 -0.014966630215521096 0.04936428945238189 -665.2768129148345 -8.570477776911362 -214.74642706683147
IMG_20161227_190953.jpg 0.04520633892617286 0.8117248796335151 0.01746895689205227 0.5820257230139836 -80.35607297064905 -62.76024407374797 -692.6907677730513
IMG_20161227_191024.jpg 0.200419339316948 0.7468713775722637 0.1339345022820539 0.6197392862240754 -15.53316176576852 -333.21778665020395 -631.9527584745075
IMG_20161227_191029.jpg 0.05129262943424174 0.5480246401252922 0.05988672059135963 0.8327374380187782 392.1086796326908 -102.14565333877043 -588.8391514910886
IMG_20161227_191046.jpg 0.1985280991143489 0.8276743611126569 0.11404372854366457 0.5123824487613307 -215.9500173825017 -305.27808936663314 -617.0328902606016
IMG_20161227_191052.jpg 0.3324937147593875 0.9429436253686211 -0.008334544973150487 -0.015355272132904942 -715.465529782934 -55.52102386808001 -72.82608517157489
IMG_20161227_191109.jpg 0.0057573828343216995 0.17693696842679768 0.07052165215998228 0.9816755361744837 712.6633817736001 -14.622256301607004 -147.72588210145946
IMG_20161227_191118.jpg 0.048927056383098806 0.5728523372981587 0.05106737134677354 0.8166017795654454 346.3937707777875 -101.33521895252072 -638.6052804653561
IMG_20161227_191129.jpg 0.333022823719631 0.9377580637986173 -0.031543244010183685 -0.0933307903094479 -731.3056954384803 20.84767461374927 35.02574306422231
IMG_20161227_191143.jpg 0.2973952148659831 0.9438747315027274 -0.0028876672064931308 0.14369495044563757 -676.6797859235842 -119.50752651178135 -278.2801070613961
IMG_20161227_191152.jpg 0.01615716781269042 0.3084511648940926 0.06253576091779137 0.9490448374076864 654.2013708389661 -43.80567627479627 -346.6378504531661
IMG_20161227_191156.jpg 0.0018985664325680512 0.021001612155723583 0.081488044081781 0.9964512162690594 738.2431822081456 7.131892783656913 69.82376690116368
IMG_20161227_191215.jpg 0.24373353031205125 0.9068775720468971 -0.08517366783178919 -0.3330352561336863 -642.4189732125711 192.1360347538841 351.2406625135702
IMG_20161227_191228.jpg 0.17352929610178755 0.9402403588222407 -0.04347321945469044 -0.2897338955429374 -686.9206573381091 101.62851235138587 318.5879086574054
IMG_20161227_191239.jpg 0.1361795427058125 0.9569730377826912 0.01425483293491016 0.2558408427976296 -606.9061829227915 -105.36625784394506 -459.97430510242145
IMG_20161227_191254.jpg 0.09550636142025319 0.8987614792847336 -0.029937136369742216 -0.4268607573297886 -560.6941573201644 82.44216464744481 508.17097956210955
IMG_20161227_191326.jpg 0.08215614494870342 0.5631544467881386 0.06420791053499561 0.8197467786668291 340.650077118196 -156.477648550021 -643.8619194181471
IMG_20161227_191341.jpg -0.041571342565645694 -0.3464911253475157 0.10957709591304644 0.9307032736506115 508.14202967659327 120.84319785396617 521.9136825502904
IMG_20161227_191347.jpg -0.003164635960445987 -0.03651824491088417 0.110521306542503 0.9931975854118885 727.6878255594918 21.874021719293502 124.64289839931011
IMG_20161227_191355.jpg 0.04173308304973611 0.32818064406070546 0.07045571298124821 0.9410588754968352 614.758659604824 -88.67157292090336 -392.24610610223755
IMG_20161227_191402.jpg 0.20668699477187677 0.9778124300626212 -0.007031159863280912 0.03337514941058985 -724.8390918733962 -32.92194025796064 -111.99631583542191
IMG_20161227_191414.jpg 0.11653186431827711 0.9921056592427938 -0.008624781750712868 -0.045522506924388875 -728.8519305507215 -0.5399671506605863 -3.1637498575043392
IMG_20161227_191422.jpg 0.039295890967668674 0.26329709625847386 0.10195902599507993 0.9585065618309807 655.6439770391823 -85.82456539426033 -299.97511090469595
IMG_20161227_191533.jpg 0.033450702853500575 0.3868876209494523 0.04570326647795223 0.9203859139882166 480.8298410154571 -63.12080522473002 -423.2467724148475
IMG_20161227_191546.jpg 0.055453249471427005 0.9083044791312682 0.01259170078940344 0.4144265428086921 -393.2448322512322 -51.36057144887697 -506.21762705992023
IMG_20161227_191555.jpg 0.09870756563744582 0.5772007803988031 0.11242460769217866 0.8027806569531938 231.72568803520076 -187.24187486953053 -570.9105110633682
IMG_20161227_191611.jpg 0.050048600196372056 0.4954129300200939 0.06940329780390284 0.8644329636479815 337.67945267056047 -104.0234389932906 -540.7456821934958
IMG_20161227_191631.jpg 0.005723400923165588 0.07095907654252707 0.05746843710731795 0.9958059202849452 646.487840437067 -18.78147654804082 -93.98030559432046
IMG_20161227_191640.jpg 0.10833311305655952 0.6757120986278415 0.10110098109612232 0.7221188877219833 35.775421700284134 -198.51872418026926 -626.5689579253664
IMG_20161227_191658.jpg 0.046675179774920486 0.5407172078200639 0.05435784824938238 0.8381476916951752 253.0951840163296 -94.77923235563912 -586.9021970488226
IMG_20161227_191704.jpg 0.07534898267791702 0.9013916517744701 0.02673651970828737 0.4255593723965954 -420.8584352212039 -76.74926459581089 -483.7496463505039
IMG_20161227_191720.jpg 0.0590155870448846 0.6075479565927112 0.06121678039892007 0.7897183971032707 140.20109116980385 -114.45632246120459 -617.9820383687442
IMG_20161227_191723.jpg 0.10603490008959157 0.8046238030900736 0.07140758579307593 0.5798604074732653 -227.00813972704384 -156.83640253535552 -581.7770741478963
IMG_20161227_191752.jpg 0.030662548214485896 0.1751763301979076 0.24021034654850365 0.9542913867820645 620.036054136571 -103.44213929324603 -215.49546008880608
IMG_20161227_191759.jpg 0.09870981259108529 0.8082157776161292 0.07064862119438062 0.5762398823701125 -224.95719488001583 -157.60292598356912 -608.7799942655853
IMG_20161227_191808.jpg 0.0648583056372837 0.505596239166639 0.09960818514723604 0.8545431835677382 317.4453754545382 -149.750556694742 -576.1069642077146
IMG_20161227_191819.jpg -0.05090247904481146 -0.43218569022830866 0.10933555032024184 0.8936835033864854 427.82517766279454 118.60943163956317 515.7099235381845
IMG_20161227_191825.jpg 0.1297237531807788 0.9059809828469458 -0.05945442837967152 -0.39854156311032457 -454.8028576418616 138.7494512363603 488.17986574095187
IMG_20161227_191835.jpg 0.23447418493232527 0.669050533222809 0.21906179041841167 0.6703768884540077 -12.280037462391991 -423.8486073408646 -542.9805953019253
IMG_20161227_191843.jpg 0.1395361045199458 0.8993642238646261 0.04488441091972399 0.41189690217840486 -464.27838093524787 -140.22673946984594 -495.91509791352837
IMG_20161227_191905.jpg -0.026562379544948066 -0.4449688652915742 0.06485366109858154 0.892799614446685 426.2160982140063 65.7540370477102 551.9919076779905
IMG_20161227_191920.jpg 0.1516752842373873 0.9140440476274115 0.04501652649925306 0.37348574201748075 -515.0920374103955 -140.6644043101861 -457.67141904695876
IMG_20161227_191954.jpg 0.03266105290647651 0.43545461558646315 0.08410744392891215 0.8956776603573584 414.07154782547053 -104.33126178598192 -566.325349978719
IMG_20161227_192015.jpg 0.30366216950170566 0.9442194933945759 0.011069059308671528 0.12695003360861637 -701.6803688321548 -52.1672184382822 -129.77615964433917
IMG_20161227_192026.jpg 0.08584049271006165 0.9035337996265174 -0.03354756192750516 -0.4184885229399764 -433.5866371090714 93.02081956489143 566.8245466123518
IMG_20161227_192030.jpg 0.06523601128635291 0.7277742997734785 -0.04842702632435791 -0.6809872645960793 -6.916246308996228 108.16854518413685 711.2430900787851
IMG_20161227_192112.jpg 0.12915526709143035 0.6726774281941668 0.11681952052388705 0.7191503279601504 -8.494580981406223 -264.98919059217343 -706.4729314522372
IMG_20161227_192139.jpg 0.2808474800566023 0.9396676540768198 -0.07584224310322665 -0.17999263037328295 -698.1061848549851 205.43343634126128 269.6177721101511
IMG_20161227_192148.jpg 0.0809963078932214 0.5087956189106481 0.14028315283890083 0.8455100551232816 327.33814092839873 -231.91562877247276 -668.5168240835894
IMG_20161227_192153.jpg -0.044449300738229905 -0.3559869643682099 0.12743258794012954 0.9246937203175275 606.5511803091595 118.06213064042039 474.63072283365636
IMG_20161227_192201.jpg 0.2358661528826763 0.9008334163607006 -0.10832016002705529 -0.3480417458063724 -542.7534927022482 287.7615185511825 479.715250226384
IMG_20161227_192213.jpg 0.229693544557949 0.8961344167983025 -0.09431279347409047 -0.3678166385647698 -526.4946868493885 271.6089691562958 511.45143887599977
IMG_20161227_192220.jpg 0.09937811224961846 0.6139192879113715 0.11833830343207201 0.7740950488647473 136.40221708564545 -244.20649833248277 -731.9332666005248
IMG_20161227_192300.jpg 0.19484731203253858 0.8247011586339633 -0.14085993063004884 -0.5119189426895532 -265.15588077220076 323.3025224173083 612.2800630921092
IMG_20161227_192304.jpg 0.299565558417096 0.9538389340305059 -0.019301124433820354 0.008901164721073532 -738.8034109885297 52.92221547661456 35.10688657834939
IMG_20161227_192316.jpg 0.04356710621837378 0.8048985015085324 -0.05889859881979659 0.5888728764191313 -202.27191207326433 21.86217950262331 -628.3831709247869
IMG_20161227_192330.jpg 0.11008294116046345 0.5771752325312506 0.12084542729085185 0.8000917945591309 159.94358528989414 -236.78810623059843 -657.27480397738
IMG_20161227_192344.jpg 0.11412296641880282 0.9384335885550553 -0.038740412554377025 -0.323755353380559 -513.3532009126034 109.27135868985769 478.6050978567513
IMG_20161227_192354.jpg 0.22596769357016724 0.9126111451652323 0.04256622732710853 0.3380349323278862 -592.2299261452915 -143.6299113880211 -374.28738635396013
IMG_20140520_182846.jpg 0.0034340485568816223 0.035004605340652216 0.13211920385404358 0.9906096107389771 736.0801380617295 33.078125606542585 117.1044269796011
IMG_20140520_211432.jpg 0.0012500400439624353 -0.055408963148834575 0.09417957561725099 0.9940113136877337 695.9952980080338 42.886908289706085 277.10147053893013
IMG_20140521_135037.jpg 0.07684006424950679 0.8188481269257374 0.05964481672474485 0.5657082688048799 -244.62099174137674 -130.699655209658 -616.0085303888545
IMG_20140521_135047.jpg 0.11194283477473244 0.890947658783697 -0.05278677662383155 -0.4369148970498848 -406.27853815699495 123.6961247219688 520.2722380620337
IMG_20140521_134943.jpg -0.04014672189689468 -0.6468039648554106 0.05486448631389882 0.7596201418536542 124.12892387768217 85.11377551398003 687.2877208922366
IMG_20140521_135321.jpg 0.06037082719614575 0.5495492064270554 0.07639915139120226 0.8297675593838023 233.20409475878495 -125.60861573634767 -588.0882285870778
IMG_20140521_135225.jpg 0.06550634825284869 0.49405186647977845 0.10172233893517452 0.8609728435484948 343.5625346002305 -138.92835474876375 -526.5492088744044
IMG_20140520_211801.jpg 0.016331884822479416 0.27140823424731453 0.09342273585789214 0.9577802630800698 728.6435788173276 -32.82399970199347 -244.5544440622795
2011-12-17_14-28-15_257.jpg 0.06113853730755454 0.8440273329261107 0.02747006165844404 0.5320952323052812 -284.9953463777542 -75.46404701874512 -565.3220123971089
IMG_20140520_182958.jpg 0.0033404052883024477 0.15905457231982037 0.03037738231631703 0.9867966859289088 756.3878348396781 -1.3405616091959658 -45.450843112219744
IMG_20140521_135040.jpg 0.04688544368208261 0.4393913728288704 0.08776473230241999 0.8927677908718367 406.11591294782767 -115.84578484958875 -527.3788086801017
IMG_20140521_134826.jpg 0.032017373242055766 0.6331144365182108 0.052600686301079405 0.7716049286283522 99.44451172440276 -91.85432791559096 -702.0507301810901
IMG_20140520_183007.jpg 0.011088690397424725 0.379770206000233 0.032602272661038094 0.9244396807781166 658.0034881419033 -23.772682752908853 -375.76016013951676
IMG_20140520_182943.jpg -0.013132814931321377 -0.1822549312275085 0.08648684320746712 0.9793521813766703 614.1756156783232 72.97101377284754 438.2117114947411
IMG_20140520_211910.jpg 0.008357178203369018 0.3681339396303447 0.011218980011025606 0.9296675182839462 650.6262401102315 -18.067418781907804 -423.1518393828256
IMG_20140521_135650.jpg 0.09345131444381204 0.9905266302082972 -0.00764358788300638 0.10032657794021808 -754.7271706867662 -0.6549407537639353 -99.40603062082938
2011-10-13_15-24-05_816.jpg 0.11422018597136549 0.28017483631329454 0.16596354743999173 0.9385690763788355 628.8431567893541 -219.89594697014226 -319.7902829567306
2011-12-17_14-29-11_706.jpg 0.09676933420700405 0.8185001223535936 0.031116560733814268 0.5654423094466704 -299.832147561054 -109.66698520286187 -607.7860224986217
IMG_20140521_134821.jpg 0.20119593900928395 0.8520395530322046 0.08607668734978953 0.4755413736887051 -415.49426678491517 -237.03767019624374 -531.2001150385078
IMG_20140520_211723.jpg -0.05817248360705824 -0.6804120754545562 0.05011320938884996 0.7287962925065954 -134.29657819864184 110.77821888939339 739.714754640381
2011-12-17_15-01-35_152.jpg -0.0838906991336409 -0.6610174277649957 0.10774768389649717 0.7378405975580082 50.62614904905694 190.89125804975737 708.2881158855445
IMG_20140520_182904.jpg 0.023682953613319426 0.4831910438675929 0.054084133045563296 0.8735218597075892 539.9343890254892 -56.37364667719921 -521.8034202444794
IMG_20140520_182849.jpg -0.03465484402670126 -0.3268074851978225 0.07970018797551287 0.9410864941336841 461.495461053335 106.61699511734142 576.3445954177911
IMG_20140521_134925.jpg 0.11402938689809664 0.9842948981809938 -0.011588577450763145 -0.13426301505321273 -678.2216671035766 36.16332533506658 209.83271044315833
2011-12-17_14-50-43_241.jpg 0.2419173080242253 0.9552094042239588 -0.04780418559647554 -0.1636024755310303 -673.9596617455162 141.48348537907415 258.93901057180886
IMG_20140521_134908.jpg 0.3863660464039367 0.8923369803822875 0.06891907457468531 0.2229487671824647 -643.0473694987678 -188.37110295356362 -215.38599872942532
IMG_20140521_135013.jpg 0.26500604696406255 0.6293042252927252 0.2715399676478596 0.6782433435508256 39.85230905128183 -488.02771944476075 -484.3226848666817
2011-12-29_15-31-46_760.jpg 0.036562970962979675 0.33835904193035155 0.09158087918538142 0.9358361237235759 694.4807636782634 -72.86333457197844 -340.0051206273404
IMG_20130302_145312.jpg 0.01418142959193626 0.7362273738118046 0.00639479034721353 0.6765554284471585 103.70376171252046 -22.25021454573469 -711.1383304537991
IMG_20140520_183040.jpg 0.12276071145584866 0.9472537315111605 -0.05186036052557974 -0.291462997423674 -714.0631870061948 81.50637669103155 230.66313695143015
2011-12-17_14-53-09_639.jpg 0.09351401471488599 0.852609125514699 -0.0617019244106589 -0.5103975711785727 -328.72228446646267 153.78034126234613 695.9192569666616
2011-12-17_14-53-55_436.jpg 0.102630456458149 0.9702605090189261 -0.036329786985490664 -0.21619824380210667 -708.6157221426292 88.17156665874951 352.8952372342668
IMG_20140521_134950.jpg 0.2398495513033452 0.8715932894689612 0.09809714435779586 0.4161421400929079 -452.0691896683171 -261.37062830968796 -464.1400980233833
2011-12-17_14-50-59_577.jpg 0.14183298070252495 0.9811742201517414 -0.009820207726671661 0.130706230971842 -728.6309045623407 -3.6507209986751534 -132.7688530182179
2011-10-13_15-26-30_438.jpg 0.032707298082518675 0.2940251273890508 0.013460065485483936 0.9551430697822816 542.7590188265168 -49.12470851730704 -337.6807502723442
IMG_20140520_182925.jpg 0.05445914672842389 0.735530579916581 -0.048742312665773606 -0.6735377898092887 -246.65751010573283 103.00072203051448 706.5771514072832
2011-12-17_15-02-30_957.jpg 0.004431726308613605 0.012780133307551875 0.0815389203703472 0.996578362427865 729.1994651652874 -4.031250192211169 37.63968648904872
2011-12-17_14-55-12_175.jpg 0.2118241477813727 0.9391828928751217 0.014815804525030948 0.26990093753762584 -685.6919055064033 -109.02174761761873 -370.7422822892385
2012-02-11_15-54-04_6.jpg 0.20576365593439644 0.931828518452587 -0.048958426351004725 -0.29488981431070443 -688.596439318854 123.16291886245496 333.45395299525313
2011-10-13_15-28-19_661.jpg 0.09396952310306955 0.6305002643259291 0.052561151972173537 0.7686848968960387 267.57051419422606 -144.33267247324665 -604.9544958895925
IMG_20130210_165919.jpg -0.023565709774973412 0.7637433398968134 -0.31868986134240307 0.5608721247874798 -28700.054509345657 -12753.71759131035 56377.10171092219
IMG_20140521_134324.jpg 0.059675449384288905 0.9180236587952857 -0.023209798062050684 -0.39132174474058873 -531.2698105397932 59.03479525928518 537.3606369285085
2012-02-11_15-05-20_118.jpg 0.03830156194704678 0.1454668904065562 0.04933962946073225 0.9873894748844255 769.619820115681 -56.78637976003315 -74.2911825407557
2011-10-13_15-26-38_609.jpg 0.1306048712614319 0.7289873395616868 0.0707493458240758 0.6682172973120521 -36.05788227237429 -184.6139298843812 -613.7199467569562
IMG_20140520_211951.jpg 0.005071950306269793 -0.11929523007567161 0.07873430067657089 0.9897190678663592 716.8118443279429 23.52649775746475 302.42007249916986
IMG_20140520_183030.jpg -6.577692097919093e-05 -0.022771245776185695 0.123130371879507 0.9921292141450183 717.3719640464734 52.58631369452022 228.11928087571386
2011-10-01_14-36-23_370.jpg 0.02768122241482606 -0.08760758772137851 0.2027782919930059 0.9749049311577315 655.2978113933588 -20.083156999530654 118.19770538126292
2011-10-13_15-24-55_789.jpg 0.04758828107814376 0.17447385690170517 0.06935285053608872 0.9810628985362707 698.8656307768094 -81.38977464173415 -175.90419171078466
2012-02-11_16-05-30_275.jpg 0.13845883738830173 0.8801717076255124 -0.08738552402649472 -0.44552293502723656 -556.768851656325 166.22022214354172 437.504383178747
IMG_20140520_183033.jpg -0.019358189848713903 -0.24758768033423542 0.07353903051056217 0.9658766028971095 541.0182103478138 79.13622680125728 520.258743842142
2011-12-17_15-02-21_722.jpg 0.08765854668167816 0.4425372370735935 0.10049919940771603 0.8867788246881709 476.5256145659121 -177.55325421539095 -524.5466727875685
IMG_20140520_183130.jpg -0.019596004845888425 -0.21483247087490817 0.058435123603377485 0.9747042332837791 583.6494615090432 69.82841505163238 507.4884563584947
IMG_20130210_165751.jpg 0.03142977006545824 0.5680026326711254 0.0231683583360898 0.8220999975698297 201.77095795484215 -56.79008465264352 -612.6547033076532
IMG_20140520_211943.jpg 0.008914501104796396 0.4532428513563488 0.021248752623521716 0.891089187386068 556.1158120804092 -25.793727360352936 -544.4989730351962
IMG_20140520_183020.jpg -0.0856393379385531 -0.6941418917657802 0.07709679560306266 0.7105554320396189 -182.31060876131437 163.98558274830717 715.0923572447812
IMG_20130302_145337.jpg 0.1214806044332833 0.46953995645780694 0.23085236750034138 0.8434938508700656 498.42002973893716 -249.8699764803023 -440.8427151830883
2011-12-17_14-53-47_244.jpg 0.06477484629153996 0.9722003339667449 -0.07076881072456004 -0.2135942540226413 -705.6854289190617 126.38699721275587 349.3480252962313
2011-12-17_14-54-02_921.jpg 0.07247907108521111 0.7011013758298467 -0.08898092260089678 -0.7037656147306531 30.326586645246664 171.8141918240239 776.178819943694
IMG_20140521_135837.jpg -0.06125122599010181 -0.663306327978014 0.0728510270038224 0.742270658482148 127.4856723801345 139.85808330943496 771.9459004903453
IMG_20161227_160049.jpg -0.0922073331233599 -0.6784154404862128 0.09756923325604239 0.7223091737960995 -149.54121657878136 195.0464181266201 710.7246725946396
IMG_20161227_160059.jpg 0.015331033196659507 -0.00520263227468504 0.18000902294173468 0.9835317197213819 724.6144083179547 47.19892826865552 192.38558366757078
IMG_20161227_160208.jpg -0.0631667859305158 -0.6451678299394537 0.08814264670105959 0.7563063547260177 -40.065239475713895 169.16506640991926 767.8334346380287
IMG_20161227_160401.jpg -0.0036966360095950427 -0.05468930293511692 0.14755313215863192 0.9875340440799295 727.8813665339987 34.22864752787722 150.98031591675363
IMG_20161227_160415.jpg 0.1602235669882315 0.9819409665060099 -0.016056563533961545 -0.09931028973017769 -739.4626687584265 20.400708440661113 77.27906008352784
IMG_20161227_160457.jpg 0.09160950138156257 0.6535389504685291 0.08034197583612737 0.7470205528604027 137.5025710086746 -180.93238995885991 -690.3658208770091
IMG_20161227_160507.jpg -0.008460009701850405 -0.032399472229293534 0.1722215292296749 0.9844889269590087 720.496541209272 29.79665543816501 87.51123684323635
IMG_20130210_165237.jpg 0.02443007458638561 0.5684306023058754 0.024865084942934945 0.8219924265883863 213.94185084999253 -57.543810968389806 -688.4490869986822
IMG_20130210_165320.jpg -0.019274559014832444 0.9732427490620803 -0.007557525535149376 0.22884476524634464 -647.2832791804373 8.387977306473436 -290.42846150299397
IMG_20130210_165400.jpg -0.04978012193825299 -0.5738506690738571 0.05594569286796187 0.8155289256138143 246.89363952182 94.25790414372047 649.392327725536
IMG_20140521_133240.jpg 0.05853373229834028 0.9463030330224976 0.020427538838965024 0.3172807708207823 -467.33963041113776 -74.7277991864351 -586.9748162136278
2012-02-18_13-08-53_664.jpg 0.1684163525897449 0.9730631865533939 -0.053875801320939824 -0.14792351127169892 -684.799202538842 125.82938847832892 255.77306391491143
IMG_20140521_135713.jpg 0.04699441548135022 0.18013317954816258 0.19299687899279222 0.9633772714977645 700.2615909820272 -147.99551337255812 -292.636289036824
IMG_20130210_165902.jpg 0.10524606318038078 0.9880156711855317 -0.010372439481355002 -0.11243092179663501 -646.8100610379531 34.74204550490675 206.02365527467947
IMG_20130210_170019.jpg 0.18518468235858745 0.9780721431725511 -0.03529297783906742 -0.08852074268132934 -714.7722192215329 89.73500178994051 177.03247342013367
IMG_20140520_183116.jpg -0.022228769300255493 -0.6377080680090748 0.04655237383500297 0.7685487481623111 -75.01424394059391 78.15557246345804 767.9830774552208
IMG_20140520_183109.jpg 0.0441821847196945 0.483404694702577 0.059486054777889756 0.8722552636584459 577.6755285855207 -87.77519311296678 -509.75285359793725
IMG_20140521_134750.jpg 0.35890306443094233 0.9017574608172225 0.059153441115610425 0.23350148309322585 -662.2626473615574 -178.8679003347869 -243.4468314894261
IMG_20140521_134922.jpg -0.05072076035821887 0.9294084104753468 -0.019801419914151547 0.36501412955631773 -536.9910423278828 43.12465569324711 -463.8478355837291
IMG_20130210_164118.jpg 0.277925970390867 0.9477767711000729 -0.03347493558496911 -0.15282596583368047 -746.2932542019767 51.8219682040908 118.3004183404443
IMG_20140521_134126.jpg 0.05035066467036348 0.26380674015280253 0.1409596241660357 0.9528909689844768 651.191554212409 -122.45153752562322 -328.05106355494956
IMG_20130210_165428.jpg 0.2582387036540047 0.6920916274987688 0.20742630896162917 0.6413238475464319 -73.42738691275086 -430.7284925893517 -533.2976757812754
2012-01-28_14-40-22_205.jpg -0.042137355261221116 -0.6720297931679822 0.07486350392577193 0.7355242050171737 -118.13248108800875 128.44990852565377 734.5205164668665
IMG_20130210_164129.jpg 0.3870537502472621 0.8942532040057384 0.04865024743483204 0.2193940632048436 -619.8837661041651 -267.73441117658786 -328.6044460839992
IMG_20140521_135601.jpg 0.21354825448112075 0.9119497364458993 0.04001490791607767 0.3480569326256684 -589.4189889071537 -143.070765574945 -398.40494072395666
IMG_20130210_164053.jpg 0.0015180748751781614 0.15916866897945553 0.05438607896336883 0.9857510764280061 758.6436019568561 -7.694400156796626 -135.14940514207248
IMG_20130210_165216.jpg 0.3530244790620648 0.9079311384641032 0.03629222392229881 0.22297452651145794 -671.9701189640749 -142.00325163427706 -243.67205196617252
IMG_20140520_211426.jpg 0.04438502222241585 0.5887374585442244 0.05667591252679683 0.8051124242293484 411.68622192692646 -92.95234865866504 -620.2359585310197
IMG_20140520_182639.jpg 0.02969998276855194 0.9799400125922186 -0.004524873393480093 0.1970152488135979 -552.5177795716975 -10.033974877761722 -386.54794910896806
IMG_20130210_165246.jpg 0.04441180797359233 0.9676978907703493 -0.015931856908104496 -0.2476581503738447 -610.5163905431586 33.66893986287785 379.80602020416586
IMG_20130210_165314.jpg 0.4074150829630601 0.90445070008974 0.014202192791191857 0.12561918245755055 -694.486546425794 -73.80253214941746 -129.05183351518306
IMG_20130210_165344.jpg 0.08536286041378327 0.9784108949842627 0.009866960629720646 0.187957297613054 -662.57558580764 -40.71983606931974 -241.74964083676792
IMG_20130210_165420.jpg 0.07064454447165715 0.778378683372867 -0.057099245689933874 -0.621188900213739 -143.4570929541683 115.7642755997464 668.5040742068602
IMG_20130210_165444.jpg -0.06056188328624856 -0.44843446452587876 0.11082885688203975 0.8848478704276976 403.21235010896044 132.38196625244515 525.3737558447699
IMG_20130210_165507.jpg 0.02491524382333943 0.6908637465602786 0.024606110097641232 0.7221364508593796 22.58127634716787 -53.049461371573635 -666.3235337944575
IMG_20130302_145414.jpg 0.35352678350236044 0.6309211352637136 0.3086558139862549 0.617809778909742 100.44441676393946 -584.8265252580026 -389.72578703996044
IMG_20130210_164001.jpg 0.002230822512753701 0.259662042215778 0.03192021351709965 0.9651692842358129 737.3383613987511 -12.694614416824571 -285.7744201577615
IMG_20130210_165836.jpg 0.10883455086534533 0.7535678206825823 0.06164907959833863 0.6453603420991396 -156.1851304019286 -157.89713290682516 -629.8157838804423
IMG_20130210_164036.jpg 0.2037104148397901 0.9427423449035703 0.027963655481460226 0.2625965955294023 -600.8522896433045 -168.23485461325322 -459.0297841043821
IMG_20140521_135520.jpg 0.15797536000296036 0.8309225654852337 0.07344928550934748 0.5284095743431786 -363.2810012631088 -197.5162442387688 -571.0623518253593
IMG_20130210_164048.jpg -0.003843361236935415 0.13231446932190677 0.053515772153314545 0.9897546018651794 764.9852830312725 2.872604005400598 -94.07810229709908
IMG_20130210_164100.jpg 0.1828794845776745 0.8574469821562283 -0.11801202317088703 -0.4662755937199533 -499.6729431721366 257.34273238806406 521.354957724767
IMG_20130210_164110.jpg 0.08733249556905562 0.7439413508755777 0.05827893597635514 0.6599453517501019 15.290024484729589 -161.90957342708398 -744.2194103574194
2011-12-17_14-53-36_335.jpg 0.0923229244166469 0.8404351180747799 -0.06670031994065927 -0.5298078493695646 -311.8041218247985 163.02000211982576 719.5822958183655
IMG_20130210_164155.jpg 0.0014530693917459297 0.3016754604859015 0.052829072881569204 0.951944795767294 672.8334780541892 -15.692605064578693 -329.7909181894901
IMG_20140521_135611.jpg 0.09591797357856781 0.6544161647549824 0.10908942892137549 0.742050350144496 28.176327758824453 -218.2707855331448 -699.5748173474914
2012-02-11_16-06-24_189.jpg 0.08191022456172765 0.9964208170197595 -0.018639435996966335 0.009425600651294667 -684.8554907834058 -1.0145537063977537 -170.9588859024782
IMG_20130210_163939.jpg 0.06028049938565997 0.6494928679203633 0.04840149032246592 0.7564275058780986 240.34486146354942 -121.50104682636997 -730.1623784182273
IMG_20140520_211815.jpg 0.07863822261700848 0.9757534062724734 0.010559218821002992 0.20398485970579655 -623.2933589662229 -64.97363039326923 -448.7895809392051
2012-02-11_15-56-27_505.jpg 0.051456575261745734 0.9766959674065668 -0.002107695912572716 0.20835730304460867 -589.0937393587328 -32.05164092077808 -464.8081953359567
2012-01-01_10-59-45_309.jpg 0.022397329882600858 0.20094243506449364 0.07713984906591201 0.9763042256850935 729.0526513021292 -27.04846935341346 -105.57484984827424
IMG_20130210_163933.jpg 0.21197963630782565 0.9761889581075976 -0.018347342399591265 0.0422270871180717 -753.5810541373884 -41.95270024295656 -185.07827233295876
IMG_20130210_163921.jpg 0.07070854904342094 0.9055048886013821 -0.03136514694695631 -0.41722586852707083 -601.8622204559192 73.31774972097232 493.09481788120314
IMG_20130210_164016.jpg 0.17709147610930956 0.7511427582447114 -0.1502161755900519 -0.617946815200994 -269.4975447673236 335.28455232726486 667.1975898664283
IMG_20130210_163913.jpg 0.3273114416368369 0.7953381074128383 -0.24280667941464762 -0.44871976945774567 -483.7722002290908 482.0931065536865 378.3739258113827
IMG_20130210_163904.jpg -0.0014367406679971252 -0.1083028607635599 0.08442825246457082 0.9905252628340491 722.3037707946116 36.212243602091554 292.9379203017782
2011-12-30_15-18-52_399.jpg 0.11685303401922134 0.6746489897406928 0.08254010471054395 0.724141726595518 88.73661137972059 -212.03430352190904 -694.3735468949186
IMG_20130210_163855.jpg 0.008329169857596618 0.3066274094433071 0.004520184313571477 0.9517824460670314 702.7204170069866 -15.60422063562937 -335.1425021140046
IMG_20130210_163846.jpg -0.01069645200863343 0.042802547051382686 0.059748132856023706 0.9972380300111705 773.7913867888542 28.55707979567081 77.40158987673864
IMG_20130210_163818.jpg 0.0584158461811109 0.5081045786287521 0.08598165746545636 0.8549996962987391 497.0336092695186 -126.5720715564175 -567.4738466545572
2012-02-11_15-53-21_857.jpg 0.10387658833732291 0.9643904528293445 -0.0528987267693257 -0.2374077370120743 -705.176871859004 100.858555690937 303.3089099119137
IMG_20130210_163801.jpg 0.005945451765775266 0.20492609345477586 0.04359249966329937 0.9777881374805941 754.9619628611216 -10.23725504363094 -160.8210534511163
2012-02-11_15-53-01_240.jpg 0.09877916690560525 0.9865558736916258 -0.02040397094498304 -0.12858406681880666 -754.6762968503863 38.30407677649311 172.21412007462592
IMG_20140521_135412.jpg 0.15318114787133594 0.6921024324925621 0.10764781894073612 0.6970951914566632 -51.645454452039864 -244.3871687185504 -617.6954425846175
2012-01-15_12-41-51_416.jpg 0.048825530297541574 0.9149672878066193 -0.04112575201582262 -0.39844648618866696 -627.9250088727715 76.08634619340518 435.9354443994581
IMG_20140521_134219.jpg 0.005480959397288149 0.06887129229682394 0.09769169140262801 0.9928157118077577 736.490607018378 -19.471901167508744 -73.85821002195851
IMG_20140521_134146.jpg 0.056771565145995254 0.3599800370947759 0.13592990264111748 0.9212569803546106 559.1009900445737 -147.11609466921968 -449.479069463628
IMG_20161227_162934.jpg 0.15854704673989936 0.6875196921543357 0.1376963283423638 0.6951397183524299 -5.298618998717671 -277.9681221928416 -604.3564465938878
IMG_20161227_160409.jpg -0.058476845311184106 -0.41864262126800256 0.09969986672313234 0.9007656469891029 422.39368455916093 144.22761475753668 594.4301449943857
IMG_20130210_165452.jpg 0.03841964868486349 0.534367761486008 0.06354024837084021 0.8419843602563747 280.93246618822315 -95.73514418861853 -602.6673734565786
IMG_20130210_165302.jpg 0.15004382499589644 0.8317222612663264 0.07078112929265422 0.5298254074982497 -340.6377168211224 -198.21895117648023 -597.8557572149348
IMG_20130210_163951.jpg 0.09259281036458164 0.8559946582227717 0.04504332561711124 0.5066268995821488 -267.3745645119101 -149.30389393971964 -720.5757036317657
IMG_20140521_134023.jpg -0.09301738081796214 -0.6095750651830246 0.12832818601876758 0.7767225266760397 111.97545092341575 221.5851113934638 692.9244235657907
IMG_20161227_163204.jpg 0.130232196532496 0.7689159855988918 0.11071074838325479 0.6160770343627697 -114.5594860621852 -219.41223235758235 -597.6354857869833
IMG_20161227_162953.jpg -0.00843036149097381 -0.12357160813324289 0.13284751071526849 0.9833669333291887 639.0387084810191 23.8471303902788 148.5478343037979
IMG_20140521_134151.jpg -0.012815720831442674 -0.04486489446857579 0.26659450261909007 0.9626786949533962 725.0998734604084 46.88160081484546 88.7487655865315
IMG_20130210_164206.jpg 0.11546719373672029 0.9589931274338274 0.011060813788294085 0.2586062008220125 -578.9151782035489 -86.10580436771744 -459.6208896050248
IMG_20130210_164238.jpg 0.03717548368880829 0.6338009898774596 0.021059305993078765 0.7723152169120754 251.82703654449782 -63.756825960721336 -678.281878442842
IMG_20140521_134202.jpg 0.06929456880933316 0.9898940980700897 0.0021106226800303223 0.12370724558987578 -703.0787730092313 -25.8523869978882 -207.82210202705653
IMG_20130210_164244.jpg 0.30358607110850283 0.8095475020109705 0.1298330408634949 0.48539851762942066 -255.02422826010144 -405.5991502622685 -546.0435417567462
IMG_20140521_134209.jpg 0.08409359340698182 0.8654358302533762 0.04286963579702018 0.49204805211298347 -353.3843934524744 -124.6603473646502 -634.9023531605483
IMG_20140521_134213.jpg 0.058843048297613616 0.521382190810441 0.09784330707634298 0.8456505153035232 355.8810489983432 -152.0128744081451 -628.6833367645783
IMG_20130210_164256.jpg 0.011793659936980538 0.1626768834732164 0.08998395414196701 0.9824968341759222 715.6233475961794 -18.816611009735105 -117.18812693262521
IMG_20130210_164322.jpg 0.2598376166193597 0.8739128899175473 0.07866582548302152 0.4032026311007988 -389.11293230818154 -292.6417883554664 -530.3487501533162
IMG_20130210_164349.jpg 0.3469555886521595 0.9034353371524219 -0.09519178308997267 -0.233162894817069 -698.1342455843044 181.50470715382863 195.4095556218359
IMG_20130210_164404.jpg -0.002345540811962103 0.03159197457424003 0.034539942877391365 0.9989011151894996 755.6825053402994 4.864252828797144 55.63505139225405
IMG_20140521_134236.jpg 0.07616585951892199 0.8182581082493595 -0.05666290211146056 -0.566958327967964 -282.45099325369864 125.0051592439556 676.2115988935557
IMG_20140521_134245.jpg 0.10031365073008246 0.2758658786241149 0.34125710848027835 0.8929606790894145 627.2431361248667 -269.3214359574029 -300.624954583761
IMG_20130210_164452.jpg 0.0352776298278422 0.7026081154508093 0.02723402826900325 0.7101800001694184 64.7402534036765 -73.54082665550042 -750.2454140324813
IMG_20130210_164500.jpg 0.11789801542412977 0.9875881342107201 -0.015800526775126878 -0.10256743381243802 -748.9442243056436 22.85136645927818 98.04354643428933
IMG_20130210_164513.jpg 0.0042592561741303814 -0.04687133157054936 0.15001415552024275 0.9875630056645476 737.6555569304916 14.18003959331679 120.22040343307681
IMG_20130210_164534.jpg 0.0642518866625794 0.30054423123144763 0.16842929675613338 0.9365769760826026 617.6138562178298 -161.83713084541023 -376.0971803070185
IMG_20130210_164543.jpg 0.09262251550393104 0.7634800076469627 -0.08416196247640141 -0.6335898607279303 -164.4392926556236 174.59031732786715 699.8913345085201
IMG_20130210_164550.jpg 0.0159931177836312 0.04248353104062902 0.09606118785541874 0.9943397899921763 736.2499688254087 -30.305736520609244 -31.730055486633265
IMG_20140521_134335.jpg 0.06611305002530353 0.8592880788823218 0.03099022036699308 0.5062535613195083 -367.6424750509927 -100.33678450972738 -664.1467328725661
IMG_20130210_164557.jpg 0.05847897258319005 0.5668191055548216 0.07238737018507133 0.8185697160177232 284.4240168989323 -135.51194221213723 -666.0018056475424
IMG_20140521_134340.jpg 0.0715848493655089 0.6918190323879548 0.06747092657019589 0.7153388776201605 28.675616806646673 -158.03174018797947 -750.1216610061048
IMG_20130210_164602.jpg 0.15569634042326094 0.8903030181774457 0.05904114501244874 0.42383172202957425 -444.5784198317129 -186.74699028794151 -556.6952607147758
2011-12-29_15-09-58_213.jpg 0.07983638557967843 0.7922737525684159 -0.06389308310567401 -0.6015364714296091 -186.97524751710392 156.93482221779507 795.9410742356725
IMG_20140521_134347.jpg 0.2500219115282669 0.7815342634417979 0.14952406378151198 0.5516663785047078 -264.93750534117083 -399.47515340835105 -602.6469142651348
IMG_20130210_164625.jpg -0.027702424382386064 -0.19377157109443638 0.16195876111442753 0.9671889751321668 681.5473697797548 86.71214948079034 294.282581110358
IMG_20130210_164632.jpg 0.05993117713614178 0.829760730274145 -0.035553112354112536 -0.5537520751238142 -304.54327311397583 85.6798409306113 677.8809536535163
IMG_20140521_134405.jpg 0.015094066646139128 0.2429460302474239 0.06473360862677245 0.9677597612286098 686.5962741386444 -55.414606355447475 -363.45416065327765
IMG_20130210_164641.jpg 0.09169743906081745 0.993425910766229 -0.00449567950279563 -0.06838368485087805 -742.7963715447413 5.816855174538799 84.71845300816
IMG_20140521_134412.jpg 0.03256701113109188 0.599548031486911 0.04100576863518095 0.7986238630699654 213.65460785514628 -87.14580067481455 -744.2042568545843
IMG_20130210_164650.jpg 0.12679059350814403 0.2645746031915646 0.33687503967381466 0.8946729192216814 630.3123810669958 -302.5224210461756 -277.8824366489752
IMG_20140521_134420.jpg 0.11630787795247033 0.9907627357650787 -0.005209142630264912 0.0695308836312923 -773.9954649998131 -11.208456605989161 -101.35410652508156
IMG_20130210_164659.jpg -0.11069405467345844 -0.6366260578269801 0.12227399481342385 0.7533280553304743 114.45901738272389 235.9070407269759 705.9684215208372
IMG_20140521_134428.jpg 0.1257693967995174 0.9318578097535768 -0.05229059509636977 -0.3362867450471701 -598.8024363544911 135.60529591885796 485.9955807159719
IMG_20130210_164708.jpg 0.18601780236063475 0.9815253763987956 -0.020621522392857677 -0.039750037790224776 -752.8872519786357 32.04517209025515 49.427786753279804
IMG_20130210_164718.jpg 0.1144155557835701 0.7083781271389342 0.10415361150828809 0.6886664902517426 -16.531640385485765 -238.94153764089808 -719.5249893873536
IMG_20130210_164736.jpg 0.09568573283473558 0.6512679613288407 0.07192929924435464 0.7493466881148345 108.03779811920067 -189.85859589521397 -736.0169484425484
IMG_20140521_133452.jpg 0.10829349112613373 0.732956484928198 -0.10939357357431727 -0.6626313885125387 -209.46800413739444 228.67803768253356 712.178457664772
IMG_20130210_164742.jpg 0.12761589795466924 0.742098221081594 -0.11465290117839888 -0.6479653733866755 -108.92044391413262 249.79136321266074 717.8228574513151
IMG_20140521_134504.jpg 0.029511220334632 0.474065313842818 0.0488250295376158 0.8786394497039853 399.7825518775278 -85.99376933333265 -659.9576621750867
IMG_20140521_133418.jpg 0.09367039645432175 0.4442240496021664 0.1088347179010397 0.8843335653261976 569.9635978079784 -182.19217477363452 -488.1847453658556
IMG_20140521_133846.jpg 0.3116233693797776 0.8180192071882207 0.15180496218084677 0.45901057262858436 -282.3693590246837 -425.597160640108 -512.1380467155442
IMG_20140521_133410.jpg -0.016818674698238924 -0.10491548717630782 0.29086757448060674 0.9508448489883728 706.9783370778014 157.95980575288834 273.37856813429954
IMG_20140521_133406.jpg -0.05707463367222034 -0.5220290495802582 0.0899100735882653 0.8462531159486901 196.6147958545231 158.47583414165572 731.8007702975085
IMG_20140521_135857.jpg 0.2565378713640564 0.8173053085760853 -0.06412720061806655 0.5119453635596667 -211.6953408048153 -201.46912254302876 -705.8750780624089
IMG_20140521_133404.jpg -0.020291642152857167 -0.1724588971074743 0.07472166640240233 0.9819688643929917 657.278273664493 71.43600706028154 403.0501900924395
2011-12-17_15-03-49_361.jpg 0.13513057989385985 0.26134928247838385 0.33370472876838864 0.8955877583593921 629.7255348756366 -310.25537321189717 -269.6187479589703
IMG_20130302_150040.jpg 0.029522496848348796 0.5745683686348441 0.025901585503927606 0.8175137428890823 370.92551488038936 -63.775932062157985 -688.9606627983572
2012-01-28_15-18-06_979.jpg 0.13221269738909272 0.836224247101057 -0.09550001902111298 -0.5235728770441965 -319.5117748400507 236.5681740194802 702.227806380493
IMG_20140521_133121.jpg 0.03639187533576947 0.8651659126873531 0.01525455163467123 0.49993086880870874 -205.98304871683013 -53.22285870603922 -698.2668538928773
IMG_20140521_133354.jpg 0.07715022507888011 0.8013986517639664 0.04639952605538298 0.5913164361854077 -65.05338745290022 -136.1036546438356 -753.1791798187406
IMG_20140521_133612.jpg 0.020449945909367034 0.342178711589942 0.07094318695521594 0.9367297333124364 659.0363312602652 -55.91235117268688 -398.9156343471557
IMG_20140521_133351.jpg 0.04907460964882409 0.38227222129595023 0.09796731875385217 0.917530400569625 644.1476501611286 -100.90732601000538 -405.89201719841685
IMG_20140521_133332.jpg -0.04590964770006132 -0.40129153779732457 0.09820624348983904 0.9095124736252544 379.61982823248127 144.99024655022654 650.9837045886696
IMG_20140521_133606.jpg -0.00010678190999711283 0.014259647792855774 0.05658241038260411 0.9982960892830053 768.438210652509 8.75587698042178 95.09015765774285
IMG_20161227_160503.jpg 0.006560283226850966 0.08939926087230732 0.17675786690960793 0.9801639614498352 721.4380444073611 -22.288697886422884 -82.73727829169914
IMG_20140521_133336.jpg 0.05529611976686641 0.809597850040682 -0.04809541263049282 -0.5823920428990566 -397.5555393859153 100.26927251817101 648.6080050886632
IMG_20140521_133024.jpg 0.05106907001522036 0.9704741763521898 0.009764329117094695 0.23553445819712235 -537.8815000047002 -43.481820012210775 -446.79654623705085
IMG_20140521_133320.jpg 0.014965856851766855 0.2756882731026178 0.04867357312044779 0.9598973291358184 721.6380310755914 -27.080609616707978 -245.97613965370587
IMG_20140521_133230.jpg -0.0313717453784734 -0.2603204031872693 0.11082881409606792 0.9586271826118768 534.4795582926932 122.64484568885578 518.4890313806203
IMG_20140521_133014.jpg 0.10560142441976463 0.5244441828951629 0.15500095459380914 0.830530759371951 429.3023882108025 -206.8475890289062 -508.6236562072567
IMG_20130210_165503.jpg 0.17886258879269626 0.6785016090524613 0.16137913540880552 0.693974434326152 3.1303132457572973 -317.8948736370268 -588.6584753156224
2012-01-28_14-41-13_0.jpg -0.012095172817105433 -0.2275218531823444 0.15280633047758269 0.9616328501486274 605.7205548577854 121.30293179693533 480.79608268570524
IMG_20140520_211952.jpg 0.00098735863165556 -0.12092291768276146 0.07590615915284528 0.9897549838746377 715.7827337533669 28.592641502205964 304.4168189150459
IMG_20161227_160322.jpg -0.006235348934647228 -0.022385031195193104 0.08312531545920496 0.9962681429875504 744.1720227680637 26.205425337482524 140.123976116913
IMG_20130210_164731.jpg 0.09991395892073084 0.8316631576311275 0.05841791519300463 0.5430846529191485 -303.62751199294706 -166.01337631876908 -683.7994908683189
IMG_20140521_134450.jpg 0.0030764560224353747 -0.1505323452741867 0.059353313392763805 0.9868169701793215 747.3040107202913 -1.6228788424729503 209.90938609598294
2011-12-29_15-30-24_502.jpg -0.09364476766972822 -0.20996078634009444 0.11451639244999556 0.9664538900267151 560.14455651728 187.34445016673214 409.73821101410084
2012-01-28_14-41-04_244.jpg 0.05386632828198979 0.3328148382848149 0.10025790266290682 0.9360988489729619 699.993054321755 -101.38491393108589 -332.52475807211545
2012-02-04_14-20-50_904.jpg 0.021632469814965482 0.8686436088071688 0.0022643849383855745 0.49495978593115403 -218.37051722957435 -20.98663850490958 -633.5177057464651
2012-01-28_14-40-02_921.jpg 0.08869864290646896 0.9526833482656881 0.012234223502196618 0.29047773143414224 -496.86966053286363 -86.75038372145609 -559.1282429898007
IMG_20140520_211912.jpg 0.004147877341474213 0.3656563968122828 0.010073625953834568 0.9306861536758569 652.9291511345119 -11.274939244464546 -419.78303298681755
IMG_20140520_182738.jpg 0.10368683717019536 0.8632301167234074 -0.060007754753818865 -0.49038951329401403 -489.789016068224 122.18479287139809 493.64075322968927
IMG_20130302_145531.jpg 0.27415957314779754 0.9612548124700422 0.007843094217048286 0.02764416444213179 -719.8240881027472 -79.00896768517106 -119.9515838398156
IMG_20140520_211729.jpg 0.02081755438219105 0.39907877425085664 0.0693949007357523 0.9140498395185317 636.3569722747482 -49.24292061272124 -412.88017894455237
2011-12-29_15-31-19_299.jpg 0.0801541102172744 0.9947122834949 0.002373243924184537 0.0641650948173133 -741.4877106940736 -39.69768312406223 -267.1881030881972
2011-12-29_15-36-34_861.jpg 0.14933969607206646 0.9857374941140633 -0.02960384260035059 -0.07171373911687635 -719.1069608983332 19.876216858792063 -20.808991664014115
IMG_20161227_160721.jpg 0.08117024176476237 0.7355224916719808 -0.08983928339099011 -0.6665935487658767 -48.85756270846162 183.50843556156656 773.6476242889211
IMG_20140520_212003.jpg 0.34155566653133035 0.8260665435301946 -0.19426974237893851 -0.40399636077127765 -559.533549597493 407.4734786225052 359.79331641072355
2011-12-29_15-36-47_728.jpg 0.0037414731186126943 0.07147524232582318 0.045332004766373106 0.9964046870911585 729.4957556677771 -1.3877217538546003 13.529015632075705
IMG_20140521_133252.jpg 0.002048097727172157 -0.004309772615801301 0.11474455673074786 0.9933835703575754 730.0937350217278 40.344429893543854 190.16259212552288
2011-12-29_15-31-27_158.jpg 0.03722496711742137 0.921616256885645 -0.03478854074810382 -0.3847434655713044 -661.3939371766741 63.512674873408955 420.39354691714607
IMG_20140521_135354.jpg 0.16923184909256136 0.7548442008648242 0.13055226706456022 0.6201023457766962 -160.26832735023223 -267.7727910944475 -572.505355349653
2012-02-11_15-55-27_974.jpg 0.02226666228532745 0.8396917825218484 -0.0333107431300612 -0.5415831427473304 -459.5266143786741 60.004076708858015 614.1311481944882
2011-12-17_15-04-45_439.jpg 0.0448371318739839 0.2650748734095675 0.06244106166485399 0.9611587053709614 666.8615528615449 -101.36579608862391 -394.11944150713333
IMG_20140520_212018.jpg 0.2189651733732645 0.9434813641712622 0.02367655349282175 0.24766224808365986 -616.9660579489064 -167.99680980268624 -441.37047484034576
2011-12-29_15-38-28_183.jpg -0.020583476370156867 0.5877693872225462 -0.10106380206387457 0.8024273025370869 208.42864233907892 118.18468762744644 -494.3579917317997
2012-01-28_14-42-04_667.jpg -0.01041778372920053 -0.3273641702027023 0.0713783485776594 0.9421408075250715 537.3558230502423 66.62782490382865 596.8728618530652
2012-02-11_16-08-22_494.jpg 0.059221951580238325 0.6155318993215677 0.041295144148129265 0.7847980328966152 343.3636481155231 -103.06225583715214 -632.4698594864024
IMG_20140521_134514.jpg 0.131943726114723 0.824473666943679 -0.08837884434080344 -0.5431603865603514 -274.9560470047949 220.93125900373946 692.4523791940065
2011-12-17_15-04-25_486.jpg 0.04288135737885849 0.3071854300703913 0.0763785946404499 0.9476099466671746 626.6302269015695 -107.03277417386064 -442.8462623275667
2011-12-29_15-09-40_939.jpg 0.08576956099821562 0.8502571518205742 -0.08006182563343738 -0.5131242171836948 -345.0601768443992 181.93352602727617 746.2229373840262
IMG_20140520_182702.jpg 0.09181440048381563 0.9902264890506439 -0.0015091414166537268 0.1049730381498905 -625.5674384497688 -38.815056480396464 -289.42517417459544
IMG_20140520_182712.jpg 0.1012656626014697 0.5246679206796075 0.1285388238493405 0.8354319896622651 431.4357286018245 -187.87214973632697 -508.9473852825885
IMG_20140521_133132.jpg -0.027430483702815874 -0.269879849975629 0.06739499414248126 0.9601407969175653 516.4814575279551 82.35376858343867 510.3972258821917
IMG_20140520_182813.jpg 0.07199567057218348 0.9963292885783998 0.0022850598381410317 -0.046253114935723864 -722.0542158776658 -22.922970970565828 -99.4163169260323
IMG_20161227_160446.jpg 0.12720467056431864 0.9908356081101611 -0.003202830342641132 0.045315685644011366 -717.5654837394702 -21.796843159705745 -113.13552996588417
IMG_20140520_182915.jpg 0.058877091919600145 0.98602914948518 -0.02102836479011046 -0.15439498789428832 -753.1173852041416 23.186173108053307 50.18320518480786
IMG_20130210_165818.jpg 0.07736940768743979 0.9823047645100266 0.0029416141474869354 0.170536422154339 -632.0086784101092 -21.614011993027667 -180.63832085211257
IMG_20130210_165913.jpg 0.049266455541538794 0.8929787785708622 0.013502075389711292 0.44719057608656654 -459.16408172341653 -49.532218053941214 -510.6476384488476
IMG_20140521_133311.jpg 0.06727493490809805 0.8693792610899796 0.02924714598368169 0.4886700195137428 -230.93995372608782 -102.20537646560685 -715.7192965021952
2011-12-17_15-01-08_996.jpg 0.11818156191023575 0.9889209580205645 -0.025251918018914046 -0.0862020756624392 -737.2242449445051 39.62772954080189 101.25170496579054
IMG_20140520_211734.jpg 0.07433480502674643 0.8173798358227901 0.045495997058788006 0.5694687480481879 -85.55643025107399 -130.81519303353787 -744.3614816980229
IMG_20140521_135850.jpg 0.0725926026738379 0.961287756690949 -0.031651493775110444 -0.26392109770710975 -672.2655066191066 75.48998171025698 433.74176269637394
IMG_20130302_145444.jpg 0.2759508198547741 0.7716157532332365 0.18857748156772416 0.5412012636989667 -131.43423038587636 -445.6247719369427 -548.6415788862344
2012-01-15_12-34-19_472.jpg 0.24243792651465298 0.9697607448637625 -0.02805231800811878 -0.0010084457980753755 -754.725583053405 54.943045996855126 32.2772907125392
IMG_20140520_211827.jpg -0.06204754620132562 -0.48733902321339095 0.1145410745700787 0.8634414402263446 248.9120950018503 187.1184094698546 706.2362494266397
2011-12-17_15-03-59_335.jpg 0.09857087253247626 0.6824225229156176 0.06747268340093589 0.7211315554739972 46.200367519530666 -184.40016780681344 -729.0872189403543
IMG_20140520_211840.jpg -0.017237525143537047 -0.12145124988047142 0.24143919408275977 0.9626315895450689 696.5540192065198 141.1828545035876 304.9387376120098
2011-12-29_15-31-05_955.jpg 0.011249356809177729 -0.6040732967042802 0.05927306427831413 0.7946418111522081 47.41646515312419 59.33171317350138 796.6721908553518
IMG_20140521_134840.jpg 0.10096441084081131 0.9927762509435792 0.007906968711285019 0.06433492948451985 -707.5170691879975 -20.532053350153838 -54.32720109182472
IMG_20140520_212025.jpg -0.04523751947594086 -0.30345104307451193 0.14349671488671936 0.9408930460500676 554.8205306492524 156.21671782350833 517.6131323067601
IMG_20161227_160532.jpg 0.10976922107596437 0.9934943729519492 -0.0072759414933086805 -0.029439933637406313 -734.9692285948123 2.7327383784494104 13.042489431128656
2011-12-29_15-32-54_705.jpg 0.0571650499296735 0.8083232220250317 -0.07566122850162638 -0.5810517225714372 -378.7239246488246 142.34914671939535 664.0124922563011
IMG_20130210_164902.jpg 0.2662481650477803 0.6826984178393215 -0.27543904489514515 -0.6222283483060111 -46.33899786086874 553.5074586419037 561.8233523160369
2011-12-17_14-52-45_843.jpg 0.1656513722293542 0.9407386447297962 0.015606205386390253 0.2955112037536236 -657.4305521627613 -94.24373559520797 -393.490932720211
2011-12-29_15-10-15_99.jpg 0.03681498973356222 0.7301701213183603 -0.05941479095601098 -0.6796809053375733 -25.20961690404676 102.03870833860475 808.3441509827779
IMG_20140521_134601.jpg 0.05917245153468641 0.8836900589688486 -0.03200951347811318 -0.4632125772319913 -401.36408502406397 81.23415236892612 653.1845245430054
IMG_20140521_135310.jpg 0.07488001239908745 0.8249492722006161 0.04445549129065866 0.5584580479614318 -251.52341908947753 -105.62732457883068 -583.0903773933843
IMG_20130302_145424.jpg 0.01732072052836095 0.4694791557252182 0.0011988177680299725 0.8827728347745379 498.2988850577149 -24.44647701709188 -508.6002723574907
2011-12-17_15-01-27_386.jpg -0.020226261563080536 -0.19528912776068005 0.22473751512850787 0.9544349659434727 667.1962512613476 100.74750746245866 295.8079491400536
2011-12-17_15-02-09_761.jpg 0.0994322477688508 0.994798655900382 -0.014043482608460363 -0.017077555991810035 -733.0268891106721 7.732583609278227 -24.53393183725247
2011-12-29_15-32-40_658.jpg 0.03130052650152107 0.34673947236087815 0.005461585612932866 0.937423162947353 667.6763105206778 -51.082136373066874 -392.09511138189805
2011-12-17_15-05-47_728.jpg -0.01542568736951974 -0.3835551657504785 0.07651570154548862 0.9202134700232892 587.7924870112768 57.861271376457246 545.1333117857649
IMG_20140521_133505.jpg 0.12406794925662375 0.9243534390166971 -0.05987019294649682 -0.35579969609572526 -657.1110750255805 125.09091146364825 395.6227289457887
2011-12-17_15-03-03_393.jpg 0.13332471763683315 0.7772143442891096 0.11115005655930961 0.6048206739399457 -144.1311114637078 -253.18555834133943 -674.444101193395
IMG_20130210_165854.jpg 0.039159557411722584 0.7183160711986152 0.04217182401859333 0.6933325956422711 -80.8319991428013 -84.85535586865079 -667.0001248712008
IMG_20140520_211742.jpg -0.0370480139923203 -0.32513189329103503 0.11646578425552503 0.9377379259270454 471.49067885455827 142.15481978180406 583.207575374047
2011-12-17_14-51-19_450.jpg 0.054554845698058324 0.8581753378147331 -0.04837332588323757 -0.5081524178043676 -313.36152507738626 96.0146635097674 660.295314477317
IMG_20140521_133125.jpg 0.10938718925191614 0.9911105757007485 -0.022868141183172565 -0.07218945685155742 -727.3086580068734 6.352716719106748 -67.85467590827191
2011-12-29_15-31-55_697.jpg -0.021264162911746376 -0.02714572604440144 0.15676222419978902 0.9870342192635072 743.6065372566477 91.80450956522861 201.63676293700965
2011-12-29_15-10-25_282.jpg -0.01075428945963301 -0.4154373617812558 0.07150745498416067 0.9067429776822852 549.8763239974433 51.80782754859637 588.5693750192099
IMG_20140521_095604.jpg 0.08861490921071306 0.9535572787706806 0.041199275849017905 0.28491846840552026 -529.0401364208038 -122.51226285858533 -543.8180354973888
IMG_20140520_211930.jpg 0.10879508118716123 0.9094905458163518 -0.04892778919109365 -0.3982419475959615 -615.9029835732789 111.64640630083093 461.8606041977484
IMG_20140521_133207.jpg -0.02849068995559775 -0.24207306426656017 0.20554009230836132 0.9478091488249745 563.023533444788 177.77952863548353 467.9299068072098
2011-12-29_15-10-33_314.jpg 0.13353041400646198 0.8731783780353282 -0.0741385494912295 -0.46285270242939475 -426.83840170751654 201.0089133797234 653.1495439963915
IMG_20140521_095645.jpg 0.1109657781595634 0.9835788303294347 -0.01314854574253151 -0.14172648429309218 -752.9450092134708 -0.7174716025567622 19.960701449791284
IMG_20140521_133039.jpg 0.08034266479575075 0.5097565523942217 0.1500886859688705 0.8433070021343428 461.76937394344077 -171.33535222445747 -506.6028762542437
IMG_20140521_133102.jpg 0.059631829898650866 0.988133503820406 0.0021721662479111947 0.1415327000531593 -625.737214006677 -34.28559884140577 -353.19213683692465
2011-12-17_15-00-40_564.jpg 0.06731788237316536 0.9255616125911788 -0.05382228962112757 -0.36865588988967674 -553.3790385856199 104.93399753975315 508.65255779445545
IMG_20140521_133028.jpg 0.12161034298148916 0.9594985686868583 -0.03784015430646043 -0.2512798119425007 -670.1668260719831 59.31712609885486 194.63082139849317
IMG_20140520_211823.jpg 0.0507934055260235 0.8393329111683252 -0.03079221687939158 -0.540362964649156 -462.45773030243123 71.20633000379722 613.8525766014499
IMG_20130210_165611.jpg 0.026971274519766834 0.4210563188160922 0.042550886019192394 0.9056343350573687 415.6694404612319 -59.59334315727044 -490.0688831268601
2011-12-17_15-01-44_429.jpg 0.0883848009923081 0.9951968431400591 -0.023066664497771908 -0.03520368370723067 -734.2342036030036 26.717973808149512 17.687482038126372
2011-12-17_15-00-58_832.jpg 0.05959511905289966 0.8295406183050479 -0.06645282177396104 -0.5512665479107433 -305.0572210197785 124.24582748988716 674.3968140311811
2012-01-15_12-33-17_302.jpg 0.1398381706466647 0.7741001569362476 0.056725604561482595 0.6148141498441673 -197.3170480858372 -182.94610375549746 -644.5248449530465
IMG_20140521_133301.jpg -0.02505030960195726 -0.4901597215128606 0.0449292575872748 0.870113378363956 219.34606200493496 73.29130704263646 717.4491131394752
IMG_20130302_145343.jpg 0.04508310327821301 0.9823467761372576 0.00448039468874935 0.1815000035123295 -592.739622684261 -30.69444291250629 -390.756845423855
IMG_20140521_133245.jpg 0.018996433117936782 0.23512910176187507 0.10964778994631197 0.9655727850314236 735.6875228094475 -26.488134594305755 -163.85694434335653
2011-12-17_14-53-20_749.jpg 0.12163583877001526 0.8812709136493573 -0.0576165946623134 -0.45304152955536015 -425.21552727119774 166.43371117544413 645.6040360802887
IMG_20140521_135722.jpg 0.20587505785647844 0.9779923659038162 -0.0058001332779280415 0.03335792620062246 -774.944615022292 9.983956403329067 -5.844145774931267
IMG_20130210_165200.jpg 0.01268510256912234 0.019297560647044493 0.09603050733021767 0.995110463208877 736.1303797624084 -36.53026415958441 -63.612814796664225
IMG_20140521_135704.jpg -0.05434673055672931 -0.4855599961289558 0.10210042220054004 0.8665179899018339 442.94306786556757 133.92036006055415 611.0466446059102
2011-12-17_14-52-17_633.jpg 0.04155470888052374 0.05137838203599527 0.3827028688673129 0.9215052806088233 748.7620270760679 -82.82954986912259 -32.57589777972332
2011-12-17_14-52-06_93.jpg 0.0751924652277768 0.4584150866964019 0.09011010318940807 0.8809550900955702 403.48201908600964 -174.58193135960968 -622.269477672863
2011-12-17_14-51-41_274.jpg 0.03827477967721046 0.1962537881629946 0.10004405977110814 0.9746849121520504 670.2337251309577 -99.57270372350793 -312.9237997388199
2011-12-17_14-51-31_186.jpg 0.20049634292253873 0.9082223367203159 0.06257374495379424 0.36196398992086704 -568.1518143321784 -185.90756873592616 -438.4525941693953
IMG_20161227_160435.jpg 0.02030622114267186 0.10549039809942555 0.13800279597323906 0.9845885747840556 721.7133139511435 -40.00775306042405 -92.01316574387222
IMG_20130210_165742.jpg 0.050675524250641056 0.982099105025694 -0.0018781265694443826 0.1814106165312344 -612.8780372290917 -13.160850194104963 -206.24369625353316
2011-12-17_14-50-31_710.jpg 0.19101418166983308 0.9599333287986315 0.009224063581316794 0.2048328667807757 -693.6248049512047 -57.498984344098176 -236.29252980757803
IMG_20130210_165721.jpg 0.026953177316147704 0.4914871081379017 0.05118366514181121 0.8689615533436776 322.71070577553087 -68.84913770290895 -553.8222363679192
2011-12-17_14-29-19_237.jpg -0.03312908976837446 0.8470481694991544 -0.20013044851443085 -0.4912836915028459 -376.4368791355037 232.62750083864088 757.8774407410275
IMG_20130210_165700.jpg -0.00115418546899794 0.16803781170020757 0.030217328388667898 0.9853166368025869 607.9884079104114 -9.376257641150607 -210.37016498930268
IMG_20140521_133517.jpg 0.014595761767829892 0.5641800793421604 0.019480091497473002 0.8252928739830121 398.0496794949942 -36.38507176659161 -671.2151741690051
2011-12-29_15-32-31_892.jpg 0.023284336222370857 0.036038814348851624 0.06565613577235255 0.9969194126821158 770.9006717340585 -22.87903303169407 84.50006718884339
2011-10-01_14-02-41_437.jpg 0.005601814769751027 -0.10730083009491619 0.1026691763143476 0.9888954402600716 704.9764519639078 40.67319114112508 315.82654435215073
2011-12-29_15-32-14_611.jpg 0.055042952148963604 0.42931647066712825 0.06496677250989764 0.899131225073568 593.3642475353931 -106.47928199984734 -479.91715864717594
IMG_20140521_133459.jpg 0.19483503060459445 0.9796805792980902 0.010139524275433996 0.0465022950286639 -748.9381858093728 -82.41629340545676 -190.5138285955307
IMG_20140521_095608.jpg 0.025506126891310647 0.3473417998032847 0.09510028851048358 0.9325551172588362 680.7285927936168 -57.9972329426664 -353.22855681387796
2011-10-01_14-02-20_999.jpg -0.010871305658496224 -0.3431566775774578 0.14310849278786408 0.9282484950913011 458.69910330980207 132.02526500393324 596.1113928201793
2011-12-29_15-31-37_791.jpg 0.046425747926927274 0.7820079866138484 -0.04167293813162387 -0.6201383112089259 -346.0109750054323 88.82947988888372 692.345561456206
IMG_20140521_135054.jpg -0.0356812387278284 -0.25300493357224685 0.18198370915924472 0.9495247666025325 583.2094522016794 99.65434983373041 311.3838822201242
IMG_20140521_135854.jpg 0.07102754937795845 0.7348260998030641 -0.07560866943630899 -0.6702753310272207 -38.23697455700494 157.61769640357014 786.9034245552751
IMG_20140520_211821.jpg 0.053171261682721266 0.8448132456857574 -0.027804812386932738 -0.5316862695735993 -475.2179686792891 67.56799131315998 604.4466011007498
IMG_20140521_135330.jpg 0.02445388743736481 0.3269663175991759 0.05476132856603682 0.9431310786091816 491.730317680917 -61.530806123181655 -417.33318862626436
2011-12-30_15-18-43_648.jpg 0.07245345580562466 0.33833126298911687 0.0999192765072587 0.9328979533733995 585.8512794984499 -146.2498120736273 -411.0511362467999
IMG_20140521_133045.jpg 0.08226420670642766 0.5075778498301249 0.1368881268638372 0.8466752431602681 464.22622820866405 -168.0670414365421 -505.95089039632194
IMG_20140521_133546.jpg 0.2829863412142881 0.8026749665010797 -0.17708089384960235 -0.49424081769120054 -460.22558396669785 402.5867151364502 499.55383125675417
IMG_20140521_133343.jpg -0.0015953043122689387 0.025915465995170413 0.2371555269094502 0.9711246571283759 756.4235319620593 70.15742205727108 110.76420308268773
IMG_20161227_160317.jpg 0.23699703268272407 0.9084195254868038 -0.07222558820555797 -0.3367340740440074 -643.0235366183205 173.07968391697827 362.62938923175767
IMG_20140521_134523.jpg 0.09963506358047952 0.7866966532967705 -0.0900602089904327 -0.6025532246644892 -167.88523765761397 197.33994346440255 733.3943394552208
IMG_20140521_133521.jpg 0.003396552373438845 0.15910059399835413 0.08401135706270824 0.9836755340587808 771.4898098533143 -7.822713158034114 -122.0545069346212
IMG_20140521_135342.jpg 0.07723105145073417 0.9742906059070385 0.0021400351354356906 0.21163317363477915 -602.4954652207621 -25.801300896360228 -239.59200962574073
2011-12-29_15-36-03_290.jpg 0.04736114350217125 0.6429015361307411 0.0333176143554135 0.7637568156819048 243.5051087408681 -83.50418899383521 -666.8952740717851
IMG_20140521_135220.jpg 0.08639220650091196 0.9417003855581783 0.028902512919036647 0.3238848796138013 -492.97975298016655 -78.63150107142334 -406.0500432841071
IMG_20161227_160238.jpg 0.021698766503381813 0.27429750402729697 0.05474727333512346 0.959839975662087 718.5044529571926 -43.30257736304041 -282.1196212648318
IMG_20140521_134955.jpg 0.07289220576980411 0.8723472657683402 -0.05013660689680765 -0.48081523987222774 -361.8437145798375 102.9985158780161 584.1646760277438
2012-01-28_14-44-55_57.jpg 0.04381792987443358 0.5140260192771018 0.039374644173570554 0.8557493078722644 394.98829557524374 -86.82553360932111 -601.8146116133373
IMG_20140521_133539.jpg -0.08686194336487413 -0.6882827107613844 0.07987970815348754 0.7157800954812531 -93.79976792081605 178.72120021797073 763.5369381236669
2011-12-29_15-30-50_650.jpg 0.04313639902916758 0.580325024634653 0.006807488894796312 0.813213240765627 414.0090306975453 -70.77965263291391 -695.9969504302765
IMG_20140521_133535.jpg 0.01060377805775364 0.29977141877745717 0.0249662932936438 0.953625366993888 710.1140243229584 -26.057090509231738 -344.7174507002146
2011-12-30_15-18-20_837.jpg 0.1085170175188228 0.993708700622137 -0.023686096142473828 0.014354235131575436 -726.2598121570143 13.753731655494546 -82.41983145894076
IMG_20140521_133153.jpg 0.03091720809082326 0.5942683004401541 0.04513258806184612 0.8024041144153479 376.5098970012268 -69.32632755519646 -640.1998839578001
IMG_20140521_133558.jpg -0.02712370916259382 -0.32249079304489764 0.08788987269313854 0.9420930755931289 534.8093216663443 97.56852586092101 558.5487048664603
IMG_20130210_165733.jpg 0.015080598566477829 0.23153966434948728 0.058754526682847794 0.9709324718918811 566.866494109561 -44.561534958243115 -306.63573562336524
IMG_20140521_134537.jpg 0.15854347855230286 0.9750928923490713 0.015643831763971078 0.15431489632112427 -752.2968544969106 -57.560091886163725 -192.68423033859278
IMG_20161227_160600.jpg 0.13426399343098736 0.6410559918808598 0.12803202321558071 0.7447336412254628 116.71404434781638 -282.79920253480645 -692.6396551222641
2011-12-29_15-33-17_315.jpg 0.033405132645520676 0.8805346057987332 -0.029105705454531894 -0.4719065193592886 -549.1135595654615 55.600575164262715 524.0105421914677
IMG_20130210_164919.jpg -0.02919861315574812 -0.48110876741337716 0.035149200589614966 0.8754692048300001 439.5534612026886 58.19984632459711 653.9948351732677
IMG_20140521_134832.jpg 0.10663174480435743 0.9333433819933892 -0.034544286836876416 -0.34103737996890027 -519.9455096854261 97.3745997483857 478.8554896304354
IMG_20140521_134530.jpg 0.05536676866074111 0.5425717457718439 0.08867347989596802 0.8334791152640244 279.99092429491407 -157.71548866937238 -709.3321872499707
IMG_20140521_133200.jpg 0.07246939459295274 0.9874244602122044 -0.017440425475883 -0.13941647600333298 -749.1856216663134 15.114778386798715 32.97556388886635
IMG_20130210_164947.jpg 0.1757884882825805 0.8310682489438976 -0.11823043167085062 -0.5142426839650449 -313.48027987898996 292.79225247978746 651.4049025937047
IMG_20161227_160713.jpg 0.0276529062767454 0.11216329456962602 0.14889200956682147 0.9820824209876126 769.4623746368684 -84.54325339344382 -188.71686890209705
IMG_20161227_162905.jpg 0.2196126383739263 0.744887680469396 0.18316551003515105 0.6027960090154292 -154.8057460551203 -375.4622559989114 -557.653988517176
2011-12-29_15-35-03_214.jpg 0.01915310959743509 -0.18400440915757657 0.024581958074149635 0.9824313019954936 570.6541442493378 -9.754612375428259 404.4461221854195
IMG_20140521_133144.jpg 0.01213527598248805 0.21451934276260914 0.06408269619316107 0.9745396834947985 724.7247320182124 -16.721448838892204 -145.2780366275191
2012-04-01_17-53-05_488.jpg 0.07817645902421212 0.9796814365102406 -0.023844798948203693 -0.18315062045974 -728.3745623079384 52.241335964329465 286.8274950470942
IMG_20140520_211849.jpg 0.05754972419418707 0.4305401353176173 0.09985228551439934 0.8951830774782398 591.0591168196866 -124.8398492617991 -484.01381176498296
2012-02-11_16-05-04_241.jpg 0.045367472839056816 0.6907435537877838 -0.006377811634198525 0.721647045880172 209.45196282391458 -52.78928951611038 -688.7597518057894
IMG_20161227_160604.jpg -0.2031062421486186 -0.6429181288712774 0.2096510484161087 0.708131747534983 59.570555762180575 415.4925947603241 629.5737418484689
2011-12-29_15-33-32_635.jpg 0.046901493474366646 0.7497761745289264 -0.06709456860646526 -0.6566081456105729 -269.4144292440923 121.12644184985105 691.9345059869711
IMG_20161227_160525.jpg -0.036726006934113944 -0.28672677003036756 0.19430977065287053 0.9373807512379678 594.5281024424776 136.97898106040023 409.0171795489028
IMG_20130210_164850.jpg 0.16093088774327183 0.962870583018908 -0.04667155344208455 -0.21166779591211676 -710.9878920507307 118.08608363097925 315.4244034372377
IMG_20161227_160732.jpg -0.03430826161824596 -0.2957595638023609 0.12236490153773287 0.9467713844829876 674.9632327195942 94.87250242000437 416.88055970189714
2011-12-29_15-34-53_611.jpg 0.02003410903598749 -0.028579484459468438 0.054198993821347484 0.9979199950957582 669.6257160611784 -5.542055768799638 213.6349142528327
IMG_20140520_211900.jpg 0.004281763857357278 0.1762707422106768 0.04320017004850469 0.9833839724372914 764.5978244990453 -7.415323430221787 -129.20718978701981
2011-12-29_15-33-51_400.jpg -0.024557094276147353 -0.1944699324251821 0.1568719784410105 0.9679718884777911 603.0504345229416 132.0530223916959 427.505071201296
IMG_20130210_165229.jpg 0.08309548595239578 0.9297949206728617 0.014685263717298242 0.358274878738148 -566.7063563888469 -63.56767402698288 -445.35231670984535
IMG_20130210_165147.jpg 0.02549839588048095 0.9649477637046479 -0.010751186393743764 0.26097903578649323 -663.4610212659582 -0.46564667497716733 -344.31416142313003
2011-12-30_15-18-29_265.jpg -0.07769946843718029 -0.5756630316332316 0.11174010365314843 0.8062809782271934 180.11323189078445 185.5847590803511 683.9095061510208
IMG_20130210_165136.jpg 0.2171279350563571 0.9698385115830933 -0.036062949871183525 -0.1047291025218939 -720.9352098346628 97.73194791795787 182.77395820758008
IMG_20130210_165128.jpg 0.032410478875674845 0.5964518414924171 0.04831076330680549 0.8005378390732493 168.39577035249494 -91.72605114359366 -726.9637023650782
IMG_20130210_165125.jpg 0.08345526456051952 0.9241742746333492 0.03557098845146815 0.3710415525296884 -574.7541000601772 -97.17037848326316 -474.252085040044
IMG_20130210_165116.jpg 0.10431917533167158 0.6999062413148854 -0.08913544396023998 -0.7009305498097517 52.21214742516684 197.32219756972776 724.8954782094532
IMG_20130210_165057.jpg 0.1807860554074069 0.9470205793726499 -0.057140808020569346 -0.2592360940796569 -629.0246102456431 162.88346480341406 402.63481067918
2011-12-29_15-36-19_806.jpg -0.006691573953369417 0.10950057631887118 0.05508498397874674 0.9924366434004356 716.6961547705721 13.935387004952807 -33.79269546053921
IMG_20130210_165052.jpg -0.052110334295916355 -0.6546724544899569 0.044569390167887454 0.7527961608906658 155.81242306011856 96.73218834170665 742.6842008613719
IMG_20130210_165043.jpg -0.011609265426160415 -0.2268144886108574 0.09835249964446315 0.9688896730413357 708.2774093414779 35.026462933413036 295.06221934846366
IMG_20130210_165031.jpg 0.16849319993660827 0.9423538233471009 0.040141579019220976 0.28630048346460474 -664.3129284851431 -128.90112532990503 -373.1466345263443
2011-12-29_15-35-42_606.jpg 0.3202881640876143 0.6816155703492561 0.28345580986582697 0.5936905844429008 45.44921974722398 -541.5200310982948 -445.2777014529632
IMG_20130210_165017.jpg 0.19841617006312187 0.9263050657120798 -0.0650569768740917 -0.3136200542912167 -590.9801787854128 198.5569114960528 468.8731379064484
IMG_20130210_165003.jpg -0.036514750825542536 -0.4386929199633588 0.062481770814095755 0.89571827226093 508.41714348148105 82.21771546463265 582.7530364851934
IMG_20130210_164956.jpg 0.0821388963163102 0.526220359615722 0.12551943973589477 0.8370126672196937 301.42527327316674 -222.02180142845825 -682.9175695630473
2011-12-29_15-34-47_696.jpg 0.06480743498525987 0.4191639499496129 0.10785511350044409 0.8991489609208675 569.8460429125247 -115.9473136212669 -394.70582941988107
IMG_20130210_164938.jpg 0.3890757820197661 0.8496018054751757 -0.14746340841316266 -0.32411626179228026 -563.346071502214 405.7926399737973 362.4309603121781
IMG_20130210_164929.jpg 0.0018599630398349867 -0.16291896057068989 0.09012900956252826 0.9825124500276493 751.096252257175 7.689912351125843 229.15396423130858
IMG_20130210_164844.jpg -0.007700492131076896 -0.12809897655730554 0.041902711034246344 0.9908458595734712 761.6344559195188 12.214549300659916 195.40667177210923
IMG_20130210_164834.jpg 0.18831127362605532 0.8917273997048554 -0.08297427394439269 -0.40308358773875996 -516.8003182312707 226.93016844380392 540.570770769515
IMG_20130210_164819.jpg 0.3518127642083367 0.8273056749477673 0.16759684982687192 0.4046039978391429 -477.53023007902834 -442.0866222584596 -422.6021308744031
IMG_20130210_164807.jpg 0.0069048636741209455 0.3398558287032707 0.05344941348199199 0.9389321055073607 597.6127707300864 -46.016060627215154 -489.8450181154906
IMG_20140521_134509.jpg -0.03368386931342709 -0.2803354324719328 0.0859076471411287 0.9554566020555437 670.6706366367644 74.60030370165467 385.1368744618481
IMG_20130210_164749.jpg 0.008190613958434095 -0.07320965328743989 0.5562311414674009 0.8277561100773522 758.5550351461436 54.393444467015726 109.54846403193254
IMG_20140521_135831.jpg 0.0806738212331399 0.14584493006463928 0.3094518571576106 0.9361947121426125 735.1057052152082 -219.31255152581429 -201.87540334637424
IMG_20140521_135826.jpg 0.12193490758546302 0.9866921557312279 0.0021587137110803192 0.1075444470240151 -782.0716482232707 -22.745959336138974 -128.52050072169146
IMG_20140521_135822.jpg 0.11115635268113719 0.839082735259676 -0.06413776843951456 -0.5286499553649531 -306.7120584284788 174.99026520221062 709.447398562248
IMG_20140521_135727.jpg 0.1794900690989897 0.949217104163773 -0.05986335170782719 -0.2513694161589385 -647.379539259133 165.02058508865892 393.36878091090097
IMG_20140521_135635.jpg 0.09025054899083329 0.6556810869565659 0.07021002591422468 0.7463294868055484 35.999076601144615 -176.6032728986116 -728.7288740196764
IMG_20140521_135627.jpg 0.169904623100635 0.9222101823273666 -0.08409471337742186 -0.33702949105786806 -524.1400031238946 207.96719053690802 485.12837085973507
IMG_20140521_135615.jpg 0.19514051031128293 0.9740240956613202 0.006300694237717455 0.1147063361751325 -727.056458491359 -25.00744120361659 -101.70744401108279
IMG_20140521_135553.jpg -0.31328018495432414 0.5972814025160968 0.20715070301486407 0.708660030031211 151.50332811246886 234.3017555607354 -730.4936759987897
IMG_20140521_135550.jpg -0.028760505193995856 0.5148827011991284 0.08093878281056006 0.8529463938513487 438.60386079434517 -7.931732502521596 -607.5972986619639
IMG_20140521_135542.jpg 0.0760092835601403 0.6510720757624149 0.08735495852614406 0.750131223317621 35.24553448770354 -172.22250051728864 -694.6583358336561
IMG_20140521_135532.jpg 0.09961914192971949 0.8431932342243313 -0.047409359879574224 -0.5261687456655967 -250.89967381584628 130.67884198861802 649.321224925467
IMG_20140521_135527.jpg 0.14351398932340345 0.934005023249954 -0.046235416866464006 -0.32388367918053423 -512.5770361049695 135.0964285954584 469.917962454816
IMG_20140521_135517.jpg 0.08036540839598154 0.7014444668040097 0.06402635772991494 0.7052784461751453 -65.17605929781308 -148.54143387028813 -686.0457373321575
IMG_20140521_135510.jpg -0.1285468196043865 0.9588401741928407 -0.04397501044283393 0.24933398079682775 -1521721661558832.2 -862336705126622.0 3229428122150549.0
IMG_20140521_135502.jpg 0.15009228311523842 0.8144245341430653 0.0721544802941525 0.555858539296274 -318.74346069213664 -193.33274564790733 -588.0160296737538
IMG_20140521_135458.jpg 0.14370180158648183 0.9693362300976609 -0.02293444360506937 -0.19801786923755152 -611.7314187796708 80.663944492638 321.0060517182537
IMG_20140521_135439.jpg 0.15895922063938733 0.9784215202322912 -0.013769757163866251 -0.13127714465091878 -640.2975029088386 57.410548002662786 226.42088247492347
IMG_20140521_095557.jpg 0.027903212737744498 0.7978986496516534 -0.009606782066767395 -0.6020688211004632 -371.78605306292 30.351507998023536 672.0692245957715
IMG_20140521_135339.jpg 0.1338621547604346 0.880686101660877 0.06125564169652496 0.450245111272303 -404.6539972700166 -148.75075349188657 -485.0185998180795
IMG_20140521_134437.jpg 0.050002759970797624 0.633310053862986 0.06007016775528499 0.7699413449199985 139.98038701143798 -128.27978193893523 -759.6757885961222
IMG_20140521_134157.jpg 0.12471878606195783 0.9320673181652709 -0.048403207606375294 -0.3366791771179873 -581.866709656905 115.42062570296535 429.2437537856294
IMG_20140521_134905.jpg 0.22962569640267208 0.8431563916319713 0.10974286653697975 0.47361993417294873 -401.66804434732563 -278.6687846031588 -506.2664883068757
IMG_20140521_133901.jpg -0.005810612001110972 0.36483208680643 0.009714690265122864 0.9310045166473099 604.054691877443 2.9561310642532344 -405.086024018292
IMG_20140521_133440.jpg 0.0003775576921969203 -0.09348578243769559 0.07313146787162637 0.9929310420865807 722.3176160393501 28.963788070606693 279.50061857438567
IMG_20140521_133430.jpg -0.0034128778838024387 0.21697349998440355 0.031613821148129724 0.9756594789584544 750.0301521245126 2.689836117781573 -189.20811916036945
IMG_20140521_133129.jpg 0.07627324212441489 0.75508184141486 -0.06939051793234799 -0.6474710505670931 -277.3744301460768 139.64798036153516 660.8784663384605
IMG_20130210_164315.jpg 0.3565625055489497 0.9311868058263333 -0.02508991686135375 0.07158776685647472 -690.5445704079856 -79.16020125482726 -186.85102565493443
IMG_20130210_164224.jpg 0.2864021502788868 0.9059746164781094 -0.11877900927977121 -0.28822794723532447 -650.4764288845436 222.05452979095793 253.60005562389685
IMG_20140521_135349.jpg 0.05674469858500959 0.581598438679451 0.062373564551887486 0.8090938349494529 175.46762549263187 -114.56185779623665 -617.3417782262072
IMG_20130210_165539.jpg -0.006955532617300731 -0.10113016836938828 0.06993028471119306 0.992388061643126 638.6525196901179 11.520308699609991 123.47482859033846
IMG_20140520_211939.jpg 0.017361376219590777 0.5755616734583506 0.025217221698577538 0.8171850674060249 379.65602060062895 -44.007470193261874 -678.5343016822563
IMG_20140521_095640.jpg 0.07985896659393675 0.7070090811595984 -0.06015460784215142 -0.7001015124735601 -202.06289757579685 136.79998677201192 712.5602454165953
2012-04-01_17-50-32_648.jpg 0.047722462869863286 0.3914265925904979 0.09303366179470164 0.9142497070952211 458.9966889349433 -122.06242529664586 -509.84866501899336
2012-04-01_17-51-28_674.jpg 0.1730292810562232 0.9411572932574725 0.04743049302603582 0.28641607073755815 -648.0067462240559 -133.52745412752478 -350.8562647239892
2012-04-01_17-54-56_5.jpg 0.11674198828688027 0.8269196477935646 -0.08359968858275267 -0.5436784861778695 -400.0475839232786 188.50929942470825 635.6853256933272
2012-02-11_15-55-43_341.jpg -0.007842432774869932 -0.16566417703217243 0.1880438595356816 0.9680564981380736 647.491261527594 119.67445723092567 387.47572662449835
2012-02-11_15-56-05_505.jpg 0.00028926559952923044 -0.20743591245933518 0.16426046245218318 0.9643592479063864 603.9149671611532 105.26243412926105 447.79415195995057
2011-10-01_14-36-47_800.jpg 0.09397371688469494 0.9864277213421055 -0.00016371113255446204 0.134644956464633 -624.667133431502 -22.0729643608181 -173.15575788034548
2012-04-21_19-06-20_584.jpg 0.02890957325689472 0.16373261983357842 0.06131985402123958 0.9841726176232254 760.2163406329283 -48.65272749672088 -130.97714263497608
2011-10-01_14-37-04_651.jpg 0.11855737236136968 0.5369944652249871 0.14253203154442476 0.8229615505965738 271.6945004750596 -226.86473302703413 -539.9755963209732
2012-04-21_19-06-34_639.jpg 0.027101394703653726 0.32713724137874234 0.036119985688319756 0.9438972859067345 678.8803018919554 -53.53178814566178 -372.75076562375426
2012-04-21_19-06-42_262.jpg 0.05034967699879734 0.6611638950973475 0.03284943938138992 0.747828943126802 219.83662596986122 -95.81202478767992 -739.7960980269368
2011-10-01_14-37-38_417.jpg 0.053103397911083414 0.19653800530487137 0.060827420897774015 0.9771657313209491 586.5865463490067 -89.49611467139303 -255.31609749874178
2012-04-21_19-06-59_420.jpg 0.05443581944359236 0.7863492075320899 -0.07165231943260615 -0.6111935949395134 -327.88557411255886 136.28087624934392 693.2876594794805
2011-10-01_14-38-10_16.jpg 0.08495328998556265 0.590508996257837 0.045175013678743825 0.8012747855750338 162.13807759452325 -127.6337888475659 -612.2568928669049
2012-04-21_19-07-18_263.jpg -0.02162295348637635 -0.4492772384168182 0.08885726129376471 0.8886994981648495 317.02315723911516 111.8096626796118 697.0719477695593
2012-04-21_19-07-28_94.jpg 0.07835347174144201 0.9728256426971559 0.014992712004395553 0.21736195840965655 -607.9544281727838 -73.24380763948584 -469.29839115623844
2012-02-11_15-57-37_244.jpg 0.007967860650458963 0.7068901570607993 0.008930762525766085 0.7072220729925798 177.46287974328158 -16.433537056224793 -694.4728713602265
2012-04-21_19-07-46_32.jpg 0.04108709722141565 0.9252790511792947 -0.03920975668213728 -0.37501083033905847 -656.8573540596667 67.7236881980106 384.84652942312493
2012-04-21_19-07-58_895.jpg 0.005561831293411056 -0.08137934269809731 0.12785050150648267 0.9884334665920766 696.9672016157831 53.3296107847644 294.54557305822135
2012-02-11_16-05-22_472.jpg 0.09834252924753979 0.9820927006020514 -0.017389403818130363 0.15975069014003307 -614.979379161282 -33.53560569186873 -387.8235601088324
2011-10-13_14-39-23_451.jpg 0.06764243492601642 0.6757539730132458 0.04188621813666711 0.7328209970274464 207.91118479894783 -108.77552465972659 -648.7237497506475
IMG_20140521_134111.jpg 0.11982002197510548 0.8874386119449864 -0.0727405861057133 -0.439095296599768 -478.5318656568817 160.13993844787336 535.541674978506
2012-04-21_19-08-10_84.jpg -0.01224410377022512 -0.5166909757255914 0.03897328898647637 0.8551968196106532 177.8000115992006 54.16621292512882 731.9065583491791
2012-04-21_19-08-20_123.jpg 0.0539494479444247 0.727269584046514 -0.06333696473798994 -0.6812905680288558 -233.0658179649652 121.6742370264674 705.5467187062526
2012-02-11_16-05-39_713.jpg 0.04867313060420162 0.775666231932008 0.021993415295175976 0.6288792512726437 24.426132225179014 -76.15250185883306 -724.4547128947335
2011-10-13_14-39-58_742.jpg 0.029379980743242846 0.09286206830666242 0.08621187042778099 0.9915043955518698 699.3823621537932 -22.868627625552683 38.115277865347515
IMG_20130210_163122.jpg 0.05255937269086737 0.42730379590354906 0.12841186689275214 0.8933976554647316 568.0943652147847 -108.46470532665003 -413.2778410178121
IMG_20130210_163137.jpg 0.0012746545651698342 -0.038976420315422124 0.08024387912638217 0.9960121152766597 667.915548483275 29.268714326327384 216.17727358166897
2012-02-11_16-06-13_994.jpg 0.009086877034842428 -0.19783338669392136 0.0966535313842961 0.9754165646768111 576.7628649121126 45.02960748099953 412.6344857925504
2011-10-13_14-40-18_252.jpg 0.06168391263334527 0.43187959195257747 0.10990980081364049 0.8930817144372751 563.2070859250771 -118.3329019746648 -424.8005139681647
IMG_20130210_163148.jpg 0.14441502881994053 0.4657643374916731 0.23914984469891326 0.8396518523485578 490.2894186188363 -273.6264738211413 -413.7443071439897
IMG_20130210_163156.jpg 0.05913796129622898 0.9784023332564941 -0.00014923021853836414 0.1980695674310326 -568.1181042670014 -34.07436613409254 -411.3947217623768
2012-02-11_15-55-54_45.jpg 0.050644032068901286 0.21404859929296868 0.10711709674410101 0.9696103891469178 746.3313761411036 -75.70064214322034 -148.04538178175056
IMG_20130210_163204.jpg 0.009143915895289916 0.6212970878693556 0.02527289113015006 0.78311403919294 315.92745511241503 -26.80567799775828 -633.5914337808633
2012-02-11_16-06-40_96.jpg 0.05631075354394922 0.8564306652481487 0.0036310566726379966 0.5131690073312749 -185.53944330761243 -58.72314615806249 -680.3580808154015
IMG_20130210_163213.jpg 0.1092840673860014 0.8923099455386305 -0.057303882876122286 -0.43423060545721276 -558.9548663067251 113.28851440135084 430.9960685008707
2012-02-11_15-56-19_244.jpg 0.0924942720757609 0.9113460237218056 -0.048084540493142 -0.3982224399066348 -629.6116384792307 92.59494515094909 398.26010561262603
2011-10-13_14-41-53_189.jpg 0.11077562421298971 0.993175441798216 -0.0194675597216171 -0.03085963395159604 -723.4359418712296 -8.969723876048254 -141.32142645354958
IMG_20130210_163222.jpg 0.03704557839328499 0.07044109051857582 0.26343132518724227 0.9613894189131449 716.160677269763 7.443213440913883 60.321011659311985
2012-02-11_16-07-27_41.jpg 0.05449679885994534 0.5432001904057465 0.03445069105153747 0.8371241257682465 457.1328183292346 -92.87384999344897 -572.9113074036168
2011-10-01_14-04-55_608.jpg -0.01879732099519057 -0.37772882351431153 0.05832811877062705 0.9238860466370176 478.14009439025426 57.821419534676394 549.1015054792156
IMG_20130210_163228.jpg 0.1024057495121384 0.9863037272825359 -0.024991619876738726 -0.12685991861644288 -721.5805761538821 20.25075385050027 13.938192467494954
2012-02-11_15-56-35_310.jpg 0.03147438036929811 0.47728210677244487 0.047965255607573386 0.8768754120111509 549.6963814648558 -63.8126014768917 -505.8258031496053
IMG_20130210_163239.jpg 0.05211011793605153 0.29801051037572 0.26507699248107397 0.9155372517661323 676.4497397950339 -104.50415621909 -253.93510041849024
2012-02-11_16-08-30_939.jpg 0.20228251693134067 0.978902616056358 -0.023965881443776788 -0.01603396858432473 -709.498728895658 -35.41089531220175 -153.382450413496
IMG_20140521_134226.jpg 0.07933564790053557 0.9523083801850095 -0.015073282000655353 -0.2942573706321292 -625.9258764022502 45.81790452614976 394.71107058622937
IMG_20130210_163245.jpg 0.0952310943819985 0.9497810744361591 -0.04319988842945364 -0.2949249378153453 -682.4488664981179 72.2565615430666 257.88697369073844
2012-02-11_15-57-28_658.jpg 0.04599852155697354 0.43513935505207985 0.0913398525615851 0.8945361418262874 565.1735367758483 -90.61041523931158 -428.140269133868
2011-10-13_14-42-44_697.jpg -0.04169554019959261 -0.31806330644720254 0.1468944442405866 0.9356918495266414 487.5287049477215 170.68587304642284 565.9508037040997
IMG_20140521_133730.jpg 0.07221375725986247 0.7645449488259893 0.04865099779766906 0.6386620975918094 -27.483141646818893 -131.1232258661064 -728.5215138158754
2011-09-18_19-53-53_378.jpg 0.10531817884478578 0.903246429980802 -0.06213392949280777 -0.41133118376502475 -595.6228734738577 119.82327738572062 419.89741010932056
IMG_20130210_163519.jpg 0.001105154228651346 -0.0754065757397279 0.15444801740738615 0.9851184887556759 683.9030373684703 75.70078965918347 297.87691615816533
IMG_20140521_133744.jpg -0.0039048566403887546 0.014796961096996207 0.0817077478562473 0.9965388331506064 731.7909141725991 17.129569197862654 82.19127945476006
2011-10-01_14-01-49_608.jpg 0.06925781773049348 0.7614089570496528 -0.0951478662247346 -0.6375003045965149 -305.1354264029551 172.35220636990834 664.6987159900737
IMG_20130210_163642.jpg -0.011522297687233856 -0.2834386826197534 0.13663219419952827 0.9491371836352255 535.7780082890772 119.35089890731811 545.7063006110312
2011-10-01_14-32-50_305.jpg 0.008127711299106723 -0.04212930123135425 0.1675196298866297 0.9849346353385297 771.1304625013744 -19.724322765139878 37.96145262863846
IMG_20140521_133943.jpg 0.03461812098710838 0.7115730304558051 0.03075276180560158 0.7010846422997672 77.7982624108786 -72.48387811937621 -727.4431172291877
IMG_20130210_163507.jpg 0.02122912259640171 0.49879563422957285 0.025615822874178087 0.8660808676132871 541.83924008495 -41.700813164353114 -525.6186234427406
2011-09-18_19-53-14_634.jpg 0.0019754242594888557 -0.21848497309382453 0.1800816165595715 0.9590782166270265 597.0142461524531 115.41968452268775 458.28274473196825
2011-10-01_14-04-42_522.jpg 0.02867161589215057 -0.07682512075890328 0.11751472941292966 0.9896798106627817 709.7468699519679 -16.49185712446732 184.3480618582819
IMG_20140521_134018.jpg 0.033064207094602255 0.2939946754612031 0.08918823560577126 0.9510622206980973 641.3782693760322 -79.35465703024761 -350.19989533092684
IMG_20140521_134713.jpg 0.18827501302815 0.8955028776791122 -0.08164453143946997 -0.3949193411618503 -474.9917042200354 223.60432864533422 532.5563107468747
IMG_20130210_163543.jpg 0.09445123888643694 0.9777728456153622 0.0032227809321820665 0.18715993036202416 -599.9912014897507 -66.3885837017759 -439.50565115563506
2011-10-01_14-01-18_320.jpg 0.003823971929595972 -0.2855488145208321 0.053830620142720234 0.9568435170389564 497.62907110683483 36.94769042225748 561.2655969440024
2011-10-01_14-34-58_286.jpg -0.17153920401231465 0.9613013137232136 -0.050885111377484166 0.20948697133938032 -655.8566884754467 107.07572972777203 -258.1263791062815
IMG_20130210_163605.jpg 0.06559514550021779 0.606163834759403 0.03293603042761524 0.7919456422105318 383.48677658726285 -112.89849820626239 -654.6811732373868
2011-10-01_14-01-28_960.jpg 0.03437502230211573 0.3576804292923838 0.022265445022661538 0.9329455066084448 670.5305118778169 -56.12191322464972 -342.10428536507425
IMG_20140521_134049.jpg 0.06413540753725368 0.5291867022763591 0.07235455653535332 0.8429785891601723 360.563759247821 -137.15964476046858 -620.5587780742087
IMG_20130210_163410.jpg 0.014027939239930025 0.2707073041920672 0.05871311603522451 0.9607671634601066 728.8882193514759 -24.880169403578506 -230.60479442252787
2011-10-01_14-01-40_851.jpg 0.008438345849177731 -0.19822227780249585 0.15377482246928217 0.9679824517400409 597.6586218781479 88.34339245284748 444.74685824783205
2011-10-01_14-06-54_697.jpg 0.05480318028480771 0.29042774000690824 0.05154555542213524 0.9539346911510104 714.3511685874895 -103.26822556019238 -336.475532442348
IMG_20130210_163430.jpg 0.05406341366911335 0.7255003392901885 -0.053964764626457135 -0.6839694504662287 -238.8225274370754 110.96597117178402 719.3089029707199
IMG_20130210_163744.jpg 0.021915032170515308 0.7803360725272626 -0.027458245370964647 -0.6243727973245154 -323.11311474834145 52.696853040639446 703.279070807667
2011-10-01_14-02-31_15.jpg 0.10492364509849905 0.4750089833124442 0.10185732967607683 0.8677456878965067 534.5395915311149 -196.90598969475698 -515.0522694419556
2011-10-01_14-36-35_776.jpg 0.1174498112076335 0.8519991503195187 0.031605905033900636 0.5092190653040176 -320.70563274465746 -118.57341651782136 -561.073062737693
IMG_20140521_134121.jpg -0.025596512676362964 -0.21732604228431046 0.11891751483821089 0.968489976483262 650.962736623674 77.33599547914523 341.3902198441202
IMG_20140520_183052.jpg 0.009895826758578795 0.35913015053151415 0.03744928936252409 0.9324833287079285 680.5211272623586 -20.799310380664437 -335.85973635988483
IMG_20140521_133951.jpg -0.02617467921209138 -0.27865769198252843 0.07282563636597293 0.9572675715571931 572.94794696648 72.03292808731202 456.40183707674635
IMG_20140521_133853.jpg -0.0085475730078577 0.15421554222954956 0.04961480212910401 0.9867537063220029 716.117675873147 11.000298901857766 -108.35541359888647
IMG_20140520_182723.jpg 0.015518292548746575 0.7481786978571632 0.012063028521651883 0.6632060780873594 76.98780718049335 -27.268885283386513 -696.3664775599901
2012-04-01_18-11-50_589.jpg 0.06652183202131999 0.6734990047919482 0.08720013397868216 0.731006205885342 227.00586828568754 -157.06937267767512 -724.8573052840428
2011-10-13_15-24-38_28.jpg 0.14214417855589878 0.9798049058593377 -0.04473237014593147 -0.1333281441323308 -729.5586462529253 67.13789344062384 113.05366228812838
2011-10-13_15-23-25_156.jpg 0.0934296107591096 0.9856048002420424 -0.05118816105880331 -0.1312777884512952 -726.4135123214295 82.21044753187648 158.3399880747916
2012-02-11_15-54-22_239.jpg 0.07288995117118949 0.5898711560764506 0.06502211574929563 0.8015679626274858 339.5225407399755 -149.23894152707615 -681.3927656341571
IMG_20140521_133959.jpg 0.01876990086247047 0.21645408445342887 0.052888086303715776 0.9746784959524715 692.4502183449139 -40.74849414735855 -236.72552671306119
IMG_20140520_211755.jpg 0.00552369924713089 0.01845230945547562 0.23190459726472065 0.9725478182536191 755.8242718968958 62.56419202437784 128.12634589280296
IMG_20130210_163450.jpg -0.0863547697588581 -0.6211608154628503 0.1312716257969399 0.7677694024471475 -45.93382043791929 235.10848134316043 722.03997246643
2011-09-18_19-51-48_277.jpg 0.07458168327970383 0.8412601556347841 0.01786263112448727 0.5351633857709395 -226.32136338742865 -98.05848244829131 -719.9324132986404
IMG_20140521_134720.jpg -0.07535757750131424 -0.47361295087349176 0.12046346377400508 0.8691953532857881 433.7715355510878 169.18718955095267 580.4437016367335
IMG_20140521_135132.jpg 0.0983771635516276 0.9253480338892104 0.041456882894882315 0.36377778482137785 -474.22178585834536 -100.1239291620023 -423.4957719093109
2012-04-21_19-06-12_928.jpg 0.019082427552138664 0.5960979809139559 0.006869501565073383 0.8026555102017738 334.94761556181084 -34.25523625099154 -696.1953542195398
2011-10-01_14-32-21_386.jpg 0.011011642743259619 -0.2521002306637931 0.12375373831800389 0.9596922577970899 702.3034437627055 16.031960893275627 355.9752141588776
IMG_20140521_135449.jpg 0.0860812781376144 0.9040277298616332 0.4174581513241822 0.032443321168042064 315.5377979783824 -1169.3760817578764 1775.93520265529
2011-10-13_15-28-32_396.jpg 0.09511754233227117 0.9900569591394784 -0.06554687945657141 0.08027127377626392 -630.8265199020528 45.76370698563692 -267.51058356055535
IMG_20140521_134103.jpg 0.12396787759846845 0.9921303764064195 -0.0031481695637625303 0.01730232827645341 -729.1710261725833 -14.905716762709854 -67.10848504036242
2012-01-28_14-40-10_416.jpg 0.013338474392992307 -0.002434566271275558 0.12615506391581136 0.9919178684933228 727.2252861570088 28.25623461617003 193.19847757400987
IMG_20130210_163456.jpg 0.00405692867443788 -0.05883969539551283 0.1046122751523305 0.9927626622022747 702.3759671178374 45.73075727745176 287.46099987740496
IMG_20130210_165257.jpg 0.3919378219504221 0.9191992059034391 0.010301264500233689 0.03676203940130446 -715.4799582200391 -12.114161405883113 -11.46908887978392
IMG_20140521_134058.jpg -0.041908582857150004 -0.2998778429424161 0.0885381180316889 0.9489351672535465 570.9300948578835 97.91900333043061 448.3194441298067
IMG_20130210_163752.jpg -0.04691580239046728 -0.14613370614757695 0.3955651257109047 0.9055230967429533 674.7135920492519 264.6600535363042 276.28673955209405
IMG_20140521_134517.jpg 0.3592680544224704 0.8652188501263588 -0.12560322376664038 -0.3264148229430481 -564.1638774145611 363.515743428597 392.0693469494154
IMG_20140521_134725.jpg -0.00504202731349418 -0.11471215018726842 0.08036578061576335 0.9901298106137406 730.761011686761 7.020354791393164 131.71316048685682
2011-10-13_14-42-19_619.jpg 0.009990220847083954 -0.06175350535923795 0.16817002199652337 0.9837710830091331 704.5966438289432 61.865566449667064 265.0116666116285
IMG_20140521_134032.jpg -0.03931147091454152 -0.3985004672612492 0.051732518012714064 0.914863778071449 454.09381572608464 81.6246349885355 573.5075366420526
2011-10-03_13-15-48_699.jpg 0.16231849205030566 0.9458642711211601 -0.08158747495995253 -0.26895533399546134 -545.870609219519 174.82920465927347 383.6802935276019
IMG_20140521_135154.jpg 0.08831695539857656 0.9610650167910932 0.01410309624210897 0.2614483726586335 -554.2521745254564 -52.0525228576655 -322.7875422700512
IMG_20140521_134702.jpg 0.08482672267183484 0.9848186482641907 -0.013949764127809957 -0.1508047122361437 -701.8573720744166 38.88655654923034 261.9721299108657
IMG_20140521_134006.jpg 0.0501169987124026 0.8480378409186907 0.019798798002832976 0.5271888792526543 -259.0475342592162 -72.61566572788527 -681.4439068217213
IMG_20140521_135141.jpg 0.14268864519056323 0.6680298068619949 0.11694636339338232 0.720901987628464 37.54050151730955 -237.61383944975339 -596.4112251984725
IMG_20140521_135136.jpg 0.09445165505698576 0.6691516746647269 0.08770194196158808 0.7318628905242798 50.45615568962827 -169.57258041456177 -618.1217172310669
IMG_20140520_182909.jpg 0.0646756064427531 0.8265468121549189 0.031443554305552616 0.5582550816073573 -108.85174713340099 -104.50112713663086 -738.7449812482948
2011-10-13_15-28-44_551.jpg 0.0587430118162821 0.5213220827467278 0.057727064900331505 0.8493763185899167 453.5605616806398 -101.47060139598058 -519.137839077015
IMG_20140521_134455.jpg 0.008731190536046285 0.15564953849942162 0.09317304804907496 0.9833696001982091 730.4984259851387 -47.635973511694864 -257.1092246827161
2012-04-01_17-51-57_877.jpg 0.05937679470847556 0.9444949024173119 0.005603297438254124 0.3230671425813486 -634.2733225506344 -39.89713297847635 -427.7697731204149
2012-01-01_09-47-31_226.jpg 0.009358028023440702 -0.23825287444668927 0.12889116643619583 0.9625669131775307 576.3560457275402 81.81012848413442 514.1156388889259
IMG_20140521_134759.jpg 0.3474898500747591 0.9262785434874231 -0.06095133937120452 -0.1324530037360262 -683.7207254674561 169.70499951705077 182.8802509854848
2011-10-13_14-42-35_909.jpg 0.07009418585265341 0.41893215765723163 0.09423956462007405 0.9003896694490275 610.9925722508256 -133.74348986632265 -440.7012737551791
IMG_20140521_134042.jpg 0.00663801131320962 0.03019221868226885 0.1833037539521781 0.9825701504339965 732.2407970547961 -3.022900177520447 11.2737605018779
IMG_20140521_135234.jpg 0.011472195682641295 -0.0009726681246662372 0.08437377701161469 0.9963676572409064 645.4049843893234 -16.258033162718927 20.75938564356226
2011-10-01_14-33-25_558.jpg 0.2799263947009217 0.8936728968078141 -0.10230403201247205 -0.33544575134418564 -541.168545692069 290.47143320899306 437.9349611776233
2011-10-13_14-40-48_799.jpg 0.10480288625846211 0.9935758039300489 -0.02343855607395191 0.03569469100329713 -692.1126503268151 -9.54363961092007 -225.28687010241626
IMG_20140521_134620.jpg -0.03554858369072952 -0.5352904420385162 0.04219389933961643 0.8428642332655429 366.88731330025075 70.65848910934153 664.0345146601317
2011-10-13_14-40-58_228.jpg 0.06404990656942466 0.9664469153640668 -0.006214593593900306 0.24867518589153748 -534.2411431315676 -36.808741035254535 -493.4472510997848
IMG_20140521_135207.jpg 0.02211610919936472 0.4135753046632274 0.05739165126651882 0.9083900833075526 433.0084866267236 -60.16474600378483 -473.8080743996822
IMG_20140521_134708.jpg 0.3705976891431908 0.9099341813160341 -0.09277227661058479 -0.16146344219957265 -682.7867841500904 236.51069690671974 201.1921971717528
IMG_20140521_134010.jpg 0.153678377650499 0.9860712277748725 -0.004700437844382716 0.06343812640153254 -714.3329775487335 -33.748493193714346 -158.11971875980635
2011-10-13_15-22-28_406.jpg 0.16486818067084538 0.9857481465591577 -0.024318413926976843 -0.022971488883992454 -779.4514864190267 37.36818707933951 36.63625216371728
IMG_20140521_135259.jpg 0.01343274590336745 0.0861867244099202 0.08914834767905602 0.9921915046900365 633.1461892197452 -34.359891719452264 -117.61119210697545
2011-10-01_14-04-06_46.jpg 0.06725464875698406 0.30355624095356676 0.07807947255698662 0.947224375089629 659.721912680578 -124.05458949205884 -341.8387972187816
2011-10-13_14-40-10_3.jpg 0.12386268259485632 0.9881485043047635 -0.046298713090796265 -0.07795510545692312 -706.3381363901537 37.23204654869869 -60.77925213754222
IMG_20140521_133829.jpg 0.35953866794553196 0.9124979469296365 0.025553998708941327 0.1934591332843563 -616.4034280295158 -208.57509745073267 -315.08197272888236
IMG_20130210_163303.jpg 0.05050011823154929 0.7615495679262713 -0.03280197380885158 -0.6453030483146293 -285.62948782794064 77.02370341329531 684.0086347715481
IMG_20140521_135218.jpg 0.13417271224018645 0.8375114124090098 0.09008560464528521 0.5219740426596624 -261.8038463641448 -194.29216853347958 -554.8981897268222
2011-10-13_14-43-25_273.jpg -0.07430911285506786 -0.28082168780972394 0.2766479915690473 0.9160148602305548 546.6289710369746 291.73851365040326 465.00747989230325
2012-02-11_15-54-43_404.jpg 0.06636400084998646 0.7974730120199416 -0.08741226203804466 -0.5932888933196184 -343.24375544377125 165.09544628256893 678.8637297582808
IMG_20140521_135144.jpg 0.009523642267055814 0.3785325080289225 0.050191531141671304 0.9241770668031951 454.8583119201061 -41.65552412303181 -452.4979500410978
2011-10-13_15-21-54_312.jpg 0.0022121174082273365 -0.22034305975963367 0.13992529370502077 0.9653315258158194 732.592157217898 29.736315815399912 316.2259894914275
IMG_20130210_163342.jpg 0.03705624326543871 0.1376818554823135 0.2868663311345201 0.9473005064748038 757.6480993127308 -19.90680084051404 -41.170544551703465
IMG_20130210_165409.jpg 0.0689959018964566 0.403920136826869 0.11020291462408169 0.9055072645736292 456.6006757404484 -157.8831304089581 -504.7174221736023
2012-01-28_14-40-55_292.jpg 0.06498062007147877 0.6895182131060577 0.04338870179906241 0.7200413692048169 208.715769602925 -121.30318822059975 -737.5261785694729
2012-02-11_16-06-32_96.jpg 0.08575843799705475 0.4301567427700559 0.1810970437453562 0.8802354955967492 547.6211001670688 -171.95341889817757 -410.77165843269955
IMG_20140521_134543.jpg -0.041803417769556234 -0.4222585751531802 0.0661687519341475 0.9030901761396075 529.46091369689 90.73199558191791 562.869667116374
IMG_20140521_134552.jpg 0.2415334170839566 0.9065347427502847 -0.09112494455473218 -0.3339949297494199 -563.5952284487017 262.59547860718095 467.5433500452866
2011-12-17_14-51-57_632.jpg 0.23589168913962413 0.8432801339995196 -0.1185170407421796 -0.4681745803120064 -373.53431253552714 322.4933663028007 576.3267702306679
IMG_20130210_163442.jpg 0.10018300486837944 0.8324790133408185 -0.08651312065316646 -0.5380125814862421 -485.60612472450805 169.24292069259764 564.1239328527809
2012-04-01_17-52-20_918.jpg 0.08226038213050677 0.6462982010424849 0.08026411620117718 0.7543802333779926 75.6808936728316 -185.25277414608013 -752.2575140618413
2012-04-01_18-11-32_119.jpg 0.03463982716140471 0.8460049876430792 -0.04602503453435713 -0.5300540910637079 -476.1638478555169 84.98347147126691 606.383799973772
IMG_20140521_134259.jpg 0.02787211677579892 0.13356227127277673 0.2494114276525528 0.9587378184650948 726.1646755192994 -89.99038394930683 -166.37022760515262
2012-02-18_13-09-02_132.jpg 0.11718413513123387 0.9510977450036575 0.013720176027146574 0.28546928852730624 -651.5112167144616 -63.51264671357609 -348.81925103430336
IMG_20140521_135425.jpg 0.05036670986148273 0.4216122669474643 0.07438969624499893 0.9023150580532978 390.51713217145493 -115.93485407775556 -542.3826318275516
2012-02-04_14-26-36_868.jpg -0.011705762584190567 -0.21767897917768977 0.16754133221733652 0.9614617720665354 606.2081392360849 55.97756540983746 273.57041797914735
2012-02-04_14-24-57_766.jpg 0.047386078943827264 0.3952257332044596 0.042506403953478364 0.9163756789430139 474.29830750065963 -79.02694700216776 -430.32763345997563
IMG_20140521_134229.jpg 0.08988111944295106 0.9895475276551784 -0.012901344083317865 -0.11202959519720655 -727.6794211712609 22.975306863612566 140.42283417316725
2011-10-13_15-23-06_588.jpg 0.05059157096683251 0.879009270168424 -0.06745856658774417 -0.46928939653374774 -428.8935951354979 117.3764857876727 611.6837455965626
2012-04-01_17-53-25_203.jpg 0.06700289797818314 0.7694447564327579 -0.07596473741809422 -0.6306304283252266 -153.87240827395266 148.4355500479596 746.5940723834825
IMG_20140521_135431.jpg 0.09774634520201 0.7595791042933954 0.05995444099496577 0.6402270701286177 -173.83155798481792 -149.79512222484607 -641.7752110262996
IMG_20140521_134250.jpg 0.09727484924874052 0.991694867823889 -0.012518746289053837 -0.08319960232323352 -738.6099377201199 20.206601502021048 105.86179453840568
2012-04-21_19-05-53_128.jpg 0.13205144748612097 0.987458593996769 -0.03802356613096669 0.07773125997581468 -740.387853446864 9.852381166473686 -223.22272632511383
2011-10-01_14-02-03_773.jpg 0.07474333478933978 0.6105949203634224 0.014779968414726636 0.7882695158793183 353.60372600220325 -112.09700055386864 -659.0802124251803
2011-10-13_15-26-09_227.jpg 0.06885261228221756 0.43558808071533334 0.02897384148323843 0.8970411686373995 422.53405117890105 -98.9741165101486 -472.20175279382346
IMG_20130210_163656.jpg -0.01631640336792693 -0.11880061276585546 0.162532372259871 0.979389308372912 697.404401239203 106.10081208875073 327.25327965937197
2011-09-12_14-15-33_253.jpg 0.1791807230254721 0.8632090066484843 -0.10037984184019347 -0.46118148996804387 -399.80663366073605 265.939110898039 619.8291367903823
2012-02-11_17-54-57_837.jpg 0.0020580227810862535 0.05921115078291127 0.0489257748072538 0.9970436664082001 767.5147557895966 7.99955077054098 72.90134816476593
2011-10-01_14-34-01_838.jpg 0.3288793300504761 0.9250339030511654 -0.01600001390165678 0.18945887159651156 -697.9144423496583 -49.1975085728557 -229.84426151245034
2011-10-13_14-41-10_987.jpg 0.0784782688985331 0.47952306891645297 0.0898568244010763 0.8693816991380661 521.8484956807804 -143.19412511342367 -486.6990301595645
2011-10-01_14-03-23_319.jpg -0.005205973605831909 -0.2169725928642852 0.04908571389829441 0.9749289125242209 645.4395057523681 33.18480164055548 440.5138313888027
2011-10-13_14-39-31_519.jpg 0.07843280369022528 0.9482874384379524 -0.01172550708477823 0.30734628985833246 -454.13056354719026 -41.3637971554784 -517.7953786042424
2011-10-13_15-28-57_199.jpg 0.06989606246788632 0.24987484508506966 0.1180465483965387 0.9585103623106338 679.5734267091868 -98.32760361532469 -168.0056699943206
2012-01-28_14-44-12_979.jpg 0.060108459539434875 0.6343944914790974 0.031818994801789326 0.7700117881192325 227.1245402318418 -103.4464317071906 -686.8598716011187
2011-10-01_14-32-07_573.jpg 0.06366545859074398 0.7244874819856882 -0.07982878992924647 -0.6816831831040717 -17.182307709416243 151.5599140447792 775.6326707827182
IMG_20140521_133816.jpg 0.02989200957265186 0.9979041199543699 0.0034467646621322654 -0.05728834920965545 -724.7917573348825 -11.566644385656096 -30.563316615879867
IMG_20140521_133716.jpg 0.26259682143577934 0.9061649941764794 -0.08157780029754888 -0.3213300098023524 -641.6592848508462 185.58212027350842 330.7255432903862
IMG_20130210_163420.jpg 0.05058394716319145 0.962307669270808 -0.032076459831758275 -0.26528534576308294 -734.5504293365665 50.05844868845264 215.4636343846483
IMG_20140521_133618.jpg 0.15268995148393036 0.9769712791470234 0.01251662684826118 0.14851340845191457 -695.2435869627722 -90.89159061858541 -323.4313517153972
IMG_20130210_163326.jpg 0.06167299687839461 0.9016028846270066 0.02686856129212298 0.4273017204533466 -333.9534884199528 -89.45695490702134 -668.5068346745702
2011-10-15_14-27-51_352.jpg 0.04586151231464172 0.9787183441942034 -0.009555456298771078 0.19978943335645247 -571.6237136319047 -14.520833807975883 -416.43564794279683
2011-10-15_14-27-59_188.jpg 0.031562933072907716 0.739460818641458 0.0018555761750189792 0.672456716664351 94.63215297975061 -38.25891085245528 -702.3080275892135
IMG_20130210_163733.jpg 0.06860666796474812 0.808715304516415 0.04561688601335646 0.5824017351125775 -84.90467514535727 -126.96595879584962 -762.9416051467683
2012-04-01_18-11-58_134.jpg 0.05831769876103586 0.9981265491129527 -0.006510160506938064 0.017322118151661597 -750.6865921916846 -11.510465298859955 -191.08898134287668
2012-04-01_18-11-40_213.jpg -0.05072154823669227 -0.47879414569058726 0.1482914610150119 0.8638247120723784 268.45475586288524 207.4728646718059 697.3717808243664
2011-10-01_14-05-51_548.jpg 0.11996062176980914 0.9921492353239592 -0.026498133687027983 0.023392156415952027 -763.7799244353419 10.434855596001295 -119.50835484691517
IMG_20140521_133704.jpg -0.010803843794755567 -0.1980879602492938 0.025604676762539684 0.9797902007529052 643.4560084640883 24.316519654494503 387.0213097975347
IMG_20130210_163614.jpg 0.02105681147459396 0.1803335217240747 0.04436472004351162 0.9823788491455713 764.207018756806 -27.649114780484386 -79.6251837912644
IMG_20140521_133236.jpg 0.0768545156486933 0.7810377431441298 -0.0528571820621277 -0.6174783765551466 -353.5391429134246 118.30654593423567 655.2217291700875
2011-10-01_14-05-02_890.jpg 0.07880763551475155 0.3914281903096663 0.08373775498105211 0.9129957923266714 536.6695088900998 -152.5466569619804 -471.518543109793
IMG_20140521_133657.jpg 0.011508522457370355 0.22649079821163468 0.0674265788050112 0.9716085264688432 719.0190937129835 -29.705292060093598 -230.77040832037704
IMG_20140521_134901.jpg 0.06212842865997893 0.351162515789061 0.16765030245120108 0.9190855901084294 499.64005585078274 -179.3941362155374 -462.35256225036693
IMG_20130210_163537.jpg 0.13968703587231146 0.756733266087907 -0.12456542820718232 -0.6263591223097962 -322.3322927041564 250.7509978311569 624.917580209045
2011-10-01_14-04-27_991.jpg 0.1409518195437099 0.9723886753750765 -0.014940628141047829 -0.1853904695510854 -715.8361487737036 33.236054677811154 189.77584162108352
IMG_20140521_133638.jpg 0.20225952407598005 0.8949012184031665 -0.09762753608932387 -0.385631635655341 -597.5053836583053 215.27734089922686 425.658539949604
2011-10-13_15-26-23_83.jpg 0.08595802565548243 0.5101281535574536 0.08179909850454589 0.8518740471791109 321.24559072889207 -149.56020554998975 -533.880542969258
2012-04-01_17-52-30_726.jpg 0.12426397586822623 0.8702479375087766 -0.08056630388615411 -0.46982556575953305 -392.1723467833694 199.13013323411664 647.553410193214
2011-10-01_14-04-16_647.jpg 0.008193353112827012 -0.29282677562731946 0.02224950515563442 0.9558714913422232 566.7396314111227 -2.204398549429118 491.1287111785846
2012-01-15_12-42-51_289.jpg 0.030214089021363324 0.3537996971610007 0.042019718343664976 0.9338882301344806 671.7000067469681 -52.354982140179175 -333.3818192930029
2011-10-13_15-25-56_609.jpg 0.04221362767870077 0.3577473123974018 0.02234189937849528 0.9325962200453106 511.64726864724315 -63.45887961135079 -386.42340374369405
2012-04-01_17-52-11_509.jpg 0.10459863444004452 0.9438694815340379 0.019169551225807022 0.31273320227910734 -646.4750340413418 -77.79468337681777 -415.3882616290411
2011-10-01_14-03-53_317.jpg 0.12174130448598017 0.9200659047238493 -0.06919191404597266 -0.3658828566322698 -618.7423507116073 141.5669253461533 423.4170708990878
IMG_20140521_134814.jpg -0.05807483623277352 -0.44720985648327394 0.15314730912400937 0.8793045885066343 457.51820037528427 155.40225862671073 530.4548334117934
2012-04-01_17-51-41_830.jpg 0.0747634176137172 0.5841600871640453 0.06880715648069632 0.8052533757571301 181.63567938007867 -159.60020751281166 -712.9681095360452
IMG_20140521_133925.jpg 0.0008847994969248507 0.08009404287231262 0.05633222123703843 0.99519387170376 728.7024657307285 0.13752021242642518 -11.173209672476585
2011-10-01_14-03-03_624.jpg 0.03531632168130541 0.2440798946865423 0.012991824397393012 0.9690247545504377 736.5011506703523 -57.65229583593806 -238.21308066613398
2011-10-13_15-24-27_555.jpg 0.12038428854315575 0.9001183835418487 0.0013711250718850083 0.41867963730996716 -426.7868287081756 -95.62527372254961 -597.3179781350588
2012-04-01_17-50-51_52.jpg 0.28309723657772556 0.9417549328100375 0.015199972120976103 0.18089378656421248 -671.8303073987358 -81.41378182939351 -206.0589356813086
IMG_20140521_134746.jpg 0.11449917679991109 0.9073143372377341 -0.0536525394804539 -0.4009888239867694 -458.38033842920385 136.89311566193132 549.3150182650768
IMG_20130210_163400.jpg 0.05350604297158021 0.8612769044024962 -0.038663916170119404 -0.5038296328073295 -521.6764942734196 79.2285026786682 552.4740524306823
IMG_20140521_134319.jpg 0.13235028399583207 0.7011810379213596 -0.14214024344948073 -0.6860209221138012 -22.668899201589213 281.5207560827458 703.3289698585843
2011-10-13_15-24-17_508.jpg 0.053039689765420915 0.7112264891841977 -0.09091220249775801 -0.6950385916115125 -71.72313730666978 147.48253529091517 721.4984382711036
IMG_20140521_133834.jpg 0.04379489206356157 0.6479726692920514 0.03644508170307758 0.7595295802661873 225.91029139404858 -82.91697271461531 -682.0533338574721
IMG_20140521_134734.jpg -0.06250643466532277 -0.5592207683785386 0.10834757572533601 0.8195278400847584 304.58911121337746 152.0326755784004 650.1248274580383
IMG_20140521_133824.jpg 0.16769817504537016 0.9450796818746855 -0.06154833801321885 -0.2737033413787763 -663.9075380476602 114.21319669278033 263.0668825555657
2012-02-11_17-55-15_790.jpg -0.011267057620622157 -0.21796142750025027 0.14720578275317447 0.9647260373073032 598.9690057345961 112.13869486879535 460.5862498671623
IMG_20140521_133802.jpg 0.3900186800976709 0.916779120201916 0.008469431161902755 0.08561391634813864 -696.3469958823032 -137.88991670240728 -178.34762523829068
2011-09-18_19-52-52_142.jpg 0.05858129480750164 0.892748402828011 -0.050996844681883834 -0.4438105935860522 -582.4367145079009 97.32307231202716 492.54060019682265
IMG_20140521_133751.jpg 0.2872921636209974 0.9430037020084557 -0.03123151029952299 -0.16502067593100078 -717.9671176840662 51.77875129797597 131.71590219764303
2011-10-01_14-35-09_370.jpg 0.0243961337048669 0.8495248943700087 -0.06323985472624397 -0.5231758817836346 -298.9720619627848 86.24113849126765 634.6852259301983
2012-02-11_17-54-45_951.jpg 0.044248287642284105 0.8238692390747678 -0.05036534986556729 -0.5628009394803888 -418.8688525917114 97.03073837463835 642.4187977106851
IMG_20140521_134934.jpg 0.0531572185248734 0.8916801227861757 -0.03462462356146957 -0.44819862136106153 -408.60557651609315 71.15248996491405 573.5340210245972
IMG_20140521_133735.jpg 0.2219603435540066 0.9245802944977909 0.04737013117413748 0.30600809725938843 -530.379559342184 -207.40043005337196 -472.7026339745772
2012-02-11_16-12-51_455.jpg 0.07191266609927738 0.2287231642577646 0.27086472032508385 0.9322803150713971 720.4474818162573 -98.96655784146128 -141.0335504084893
IMG_20140521_134642.jpg 0.12407218872285986 0.7275629253221629 -0.11579506434649937 -0.6647178234071703 -12.411367897395083 244.79573153115476 712.4392994323224
IMG_20140521_133725.jpg 0.0376283232174321 0.5485864968160326 0.04925060663502051 0.8337933452295243 386.8314242675171 -85.24273500661921 -625.9917676988458
IMG_20140521_134624.jpg 0.11128201613620727 0.9809066413798458 -0.015162652260444932 -0.15877206227167112 -705.7109799346597 52.22278821288063 280.68030077451806
2011-10-01_14-33-40_719.jpg 0.23607497323923096 0.8739688317862415 -0.1485507632136346 -0.39796954509727794 -446.05738367244606 338.73583998794027 493.4269669158397
2011-10-13_15-22-10_39.jpg 0.08349188338334214 0.9865602775187188 -0.03865608519371669 -0.13503196402625373 -754.2572357610705 73.55734190708847 228.2880822075972
2012-02-11_16-07-09_767.jpg 0.09481401953692341 0.8978325936927999 0.03148994850820497 0.4288534931011547 -315.5837397288049 -123.42157198418992 -650.6164698164857
IMG_20140521_134611.jpg 0.047860510026067615 0.5639839150626793 0.08135634945824373 0.8203734878294431 234.20156995346105 -141.95619525602396 -719.110996078101
IMG_20140521_134851.jpg 0.3909105724662439 0.9081248753450077 0.030113047712303453 0.14693991789573205 -687.7580462784638 -100.74514042244823 -144.9231701983169
IMG_20140521_133653.jpg 0.07118726787081699 0.5760812780235964 0.0778876768384163 0.8105530481100559 347.85640040889183 -152.3745476099817 -654.2539369561306
2011-10-01_14-33-15_675.jpg -0.006049963312753171 -0.4763146431902 0.04202217446250213 0.8782493355989234 446.7849390473058 27.650124117427932 610.8271669644419
2011-10-13_15-21-48_70.jpg 0.04484965670102043 0.7706798556251199 -0.08881709224331769 -0.6294065399667281 -124.25068781555541 145.10314766108385 776.3016602120457
IMG_20140521_133644.jpg 0.18871214391727995 0.9067791413728306 -0.08375032918928924 -0.36759379465652237 -615.9595773759393 184.9928409115262 408.06430649404666
2011-10-01_14-33-03_50.jpg 0.23360245536544053 0.8843774947785846 -0.15135598249609158 -0.37469681896038876 -489.15089607371056 342.63670892046486 478.9586236677573
2011-10-13_14-44-35_892.jpg 0.03359620933410817 0.44219072751081784 0.038555040057987155 0.8954619836196054 564.7937725135217 -75.59670189366828 -555.7807876457475
2011-09-18_19-45-01_34.jpg -0.024606106807908472 -0.04260228842972423 0.12069316107265161 0.9914699921826174 761.784096674692 72.34484096435044 183.16139345155406
IMG_20140521_133630.jpg 0.08903047737684067 0.5297493240755956 0.11474703294817973 0.8356269180496109 420.7757629698602 -197.53514808301625 -608.1362507515677
IMG_20130210_163338.jpg -0.009589194635918164 -0.26951686361722904 0.10438459171859697 0.9572735056314414 543.4347882698185 87.83114088387352 522.0847070267054
2012-02-11_16-05-59_783.jpg 0.05583451516396806 0.4587707021332501 0.10646650359725321 0.8803844804358749 538.7927271120409 -115.339787531829 -467.66140381634665
2012-02-11_15-07-14_158.jpg 0.020298405398251552 0.22257665907012456 0.1313299480474448 0.9658157434631749 742.4690763652873 -48.65200865028633 -215.08648469854663
2011-10-01_14-31-58_416.jpg 0.10339864435143817 0.972057577232302 -0.046877164232250704 -0.2054636667761352 -714.433704691916 103.28611757011987 336.7524730248967
IMG_20130210_163309.jpg -0.07461534540452924 -0.28822748404483706 0.25134276586358234 0.9209692078019712 501.75906258881986 275.2460064374678 477.5661643185727
2012-02-11_15-06-19_188.jpg 0.13156131903608403 0.8480962218496586 -0.09629507423743201 -0.504134581729351 -454.9987194482445 207.32888522952607 581.230730133115
2011-10-01_14-06-32_541.jpg 0.07821255350872251 0.6341076149408724 0.03792468134674393 0.7683437041405309 259.80504134474353 -138.51275421716915 -725.3574281817328
IMG_20130210_163253.jpg 0.041802390815325725 0.6120326360907232 0.049309604892666066 0.7881860030140676 339.94834749578575 -86.95422850478624 -649.0802946908586
2011-10-01_14-06-14_385.jpg 0.11585998823523437 0.9062357233012092 -0.07020170093874453 -0.4004809585038615 -591.1811658683846 148.10389335917398 475.3638692580135
2011-09-18_19-51-28_840.jpg 0.1457865333962214 0.9337609340380241 -0.06398003464054866 -0.32053605087749876 -643.4765728657223 131.28359481732036 356.69538220872124
2012-02-11_15-55-18_225.jpg 0.09374388737343305 0.9887246275375735 -0.000547256884572029 0.11677069405765482 -694.9545984739439 -46.67632953959736 -329.5099024589569
2011-09-18_19-51-21_238.jpg 0.14353667826413227 0.9407848194454204 -0.06221552596112419 -0.3007496863229087 -657.0362083027837 124.22681792280835 331.73036496067164
2012-02-11_15-54-53_466.jpg 0.08149331181673149 0.8747106867730366 -0.07662866271673623 -0.47155922493831953 -534.979405668696 149.97327806750556 544.5457673274065
2011-09-18_19-50-03_845.jpg 0.12936067873479573 0.990798857513477 -0.03632113465627262 -0.016254658548935732 -738.031762212439 36.60511842488849 -35.76556329720089
2012-02-11_15-54-30_83.jpg 0.07516447255353055 0.8551418001508572 0.019619525184758294 0.5125406110075823 -257.0977601404614 -100.91770167898287 -725.3857603514764
2011-09-18_19-49-27_741.jpg 0.0988361088420474 0.9920849457025687 -0.034216383581185096 -0.06948469755219042 -740.5410894582022 49.43124868886441 74.3913722060148
2012-01-01_11-00-20_21.jpg 0.016221238861538683 -0.11350460742897824 0.08326541861560835 0.9899093117881852 631.8647650668584 19.169934204180585 315.7597554785222
2012-01-28_14-42-30_955.jpg 0.0297608671315497 0.2770955770171544 0.02356343932268094 0.9600922332319932 727.7988781535317 -55.402766277923995 -311.1320552588655
IMG_20130210_165559.jpg 0.12926094967320922 0.7748698358312938 0.09603043842017905 0.6112663080075594 -158.06977498422873 -203.36227272809737 -593.9711121026203
2012-02-11_15-53-41_116.jpg 0.006257199962943975 -0.0064358631727904556 0.11839901107078778 0.9929255265584139 767.672794591885 9.090273434465683 106.64734986448505
2011-09-18_19-48-09_199.jpg 0.12095597300092789 0.9536351312123842 -0.007298959811951494 0.2754930385664974 -693.4999538300452 -39.46088800387086 -377.48807773435703
2011-09-18_19-48-01_445.jpg 0.11233572180947893 0.8755684447586136 -0.10111133838435886 -0.458843199141766 -401.924348039351 217.67252250581035 642.1434538370378
2012-02-11_15-07-21_697.jpg 0.13425211953609564 0.8298559629387733 -0.10491816270919432 -0.5313262917537164 -432.6698844930206 234.33938483329865 635.1851414385725
2011-12-30_15-21-57_182.jpg -0.038166532845587464 0.9619606347322833 0.002779327500732728 -0.270494599455614 -695.1240233767671 -33.90086259782044 467.26592941356336
IMG_20130210_165459.jpg 0.0429383504614912 0.8069645476775906 0.04132089033073172 0.5875858242618041 -211.16895570467602 -84.39348193006238 -628.949091633909
2011-09-04_18-03-31_55.jpg 0.04897314133267052 0.9987932064069363 -0.0011697566507917867 0.0035205017738319964 -731.1296416433948 -12.583162948320991 -97.54483570845049
2012-02-11_15-06-31_219.jpg 0.08765536355970277 0.8604164328824386 -0.021217211865909132 0.5015475343232314 -283.4520007635673 -61.8211816161892 -712.2523804270894
2011-08-27_19-07-57_152.jpg 0.14066329474384207 0.9847622737918791 -0.00886521468610526 -0.1018749704128775 -739.8009566748593 6.935064381991677 70.37141369577134
2011-08-27_19-04-32_391.jpg -0.009158640368757581 -0.06289128791990711 0.08991380233971921 0.9939196714821502 722.9496940779406 32.5755123229084 172.09948086726567
2012-02-11_15-06-07_821.jpg 0.031810548779293936 0.010096370994618482 0.049362615166044885 0.9982231636778767 766.6464141057954 -41.69944770830457 101.69855726921351
2011-06-25_14-52-41_37.jpg -0.008990266626645241 -0.6529512561088183 0.04952685643470886 0.7557254281441071 -67.77314962504775 68.76180508891514 756.8450996680966
2012-02-11_15-05-53_430.jpg -0.06993852322258838 -0.49855595593016094 0.12197881864968234 0.8553781208195791 274.791963926852 201.53010115048846 709.0837217862526
2011-06-25_14-52-30_729.jpg 0.06392738328529703 0.8427335066135472 -0.06780830867148267 -0.5302033192769001 -479.98213776952815 128.1774706399146 579.9548686162199
2012-02-11_15-05-45_805.jpg 0.28325458252284186 0.7809224477681843 -0.2102915251461297 -0.5154652718692819 -410.5320617990088 451.81853064785315 496.4665341811929
2011-06-25_14-52-16_178.jpg 0.0484304400930983 0.417888740150516 0.06282316767918647 0.9050285868029563 617.7075105795177 -91.47972494329632 -441.7428473706275
2012-02-11_15-05-04_657.jpg -0.012099304712366862 -0.6845058599633982 0.06403088977386484 0.7260890989789153 -116.23844568205787 91.64206536671006 760.0661756520647
2010-10-30_17-49-44_340.jpg -0.010115983469297108 -0.5084254881961662 0.07840457217201466 0.857469482193659 207.83321428310896 95.08446158666764 742.5140285445042
2010-10-30_17-49-33_742.jpg 0.005697816634962722 -0.08114947749896183 0.10619499532705315 0.991012068622137 714.5536525082139 42.35511657242911 296.6835962171692
2011-12-29_15-36-12_252.jpg 0.023162271560229823 0.33918506998644216 -0.0012970093294792768 0.9404335783250524 622.478363051818 -34.2257918823163 -354.40592186042943
2012-02-04_14-38-27_722.jpg 0.05018240446418043 0.758830977229572 -0.07647104435679372 -0.644832888160946 -97.38187886923296 140.50434454566604 813.9005856060585
2010-10-30_17-49-17_523.jpg 0.023061460332251486 0.7447356623833217 -0.047981558272268465 -0.6652328406562508 -257.55794602976783 80.64029031672365 716.0034213222413
2010-10-30_17-48-53_719.jpg 0.01118585285669212 -0.005453705730041257 0.12231715784060218 0.9924130423807799 727.4722429313782 27.853051733197002 183.40896016195052
2010-10-30_17-48-42_201.jpg 0.04888497258702275 0.7435088587378048 -0.06700038011867543 -0.6635629476526897 -258.70154640278884 122.98947201706252 699.1613946549137
2012-02-04_14-28-54_541.jpg -0.018720669148970186 -0.30844465300741364 0.05216351527763963 0.9496264530075134 638.4319311644391 40.03757185789556 410.8328677982735
2010-10-30_17-48-33_797.jpg 0.0630720092711022 0.980927970060633 -0.04177271439579833 -0.179045467776314 -748.5166038593724 56.674851580068065 88.7203263945256
2012-02-04_14-28-43_650.jpg 0.033886091122852305 0.4943453706928418 0.03652257558358788 0.8678366717163496 344.59982130179293 -79.93160868997573 -662.4225397708103
2010-10-30_17-48-20_774.jpg 0.045684297164918695 0.5805142979193524 0.04342855493152233 0.8118066614165641 394.7796337187927 -88.09531745916428 -626.3190921300458
2012-02-04_14-28-35_778.jpg 0.25734720132927785 0.9550563842154838 0.0048553402978280145 0.1470243061803963 -729.4402038631762 -49.473200424050034 -169.83667587382374
2010-10-30_17-47-59_875.jpg 0.06226343169302865 0.3365217685727834 0.17599393240847155 0.9229856445827618 647.7424884937718 -117.40122941118668 -303.4649156096795
2012-02-04_14-28-12_421.jpg 0.023656553884569338 0.9246645120112109 -0.01133315917722978 0.3798782267891109 -553.4759695487371 -3.5971058224072956 -487.8514831311731
2010-10-30_17-47-51_774.jpg 0.12300461789588876 0.9910353571629863 -0.046230948365082666 -0.02411398437387912 -707.7169349510123 27.875044997788063 -135.5651311869965
2011-12-29_15-33-41_760.jpg 0.06934373115998314 0.9970099659778128 -0.0333557176708341 0.007069001937746919 -726.2672144367642 21.059970540401693 -193.04604065549654
2012-02-04_14-27-59_72.jpg 0.026718070216430374 0.5406627094686246 0.02137578981183485 0.8405433093683367 265.3097173886385 -57.3041475615621 -672.9147826278044
2010-10-30_17-47-33_586.jpg 0.09444909112566972 0.9943698321150549 -0.02698841595509749 0.03974457911774773 -671.6167413538695 1.9451245009189155 -212.3451498053453
2012-02-11_15-04-56_852.jpg -0.005982393427215135 -0.035781185522054816 0.33151041271292625 0.9427538194006028 742.560007320834 129.75262253942634 176.72526803949512
2011-09-18_19-49-47_322.jpg 0.012319110786868199 -0.09563928340849952 0.1692302822328087 0.9808478365954291 711.7277980345079 15.229071859787153 182.87851795958878
2012-02-04_14-29-15_423.jpg 0.15207297161115046 0.9156758585046446 0.026845136789553845 0.3710672069691502 -580.7648357314897 -121.61475035069493 -486.725041915226
2011-09-18_19-49-18_689.jpg 0.04746296616529086 0.8160169503807683 -0.0646054979794377 -0.5724419037464786 -274.3722329554363 112.39303159048913 685.1515678950371
2012-02-04_14-29-05_111.jpg 0.12670072203921845 0.843592373377941 -0.09032849409532118 -0.5139451310867587 -309.12038094541384 212.28670117464614 661.2714415323043
2011-09-18_19-48-15_986.jpg 0.1275540561568131 0.9656832458976009 -0.012515485808248508 0.22589642309164992 -730.5614076649764 -23.872221235952978 -309.5198413078295
2011-06-25_14-52-08_316.jpg 0.02363507740526559 0.8884625770047733 -0.002562733070265694 0.4583329191508011 -283.2762481836845 -21.975147624174216 -708.0336191845706
2010-10-30_17-47-25_73.jpg -0.0021296307860125606 -0.08044298225728289 0.10825345365954907 0.9908610301394689 652.272453184866 48.71922938050175 259.7890894979291
IMG_20140521_134310.jpg 0.12973250394368308 0.6398407641708321 0.10938111494563227 0.7495392222019056 120.21061797674187 -259.3668575314652 -697.2365131331998
2011-10-01_14-38-39_644.jpg 0.0803322281673882 0.643498606754868 0.027042266218421394 0.7607397663195865 65.92888257303571 -106.81358282986241 -642.3614360660533
2012-02-04_14-27-02_446.jpg 0.20458196048252816 0.8228271429858813 0.15075846785810185 0.5083046316726759 -312.973079818765 -316.8614698102111 -523.9474790463861
2012-02-04_14-26-27_329.jpg 0.022501882833099465 0.5211473894010654 0.01937552878801433 0.852949970791725 298.6762101674704 -45.29832294024216 -594.2680806167759
2012-02-04_14-27-11_868.jpg 0.05498147031515006 0.8579150076242429 -0.059678806552511135 -0.5073433922537555 -317.6882222163573 102.47388650876857 603.399334782012
2012-02-04_14-26-05_672.jpg 0.018570989566468663 0.19852689035802062 0.037894071363095125 0.9791865151781998 590.3786607789928 -38.74067506595976 -252.36256213863237
2012-02-04_14-25-57_611.jpg 0.08048907923794751 0.6810666209777688 0.0906651467564873 0.7221146703100385 34.48312072720774 -159.48000872721667 -622.5559817899895
2012-02-04_14-25-24_48.jpg 0.02057955580191593 0.19566746175904673 0.022406052068473615 0.980198293776557 601.1938026658962 -34.47679703734443 -219.67403367640978
2012-02-04_14-25-15_610.jpg 0.0732875910010581 0.5544342170832085 0.08705913825572778 0.8244102949252635 267.5653951589344 -140.82460609198074 -564.4299399232327
2012-02-04_14-23-21_748.jpg 0.034283572103808016 0.08070630474645457 0.08557394374326034 0.9924657320080127 730.3339752032986 -49.63920810720624 -26.939347620565915
2012-02-04_14-22-58_90.jpg 0.12261351284306894 0.8888573446370468 0.01739994817202498 0.4411301272376125 -358.6385701732232 -125.01257549753137 -620.8970052503794
IMG_20140521_134138.jpg 0.09806042792250833 0.8004108530304874 0.06449444616510609 0.5878495430299485 -188.73928465305636 -168.10132163923646 -686.4807325669899
2012-02-04_14-22-30_751.jpg 0.026423209755417842 0.45898657250333824 0.017557894617557888 0.8878766021156648 508.58663820106915 -45.61051842998034 -512.8504843184257
2012-02-04_14-23-36_467.jpg 0.039700085131276874 0.4984392195094632 0.03188735030264917 0.8654278968152359 427.89307662785274 -76.61457966606143 -588.4533557466574
2012-02-04_14-22-23_115.jpg 0.017833639811115964 0.13803714969947467 0.04201518927487812 0.9893747674486794 716.1817391781354 -25.406330035125787 -76.96247488166983
2011-10-01_14-34-12_690.jpg 0.10388013766715755 -0.05857671867956446 0.19610847330300454 0.9733032167447879 731.6899066092057 -91.66236851238314 243.39583946716485
2012-02-04_14-22-13_779.jpg 0.25625028552898604 0.793278453694603 0.14486341710430892 0.532972491274246 -160.17713004456104 -387.0911346146451 -580.839411093076
2012-02-04_14-21-52_735.jpg 0.006082414334739837 0.47135875640281605 -0.02354303374033191 0.8816062911303169 497.72794455837635 1.4392271364709137 -505.84418606672295
2012-02-04_14-21-34_646.jpg 0.03303139742116117 0.4217006036874636 0.0408186766116071 0.9052134352039365 553.4118226726317 -56.933942945120954 -423.2488690100007
2012-02-04_14-21-18_397.jpg 0.05364078828364104 0.9631594220762085 -0.005612155888364846 0.2634674499903518 -509.22369229498895 -27.362492945939064 -474.5416198357293
2012-02-04_14-21-05_53.jpg 0.06293731281603697 0.6676450432545759 0.07901178162630876 0.7375948272848237 210.95433057016015 -127.77614058145109 -639.9409781849419
2012-01-28_14-43-44_776.jpg 0.1551517529740248 0.9866593503029192 -0.02741989471812894 -0.040980597635403175 -735.219089808697 18.519411410541068 -27.374148549961685
2012-02-04_14-20-28_124.jpg 0.0705402079253184 0.9628033560650732 -0.011181923965748531 0.2605930566843827 -491.76147365384736 -26.820002005451347 -425.0686779805333
2012-01-28_15-19-19_648.jpg 0.062171249821743504 0.9668121921456913 -0.03567960762963875 -0.24522619438681661 -686.9832484650811 74.93186333858645 405.89270545903463
2012-02-04_14-22-01_386.jpg 0.027475330096802163 0.5451256747115831 0.007731065230513424 0.8378683283408646 400.65309663535936 -40.74718024748908 -587.3367750118626
2012-02-04_14-26-51_287.jpg 0.05003542246710792 0.7456210584011127 0.006435137732965405 0.6644578863778358 -91.59630410178453 -57.89060821912265 -672.4260980725303
IMG_20140520_211932.jpg 0.10532492218545349 0.9097783462744966 -0.05196209187720513 -0.3981330963690597 -615.6148750156277 114.88222002532456 461.4135787078934
2012-01-28_15-19-08_964.jpg 0.08727300447456737 0.9865432893309722 -0.002232742506055582 0.13824172968720072 -778.179593760321 -17.216262198516244 -178.90228567043005
2012-01-28_15-18-50_977.jpg 0.2021397004239566 0.9443222475181663 -0.06805372078489322 -0.2505268956461266 -660.3165421113841 186.39629781676803 383.2330998864993
2012-01-28_14-42-20_620.jpg -0.0062338613458005785 -0.207817283903013 0.07171970015654919 0.975514940989297 665.2524786415346 47.202621537658985 436.20218327536185
2012-01-28_15-18-34_874.jpg 0.10059577897149101 0.8265991444944972 -0.0709982347402339 -0.5491571671551365 -271.09610413753154 174.82821282469988 721.3449553913536
2012-01-28_15-18-18_863.jpg -0.02222500195871874 -0.37234957918627554 0.09707454796125481 0.9227341829074381 602.6489288815884 77.02537549257289 524.6785619174053
2012-01-28_14-45-51_331.jpg 0.2155564654355553 0.9251077932088108 -0.06784587187239179 -0.3051359022192066 -666.400824980697 149.98590227947687 323.14163435641495
2012-01-28_14-40-46_978.jpg 0.008144708322421477 0.04085673461066092 0.10524800260762408 0.9935729711049927 766.7757498294023 17.990334766413124 113.58018978993445
2012-01-28_14-45-05_143.jpg 0.07725291079900436 0.9602409844514761 -0.0033791791770008566 0.2682495493021963 -584.7302277788538 -39.954432090999546 -427.4912073413464
2012-01-28_14-44-45_580.jpg 0.04329808372011086 0.2538415506335832 0.07602848176442543 0.963280547441243 658.148720529062 -84.85059083469561 -291.3117124104212
2012-01-28_14-44-35_41.jpg -0.009027753714195138 -0.27057954795232464 0.04735410380439451 0.9614898838498893 584.8039470139718 32.21175768422063 436.00900523089865
2012-01-28_15-18-43_310.jpg 0.09579981105001774 0.9851089807640533 -0.007988421870198194 0.14254429955916176 -765.0388449129559 -9.614454162024533 -184.91312325958575
2012-02-04_14-23-07_60.jpg 0.051363960011891766 0.5801133533347756 0.03640157911717308 0.8120992340424628 325.8569473645333 -95.0066343893114 -646.3057904022228
IMG_20140520_211811.jpg 0.06441129435431586 0.6682097167890209 0.057455618734418915 0.7389491264114081 239.93472075542 -130.16563092900222 -721.0013190036248
2012-01-28_14-44-03_713.jpg 0.1768358776779252 0.9745582915118333 -0.044835415892235345 -0.13021134471767634 -722.7132645845907 60.662356466627465 86.39074679487614
2012-01-28_14-43-54_18.jpg 0.1126262660956749 0.9488944888780022 0.006794005144756871 0.2947344816209916 -551.3904208703407 -80.38409204907336 -474.9175603402011
IMG_20130210_165643.jpg 0.04515182047612849 0.4410162536487106 0.08409511817349692 0.8924090924148701 404.0612515316672 -102.02956476938884 -489.79127795683445
2012-01-15_12-39-00_996.jpg 0.13555954989835384 0.9905978529578803 -0.017389653262887276 -0.006091149808654206 -757.6751485876802 4.789728805212417 -46.18489921215982
IMG_20130210_165635.jpg 0.11686142809064155 0.8878740430362765 0.04569106379556792 0.4426459273688867 -374.14416775193394 -125.9404865558001 -507.3833802263853
2012-01-28_14-43-28_869.jpg 0.0234420364635049 -0.028283503149102728 0.043806163483896016 0.9983644296632771 725.0066896471728 -28.028323059974625 139.95641023145234
IMG_20140521_135313.jpg 0.08165735161410395 0.9377788014666806 0.027339672823299386 0.33638599664225177 -504.97406375045597 -72.19383379373794 -392.4559815918421
2011-12-17_14-27-50_531.jpg 0.04898734993259468 0.6920498032484826 0.02942706451484389 0.7195841557763467 14.868380526382056 -72.6160325520404 -609.0832125908371
IMG_20140521_135120.jpg 0.012580645718497046 0.937112370269015 -0.3293874306501092 0.11474342408963621 -484.58129334336576 414.16687381668964 -328.5316585231409
IMG_20140521_135106.jpg 0.1608487036784422 0.6466394837084094 0.16082832566587554 0.728092935206624 69.98597639161697 -300.92596190094423 -592.0357199782936
IMG_20140520_182921.jpg 0.08256566586666762 0.8859357532813286 -0.033469885602246695 -0.4551708675163778 -576.3164178522054 76.81974948261175 482.66716448304675
2011-10-15_14-27-43_188.jpg 0.1003261862268223 0.5235738443833806 0.1333420038604601 0.8354789020922472 440.65599010920033 -192.7716136137236 -518.2787044517022
IMG_20140521_135059.jpg 0.07896811084281202 0.6358917302006634 0.0711791642975347 0.7644208732774301 114.67854704115912 -147.14626127806264 -641.0531293367266
2011-12-17_14-52-31_163.jpg -0.005778306584100038 -0.2848266158724914 0.11156971758523095 0.9520465367730698 665.4731973055592 41.96011437723675 388.57835641091134
2011-10-13_15-23-55_514.jpg 0.003811889557008749 -0.07614143082377613 0.20328782080707447 0.9761465125285366 723.1713619117286 27.875189077943816 149.14661860304193
2012-01-01_10-59-53_763.jpg 0.041391804598986254 0.5282977770226583 0.03907383404363487 0.8471489909089707 478.88409288094806 -75.60961312699487 -552.8074408315879
IMG_20130210_165353.jpg 0.3404221468268037 0.8101269124314344 0.18517684729712333 0.43990531132192373 -393.01827810500953 -421.26690838212016 -402.1616416345746
2011-10-13_15-25-11_586.jpg 0.1085781373966843 0.7004674965940464 0.1253526444190183 0.694148967320341 -11.847598918236736 -236.43626203617322 -654.1656608489362
2012-01-15_14-14-25_544.jpg 0.04221318853844747 0.337433241777169 0.05617020999370303 0.9387234744941833 527.0103578098787 -73.15815130616322 -356.6602885068688
2011-10-01_14-32-33_19.jpg 0.26957925519182785 0.9020144236404065 -0.11177020757829739 -0.3181264299186539 -585.4262520106215 298.8896138425483 427.18658008677164
IMG_20140520_182746.jpg 0.08109299288679497 0.9926033420615116 -0.000600448940025669 0.09034473584028167 -651.2790539574648 -35.49993684275048 -282.8292808856028
2012-01-28_14-42-54_940.jpg 0.00899037476061849 0.1169519245313 0.009459164729202583 0.9930518338499332 766.9363119146607 -17.79595906985073 -73.70884067689124
2011-10-01_14-34-22_269.jpg -0.028330110032647314 -0.5920112659605341 0.1418852312426113 0.7928358260047127 253.90875322391676 140.17710111902502 670.8215822558028
IMG_20130210_165620.jpg 0.07439762299996829 0.9437853841392692 0.02572829811001656 0.3210485898636047 -508.321487983982 -67.58489791781997 -390.93819674311965
2011-10-01_14-34-35_331.jpg 0.05271943925357962 0.9698689912631804 -0.04773509417612902 -0.23301536707892367 -619.7037049974971 79.50555015492505 354.0332118318988
2011-10-01_14-35-20_347.jpg 0.28879387282979146 0.8735393538544819 0.10642746368836059 0.37709453888425337 -499.30978842980653 -283.38178872313705 -407.64848215785514
2011-10-01_14-35-34_597.jpg -0.03382359419427626 -0.6007197380398888 0.09978489916428387 0.7924864255644022 200.27924363088985 112.05525383303916 653.2932698836768
2011-10-01_14-35-55_354.jpg 0.24094380827798803 0.6759414961467243 0.19886817142905963 0.6674583323563286 -29.76507488211194 -410.5107265117928 -550.1218026719155
2011-10-01_14-36-03_448.jpg 0.20927023121362595 0.8438781265647022 0.058231213186459505 0.4905963754903591 -359.54010350573157 -212.29783094918116 -545.3211322908725
IMG_20130210_165801.jpg 0.04871957437859768 0.3217939809208378 -0.09766647511865838 0.9404978982184831 597.2354427594091 -25.51389395754549 -446.13423904901924
IMG_20130210_165814.jpg 0.09280158060820809 0.6972066461049946 0.06579171471417944 0.7077868390543948 -34.26461241087238 -151.40849807761973 -638.4863542466477
IMG_20130210_165827.jpg 0.01611114409128295 0.42882618724269556 0.034690726026699356 0.9025769140071682 382.940774268688 -47.926595077084556 -538.1260182783828
2012-02-11_15-57-14_674.jpg 0.030248302016013397 0.1594498262401884 0.12337937852423123 0.9789986323239147 712.3977575066685 -27.70721156551875 -50.89309599006643
IMG_20140521_134354.jpg 0.11893132911384666 0.7911188768110249 -0.10415455586797845 -0.590879082554477 -218.3686952596864 227.3772258834395 702.5465267566938
2011-10-01_14-37-23_89.jpg 0.07270211548219772 0.4078450998359604 0.03523745532074385 0.9094696799161186 423.78335180233154 -109.56231017303762 -476.72783317215715
IMG_20130210_165933.jpg 0.04571783223792155 0.680861450464282 0.033680383139967116 0.7302076395647233 -16.64091953903565 -85.724126977168 -699.4780307594879
2012-02-04_14-21-27_210.jpg 0.08019539314196551 0.6618872958553991 0.05895604356727076 0.7429657404153489 226.08637869195834 -136.50698629719398 -645.5327331006101
IMG_20130302_145354.jpg -0.05453540668015722 -0.41192361514404746 0.11696287881295633 0.9020335413301851 340.2128921176112 159.4768952707433 598.3625321411249
IMG_20130302_145455.jpg 0.002997991454147915 0.15615468713027172 0.030827539167915582 0.9872468731595648 716.5080404018646 -6.004092349376089 -110.34333716001946
2011-10-13_14-42-04_627.jpg 0.077949917263617 0.996347546022629 -0.025023982259788358 0.024272994152815464 -710.7688763159999 2.096460166141059 -228.76874745157298
IMG_20130302_145508.jpg 0.054196781468316836 0.6523272118999155 0.03991477593891704 0.7549428641659612 211.2855014938086 -100.66930882112148 -688.1757792365885
IMG_20140521_134547.jpg 0.10868362969791528 0.7486658945901712 -0.10847363639333557 -0.6449191554922151 -71.36360002564115 228.48661003999183 739.9611627250714
IMG_20130302_145519.jpg 0.0070211323316045834 0.10628752586823648 0.0862036365829523 0.9905668067250516 730.9655129527639 -9.552486071657901 -50.80130999495893
IMG_20130302_150016.jpg 0.1636311816003778 0.9844583510793553 0.0013321127268614023 0.06375591638321852 -746.7555939623422 -57.836979775701494 -199.73236941136918
IMG_20140521_134606.jpg -0.028730098346343946 -0.2890433946417785 0.09397155927051272 0.9522593362688734 663.4175326531571 68.7596787585256 383.46981083323664
2011-10-13_14-42-58_635.jpg 0.010839683999881469 0.034771754682783054 0.07744340991092541 0.9963312424030634 762.8286143045156 3.690001194305249 107.17860751471633
IMG_20130302_150032.jpg 0.08835950170567076 0.9796100622597883 -0.02608688733473022 -0.17853906767675573 -765.0189806602181 41.18269418581505 162.70326648833418
2011-10-13_14-43-11_783.jpg 0.07433282960526676 0.4478539000057576 0.0991425544368926 0.8854785534343759 572.1120298597731 -149.55849114355556 -494.8971648419113
2012-02-04_14-23-47_959.jpg 0.03888108354931764 0.23660993331346183 0.10489553023149609 0.9651429575647763 668.8810292197202 -81.69894854236458 -262.44773441002377
IMG_20130302_150051.jpg -0.04365230558074799 -0.4177881727281024 0.07243507694959055 0.9045997339007483 416.865767937316 116.205364641107 663.5521932374133
2011-10-13_14-43-36_947.jpg 0.028533952033036353 0.25489608367792005 0.019519469552102386 0.9663502421045065 732.4789913570488 -47.934383417441445 -251.8278491369041
IMG_20140520_182632.jpg 0.03989585851969534 0.6820756823275734 0.05058154290401639 0.7284384610712156 183.68021956570803 -80.21298628220377 -639.7103858158838
IMG_20140521_134634.jpg -0.06436162425266384 -0.5938605267399834 0.07417587710184076 0.7985519365450446 267.6253780060353 134.46155402697036 695.7836494069926
2011-10-13_14-43-56_197.jpg 0.06553897493709213 0.20717218216245814 0.11990714471098834 0.9687138929268532 746.4829830509835 -113.86494056498356 -188.1117791685873
2011-10-13_14-44-10_424.jpg 0.037986046209222975 0.4288432951293069 0.015559744754601047 0.9024457783485944 578.012111298361 -68.08133123982464 -525.6191890580468
IMG_20140521_135306.jpg 0.045054731162286484 0.4843326668115185 0.07662175768177207 0.8703568494065486 327.9831008224258 -104.91157380151954 -543.8432868507475
IMG_20140520_182651.jpg 0.0345857647272002 0.7060609470272966 0.04362911995476107 0.7059591091933904 150.92222672641196 -71.32200611835478 -663.6123986994777
IMG_20140521_134654.jpg 0.2051524726895782 0.9526681603697299 0.035329367382484454 0.22155738526950633 -695.6388565227943 -107.89349883123877 -263.96716100795425
2011-10-13_14-44-28_463.jpg 0.1017220806749336 0.8641884653264711 -0.09021074198128828 -0.48445117063645027 -498.47736689891707 185.61288875367214 590.2364009960177
IMG_20140520_182733.jpg -0.014811854514444068 -0.13381746737809383 0.10055891347874635 0.9857795896194697 619.8719640919352 69.87744444074656 330.6047196334849
2011-10-13_15-22-43_375.jpg 0.08597976363871418 0.7665528153793653 -0.09174130669661226 -0.629752168812619 -150.311320668673 184.25634511132603 734.5321998627155
IMG_20130210_165337.jpg 0.023890978538155323 0.9085894348779556 -0.012697360318451381 -0.4168131919860391 -448.50204808877567 23.708508797083514 548.857542232356
2012-02-04_14-27-51_236.jpg -0.0052955333390571485 0.874128148093776 -0.014392853475304888 0.4854531736487453 -410.4816012941354 14.211587175213262 -593.5927252328266
IMG_20140521_135000.jpg -0.06560777118332918 -0.5872517012893567 0.0928242934184804 0.801382998474807 215.92993347547537 140.79882898130492 642.891051238768
IMG_20140520_182759.jpg 0.04647143917410255 0.362331881357771 0.11977597526398022 0.9231520616032812 629.6042020177807 -89.82356382934888 -342.30870046744843
IMG_20140521_134740.jpg 0.012145956413668309 0.07934420227267906 0.09555439622642369 0.9921826095383418 714.6543766322466 -42.9342715562156 -150.50797070740256
2011-10-13_15-22-55_274.jpg 0.10456194591818443 0.7260504792634187 0.04833600186054974 0.6779241343626142 -52.86226251038018 -169.8492752112997 -742.0394560117476
IMG_20140521_135007.jpg 0.06815098493877991 0.37942392639046313 0.13487619120210842 0.9127986307949474 479.12988171194473 -164.26195525217824 -466.88127967377784
2011-10-15_14-27-34_559.jpg -0.007155337975250808 -0.15744496869740163 0.10971518731235523 0.9813880275626706 605.1550969255586 67.57341723275285 359.01125547570416
IMG_20140520_182803.jpg 0.03572852575057994 0.7155724945005602 0.04093015868961987 0.6964224290411521 149.91313646220266 -75.42984382321498 -703.0976753942339
IMG_20140521_135018.jpg 0.07897149326561269 0.6653739734179994 0.08068783380257856 0.7379230666035521 63.53703204305477 -160.8939606063639 -665.7373890066242
IMG_20140521_135701.jpg 0.03679815150351676 0.7846319182148018 -0.03121534816291239 -0.6180811039042959 -129.3791931458749 65.29972528554319 752.5957234071377
IMG_20140520_182826.jpg 0.03860512721996421 0.5479572074331497 0.054890345481447514 0.833810285944784 441.36273372385733 -82.06862656017347 -588.9783852180326
2011-10-13_15-23-34_531.jpg -0.002813571080692343 -0.3687129125286474 0.09893825143840707 0.9242586728588085 517.873689554582 59.05842028839463 535.1980139422743
IMG_20140521_135034.jpg 0.16698846597743175 0.6585731522098954 0.155209522532278 0.7171514899476459 44.767217002900345 -305.7804933691159 -601.0596266604919
IMG_20140520_211430.jpg -0.0043121097393577215 -0.05917380956217628 0.10208719942899297 0.9930045667992873 693.7857981968064 54.70380385517563 280.8652935220473
IMG_20140520_182834.jpg 0.12021604728990316 0.9852244201664023 -0.02142150971947116 -0.12009189316147337 -742.0067195717512 11.338138610204563 6.915194403410677
IMG_20140521_134810.jpg 0.08689010834424024 0.9821140339965356 -0.008588237909615964 -0.1668183906785639 -663.7293072991578 32.291995812454104 272.8555107203287
2011-10-13_15-23-45_574.jpg -0.015492303114062779 -0.5493298691845752 0.07426511982517293 0.8321546583077161 254.26585661632876 78.0504537651848 693.3494886213966
